{
	"name": "RestService",
	"type": "Microsoft.Synapse/workspaces/linkedservices",
	"properties": {
		"annotations": [],
		"type": "RestService",
		"typeProperties": {
			"url": "https://fao-schwarz.myshopify.com/",
			"enableServerCertificateValidation": true,
			"authenticationType": "Anonymous",
			"authHeaders": {
				"X-API-Key": {
					"type": "SecureString",
					"value": "**********"
				}
			}
		},
		"connectVia": {
			"referenceName": "AutoResolveIntegrationRuntime",
			"type": "IntegrationRuntimeReference"
		}
	}
}