{
	"name": "DSAzureDB",
	"properties": {
		"linkedServiceName": {
			"referenceName": "AzureSqlDatabase",
			"type": "LinkedServiceReference"
		},
		"parameters": {
			"schemaname": {
				"type": "string"
			},
			"tablename": {
				"type": "string"
			}
		},
		"annotations": [],
		"type": "AzureSqlTable",
		"schema": [],
		"typeProperties": {
			"schema": {
				"value": "@dataset().schemaname",
				"type": "Expression"
			},
			"table": {
				"value": "@dataset().tablename",
				"type": "Expression"
			}
		}
	},
	"type": "Microsoft.Synapse/workspaces/datasets"
}