{
	"name": "GADC_DS",
	"properties": {
		"linkedServiceName": {
			"referenceName": "AzureBlobStorage",
			"type": "LinkedServiceReference"
		},
		"parameters": {
			"directory": {
				"type": "string"
			},
			"File_Name": {
				"type": "string"
			}
		},
		"annotations": [],
		"type": "DelimitedText",
		"typeProperties": {
			"location": {
				"type": "AzureBlobStorageLocation",
				"fileName": {
					"value": "@dataset().File_Name",
					"type": "Expression"
				},
				"folderPath": {
					"value": "@dataset().directory",
					"type": "Expression"
				},
				"container": "root"
			},
			"columnDelimiter": ",",
			"escapeChar": "\\",
			"firstRowAsHeader": true,
			"quoteChar": "\""
		},
		"schema": []
	},
	"type": "Microsoft.Synapse/workspaces/datasets"
}