{
	"name": "Parquet1",
	"properties": {
		"linkedServiceName": {
			"referenceName": "LsStaging",
			"type": "LinkedServiceReference"
		},
		"parameters": {
			"directory": {
				"type": "string"
			}
		},
		"annotations": [],
		"type": "Parquet",
		"typeProperties": {
			"location": {
				"type": "AzureBlobFSLocation",
				"folderPath": {
					"value": "@dataset().directory",
					"type": "Expression"
				},
				"fileSystem": "root"
			},
			"compressionCodec": "snappy"
		},
		"schema": []
	}
}