{
	"name": "ClosedScript",
	"properties": {
		"activities": [
			{
				"name": "CpyClosedScript",
				"type": "Copy",
				"dependsOn": [],
				"policy": {
					"timeout": "7.00:00:00",
					"retry": 0,
					"retryIntervalInSeconds": 30,
					"secureOutput": false,
					"secureInput": false
				},
				"userProperties": [],
				"typeProperties": {
					"source": {
						"type": "OdbcSource",
						"query": "select a.transaction_id,b.transaction_line_id,b.closed_script,a.transaction_type\nfrom  Transactions A join transaction_lines B\non A.transaction_id=B.transaction_id\nwhere a.transaction_type in ('Estimate','Purchase Order') and b.closed_Script is not null",
						"queryTimeout": "02:00:00"
					},
					"sink": {
						"type": "AzureSqlSink",
						"writeBehavior": "insert",
						"sqlWriterUseTableLock": false
					},
					"enableStaging": false,
					"translator": {
						"type": "TabularTranslator",
						"mappings": [
							{
								"source": {
									"name": "transaction_id",
									"type": "Double"
								},
								"sink": {
									"name": "transaction_id",
									"type": "Int32",
									"physicalType": "int"
								}
							},
							{
								"source": {
									"name": "transaction_line_id",
									"type": "Double"
								},
								"sink": {
									"name": "transaction_line_id",
									"type": "Int32",
									"physicalType": "int"
								}
							},
							{
								"source": {
									"name": "closed_script",
									"type": "String"
								},
								"sink": {
									"name": "closed_script",
									"type": "String",
									"physicalType": "varchar"
								}
							},
							{
								"source": {
									"name": "transaction_type",
									"type": "String"
								},
								"sink": {
									"name": "transaction_type",
									"type": "String",
									"physicalType": "varchar"
								}
							}
						],
						"typeConversion": true,
						"typeConversionSettings": {
							"allowDataTruncation": true,
							"treatBooleanAsNumber": false
						}
					}
				},
				"inputs": [
					{
						"referenceName": "DsNetsuite",
						"type": "DatasetReference"
					}
				],
				"outputs": [
					{
						"referenceName": "DSAzureDB",
						"type": "DatasetReference",
						"parameters": {
							"schemaname": "edl",
							"tablename": "ClosedScript"
						}
					}
				]
			}
		],
		"annotations": [],
		"lastPublishTime": "2022-03-23T05:56:55Z"
	},
	"type": "Microsoft.Synapse/workspaces/pipelines"
}