{
	"name": "Pipeline 1",
	"properties": {
		"activities": [
			{
				"name": "ActCopyTxnReleasePo",
				"type": "Copy",
				"state": "Inactive",
				"onInactiveMarkAs": "Succeeded",
				"dependsOn": [],
				"policy": {
					"timeout": "7.00:00:00",
					"retry": 0,
					"retryIntervalInSeconds": 30,
					"secureOutput": false,
					"secureInput": false
				},
				"userProperties": [],
				"typeProperties": {
					"source": {
						"type": "OdbcSource",
						"query": "SELECT \n  BUILTIN.DF(TRANSACTION.entity) AS Name, \n  TRANSACTION.tranid AS sales_order_number, \n  TRANSACTION.otherrefnum AS po_number, \n  BUILTIN.DF(transactionLine.item) AS item_number, \n  transactionLine.custcolgenericdesc AS generic_description, \n  transactionLine.quantity * -1 AS quantity, \n  transactionLine.custcol8 AS case_pack,\n  transactionLine.quantityshiprecv AS quantity_fulfilled, \n  (transactionLine.quantity * -1) - transactionLine.quantityshiprecv AS quantity_open, \n  TRANSACTION.custbody_koerber_load_id AS custbody_koerber_load_id, \n  transactionLine.custcol_requested_ship_date AS requested_ship_date\nFROM \n  TRANSACTION, \n  transactionLine\nWHERE \n  TRANSACTION.ID = transactionLine.TRANSACTION\n  AND (((TRANSACTION.actualshipdate BETWEEN BUILTIN.RELATIVE_RANGES('dago15', 'END', 'DATE') AND BUILTIN.RELATIVE_RANGES('TODAY', 'END', 'DATE') \n   OR TRANSACTION.actualshipdate IS NULL \n   OR transactionLine.closedate BETWEEN BUILTIN.RELATIVE_RANGES('dago15', 'END', 'DATE') AND BUILTIN.RELATIVE_RANGES('TODAY', 'END', 'DATE')) \n   AND TRANSACTION.TYPE IN ('SalesOrd') \n   AND TRANSACTION.custbody_gsi_sent_to_koerber = 'T' \n   AND transactionLine.itemtype IN ('Assembly', 'InvtPart', 'Group', 'Kit') \n   AND NVL(transactionLine.mainline, 'F') = 'F' \n   AND NVL(transactionLine.taxline, 'F') = 'F' \n   AND transactionLine.accountinglinetype IN ('INCOME'))\n      AND (NOT(TRANSACTION.status IN ('SalesOrd:C') ) OR TRANSACTION.status IS NULL) --Line added to remove Cancelled\n\t  )",
						"queryTimeout": "06:46:00"
					},
					"sink": {
						"type": "ParquetSink",
						"storeSettings": {
							"type": "AzureBlobFSWriteSettings"
						},
						"formatSettings": {
							"type": "ParquetWriteSettings"
						}
					},
					"enableStaging": false,
					"translator": {
						"type": "TabularTranslator",
						"typeConversion": true,
						"typeConversionSettings": {
							"allowDataTruncation": true,
							"treatBooleanAsNumber": false
						}
					}
				},
				"inputs": [
					{
						"referenceName": "GADC_Netsuite",
						"type": "DatasetReference"
					}
				],
				"outputs": [
					{
						"referenceName": "DsAdls",
						"type": "DatasetReference",
						"parameters": {
							"directory": "Stage/"
						}
					}
				]
			},
			{
				"name": "ActCopyTxnReleasePo_copy1",
				"type": "Copy",
				"dependsOn": [
					{
						"activity": "ActCopyTxnReleasePo",
						"dependencyConditions": [
							"Succeeded"
						]
					}
				],
				"policy": {
					"timeout": "7.00:00:00",
					"retry": 0,
					"retryIntervalInSeconds": 30,
					"secureOutput": false,
					"secureInput": false
				},
				"userProperties": [],
				"typeProperties": {
					"source": {
						"type": "OdbcSource",
						"query": "SELECT \n  BUILTIN.DF(TRANSACTION.entity) AS Name, \n  TRANSACTION.tranid AS sales_order_number, \n  TRANSACTION.otherrefnum AS po_number, \n  BUILTIN.DF(transactionLine.item) AS item_number, \n  transactionLine.custcolgenericdesc AS generic_description, \n  transactionLine.quantity * -1 AS quantity, \n  transactionLine.custcol8 AS case_pack, \n  transactionLine.quantityshiprecv AS quantity_fulfilled, \n  (transactionLine.quantity * -1) - transactionLine.quantityshiprecv AS quantity_open, \n  TRANSACTION.custbody_koerber_load_id AS custbody_koerber_load_id, \n  transactionLine.custcol_requested_ship_date AS requested_ship_date, \n  transactionLine.rate AS item_rate, \n  transactionLine.netamount * -1 AS total_amount, \n  ((transactionLine.quantity * -1) - transactionLine.quantityshiprecv) * transactionLine.rate AS open_amount, \n  TRANSACTION.startdate AS start_date, \n  TRANSACTION.custbody_sps_date_063 AS latest_delivery_date, \n  TRANSACTION.custbody_sps_date_001 AS cancel_date, \n  replace(BUILTIN.DF(TRANSACTION.shippingaddress),'\\r\\n',' ') AS shipping_address,\n  transactionLine.actualshipdate AS actual_ship_date,\n  BUILTIN.DF(TRANSACTION.status) AS status,\n  transactionLine.closedate AS Date_Closed\nFROM \n  TRANSACTION, \n  transactionLine\nWHERE \n  TRANSACTION.ID = transactionLine.TRANSACTION\n  AND (((TRANSACTION.actualshipdate BETWEEN BUILTIN.RELATIVE_RANGES('dago15', 'END', 'DATE') AND BUILTIN.RELATIVE_RANGES('TODAY', 'END', 'DATE') \n   OR TRANSACTION.actualshipdate IS NULL \n   OR transactionLine.closedate BETWEEN BUILTIN.RELATIVE_RANGES('dago15', 'END', 'DATE') AND BUILTIN.RELATIVE_RANGES('TODAY', 'END', 'DATE')) \n   AND TRANSACTION.TYPE IN ('SalesOrd') \n   AND TRANSACTION.custbody_gsi_sent_to_koerber = 'T' \n   AND transactionLine.itemtype IN ('Assembly', 'InvtPart', 'Group', 'Kit') \n   AND NVL(transactionLine.mainline, 'F') = 'F' \n   AND NVL(transactionLine.taxline, 'F') = 'F' \n   AND transactionLine.accountinglinetype IN ('INCOME'))\n      AND (NOT(TRANSACTION.status IN ('SalesOrd:C') ) OR TRANSACTION.status IS NULL) --Line added to remove Cancelled\n\t  )",
						"queryTimeout": "06:46:00"
					},
					"sink": {
						"type": "ParquetSink",
						"storeSettings": {
							"type": "AzureBlobFSWriteSettings"
						},
						"formatSettings": {
							"type": "ParquetWriteSettings"
						}
					},
					"enableStaging": false,
					"translator": {
						"type": "TabularTranslator",
						"mappings": [
							{
								"source": {
									"name": "Name",
									"type": "String"
								},
								"sink": {
									"name": "Name",
									"type": "String",
									"physicalType": "UTF8"
								}
							},
							{
								"source": {
									"name": "sales_order_number",
									"type": "String"
								},
								"sink": {
									"name": "sales_order_number",
									"type": "String",
									"physicalType": "UTF8"
								}
							},
							{
								"source": {
									"name": "po_number",
									"type": "String"
								},
								"sink": {
									"name": "po_number",
									"type": "String",
									"physicalType": "UTF8"
								}
							},
							{
								"source": {
									"name": "item_number",
									"type": "String"
								},
								"sink": {
									"name": "item_number",
									"type": "String",
									"physicalType": "UTF8"
								}
							},
							{
								"source": {
									"name": "generic_description",
									"type": "String"
								},
								"sink": {
									"name": "generic_description",
									"type": "String",
									"physicalType": "UTF8"
								}
							},
							{
								"source": {
									"name": "quantity",
									"type": "Double"
								},
								"sink": {
									"name": "quantity",
									"type": "Double",
									"physicalType": "DOUBLE"
								}
							},
							{
								"source": {
									"name": "case_pack",
									"type": "Int64"
								},
								"sink": {
									"name": "case_pack",
									"type": "Int64",
									"physicalType": "INT_64"
								}
							},
							{
								"source": {
									"name": "quantity_fulfilled",
									"type": "Double"
								},
								"sink": {
									"name": "quantity_fulfilled",
									"type": "Double",
									"physicalType": "DOUBLE"
								}
							},
							{
								"source": {
									"name": "quantity_open",
									"type": "Double"
								},
								"sink": {
									"name": "quantity_open",
									"type": "Double",
									"physicalType": "DOUBLE"
								}
							},
							{
								"source": {
									"name": "custbody_koerber_load_id",
									"type": "String"
								},
								"sink": {
									"name": "custbody_koerber_load_id",
									"type": "String",
									"physicalType": "UTF8"
								}
							},
							{
								"source": {
									"name": "requested_ship_date",
									"type": "DateTime"
								},
								"sink": {
									"name": "requested_ship_date",
									"type": "DateTime",
									"physicalType": "INT_96"
								}
							},
							{
								"source": {
									"name": "item_rate",
									"type": "Double"
								},
								"sink": {
									"name": "item_rate",
									"type": "Double",
									"physicalType": "DOUBLE"
								}
							},
							{
								"source": {
									"name": "total_amount",
									"type": "Double"
								},
								"sink": {
									"name": "total_amount",
									"type": "Double",
									"physicalType": "DOUBLE"
								}
							},
							{
								"source": {
									"name": "open_amount",
									"type": "Double"
								},
								"sink": {
									"name": "open_amount",
									"type": "Double",
									"physicalType": "DOUBLE"
								}
							},
							{
								"source": {
									"name": "start_date",
									"type": "DateTime"
								},
								"sink": {
									"name": "start_date",
									"type": "DateTime",
									"physicalType": "INT_96"
								}
							},
							{
								"source": {
									"name": "latest_delivery_date",
									"type": "DateTime"
								},
								"sink": {
									"name": "latest_delivery_date",
									"type": "DateTime",
									"physicalType": "INT_96"
								}
							},
							{
								"source": {
									"name": "cancel_date",
									"type": "DateTime"
								},
								"sink": {
									"name": "cancel_date",
									"type": "DateTime",
									"physicalType": "INT_96"
								}
							},
							{
								"source": {
									"name": "shipping_address",
									"type": "String"
								},
								"sink": {
									"name": "shipping_address",
									"type": "String",
									"physicalType": "UTF8"
								}
							},
							{
								"source": {
									"name": "actual_ship_date",
									"type": "DateTime"
								},
								"sink": {
									"name": "actual_ship_date",
									"type": "DateTime",
									"physicalType": "INT_96"
								}
							},
							{
								"source": {
									"name": "status",
									"type": "String"
								},
								"sink": {
									"name": "status",
									"type": "String",
									"physicalType": "UTF8"
								}
							},
							{
								"source": {
									"name": "Date_Closed",
									"type": "DateTime"
								},
								"sink": {
									"name": "Date_Closed",
									"type": "DateTime",
									"physicalType": "INT_96"
								}
							}
						],
						"typeConversion": true,
						"typeConversionSettings": {
							"allowDataTruncation": true,
							"treatBooleanAsNumber": false
						}
					}
				},
				"inputs": [
					{
						"referenceName": "GADC_Netsuite",
						"type": "DatasetReference"
					}
				],
				"outputs": [
					{
						"referenceName": "DsAdls",
						"type": "DatasetReference",
						"parameters": {
							"directory": "Stage/"
						}
					}
				]
			}
		],
		"annotations": [],
		"lastPublishTime": "2023-08-31T07:30:05Z"
	},
	"type": "Microsoft.Synapse/workspaces/pipelines"
}