{
	"name": "Pipeline_release",
	"properties": {
		"activities": [
			{
				"name": "ActCopyTxnReleasePo",
				"type": "Copy",
				"dependsOn": [],
				"policy": {
					"timeout": "7.00:00:00",
					"retry": 0,
					"retryIntervalInSeconds": 30,
					"secureOutput": false,
					"secureInput": false
				},
				"userProperties": [],
				"typeProperties": {
					"source": {
						"type": "OdbcSource",
						"query": "select\nTransactions.TRANSACTION_ID\n,Transaction_Lines.TRANSACTION_LINE_ID\n,Transaction_Lines.MEMO\n,Transaction_Lines.STICKER_REQUIREMENTS\n,Transaction_Lines.INNER_REQUIREMENTS\n,Transaction_Lines.CUSTOMER_REQUIREMENTS\n,'NULL' as SALES_PROGRAM\n,Transactions.buyer_id\n,Transaction_Lines.BUYER_CONFIRMED_ON\n,Transaction_Lines.BUYER_DEPT\n,Transaction_Lines.DEPT__PROGRAM\n,Transaction_Lines.PROGRAM_0\n,Transactions.Cancelled\n,Transaction_Lines.CONFIDENCE_FACTOR_ID\n,Transaction_Lines.Company_id\n,Transaction_Lines.Item_ID\n,Transaction_Lines.final_destination_id\n,Transactions.SALES_REP_ID\n,Transaction_lines.oh_\n,Transaction_Lines.PRICE_STICKER_ID\n,Transaction_Lines.PO\n,Transaction_Lines.RELEASE_ORDER_NUMBER\n,Transaction_Lines.CNTNR_\n,Transaction_Lines.ETD_SHIP_DATE\n,Transaction_Lines.SHIP_DATE_OUTBOUND\n,Transaction_Lines.CANCEL_DATE_OUTBOUND\n,Transactions.EXPIRATION_DATE\n,0 as ITEM_COUNT\n,Transaction_Lines.INNER_QTY\n,Transaction_Lines.ITEM_COUNT as release_quantity\n,Transaction_Lines.ITEM_UNIT_PRICE\n,Transaction_Lines.AMOUNT\n,transaction_lines.quantity_received_in_shipment\n,Transaction_Lines.ETA_ARRIVAL_DATE\n,Transactions.Create_date\n,Transaction_Lines.date_created\n,Transaction_Lines.date_last_modified_gmt\n,Transaction_Lines.closed_script\nfrom Transaction_Lines join Transactions on\nTransaction_Lines.transaction_id=Transactions.transaction_id and transaction_type='Purchase Order'\nwhere oh_ is not null and release_order_number is not null",
						"queryTimeout": "06:46:00"
					},
					"sink": {
						"type": "ParquetSink",
						"storeSettings": {
							"type": "AzureBlobFSWriteSettings"
						},
						"formatSettings": {
							"type": "ParquetWriteSettings"
						}
					},
					"enableStaging": false,
					"translator": {
						"type": "TabularTranslator",
						"typeConversion": true,
						"typeConversionSettings": {
							"allowDataTruncation": true,
							"treatBooleanAsNumber": false
						}
					}
				},
				"inputs": [
					{
						"referenceName": "DsNetsuite",
						"type": "DatasetReference"
					}
				],
				"outputs": [
					{
						"referenceName": "Parquet1",
						"type": "DatasetReference",
						"parameters": {
							"directory": "Stage/Live/TransactionReleasePo/"
						}
					}
				]
			}
		],
		"annotations": []
	}
}