{
	"name": "PlAllocation",
	"properties": {
		"activities": [
			{
				"name": "ReleasePoMerge",
				"type": "SqlServerStoredProcedure",
				"dependsOn": [],
				"policy": {
					"timeout": "7.00:00:00",
					"retry": 0,
					"retryIntervalInSeconds": 30,
					"secureOutput": false,
					"secureInput": false
				},
				"userProperties": [],
				"typeProperties": {
					"storedProcedureName": "[dw].[Ft_ReleasePo_Merge_Procedure]"
				},
				"linkedServiceName": {
					"referenceName": "AzureSqlDatabase",
					"type": "LinkedServiceReference"
				}
			},
			{
				"name": "EstimateReleaseCombo",
				"type": "SqlServerStoredProcedure",
				"dependsOn": [
					{
						"activity": "ReleasePoMerge",
						"dependencyConditions": [
							"Succeeded"
						]
					}
				],
				"policy": {
					"timeout": "7.00:00:00",
					"retry": 0,
					"retryIntervalInSeconds": 30,
					"secureOutput": false,
					"secureInput": false
				},
				"userProperties": [],
				"typeProperties": {
					"storedProcedureName": "[dw].[Ft_EstimateRelease_Combo_Procedure]"
				},
				"linkedServiceName": {
					"referenceName": "AzureSqlDatabase",
					"type": "LinkedServiceReference"
				}
			}
		],
		"annotations": [],
		"lastPublishTime": "2022-03-02T04:41:10Z"
	},
	"type": "Microsoft.Synapse/workspaces/pipelines"
}