{
	"name": "PlCopyAdls",
	"properties": {
		"activities": [
			{
				"name": "ActCopyAdlsCustomers",
				"type": "Copy",
				"dependsOn": [],
				"policy": {
					"timeout": "7.00:00:00",
					"retry": 0,
					"retryIntervalInSeconds": 30,
					"secureOutput": false,
					"secureInput": false
				},
				"userProperties": [],
				"typeProperties": {
					"source": {
						"type": "OdbcSource",
						"query": "SELECT Customer_ID,CompanyName,create_Date,date_last_modified FROM CUSTOMERS",
						"queryTimeout": "02:00:00"
					},
					"sink": {
						"type": "ParquetSink",
						"storeSettings": {
							"type": "AzureBlobFSWriteSettings"
						},
						"formatSettings": {
							"type": "ParquetWriteSettings"
						}
					},
					"enableStaging": false,
					"translator": {
						"type": "TabularTranslator",
						"typeConversion": true,
						"typeConversionSettings": {
							"allowDataTruncation": true,
							"treatBooleanAsNumber": false
						}
					}
				},
				"inputs": [
					{
						"referenceName": "DsNetsuite",
						"type": "DatasetReference"
					}
				],
				"outputs": [
					{
						"referenceName": "DsAdls",
						"type": "DatasetReference",
						"parameters": {
							"directory": "Stage/Live/customers"
						}
					}
				]
			},
			{
				"name": "ActCopyLocations",
				"type": "Copy",
				"dependsOn": [],
				"policy": {
					"timeout": "7.00:00:00",
					"retry": 0,
					"retryIntervalInSeconds": 30,
					"secureOutput": false,
					"secureInput": false
				},
				"userProperties": [],
				"typeProperties": {
					"source": {
						"type": "OdbcSource",
						"query": "select Location_ID,Name, city,country,state,zipcode,Date_Last_Modified from Locations",
						"queryTimeout": "02:00:00"
					},
					"sink": {
						"type": "ParquetSink",
						"storeSettings": {
							"type": "AzureBlobFSWriteSettings"
						},
						"formatSettings": {
							"type": "ParquetWriteSettings"
						}
					},
					"enableStaging": false,
					"translator": {
						"type": "TabularTranslator",
						"typeConversion": true,
						"typeConversionSettings": {
							"allowDataTruncation": true,
							"treatBooleanAsNumber": false
						}
					}
				},
				"inputs": [
					{
						"referenceName": "DsNetsuite",
						"type": "DatasetReference"
					}
				],
				"outputs": [
					{
						"referenceName": "DsAdls",
						"type": "DatasetReference",
						"parameters": {
							"directory": "Stage/Live/Locations/"
						}
					}
				]
			},
			{
				"name": "ActCopySalesReps",
				"type": "Copy",
				"dependsOn": [],
				"policy": {
					"timeout": "7.00:00:00",
					"retry": 0,
					"retryIntervalInSeconds": 30,
					"secureOutput": false,
					"secureInput": false
				},
				"userProperties": [],
				"typeProperties": {
					"source": {
						"type": "OdbcSource",
						"query": "select Sales_Rep_ID, full_name,Address,City,Country,Email,loginaccess,Phone, create_Date,\ndate_last_modified from SALES_REPS",
						"queryTimeout": "02:00:00"
					},
					"sink": {
						"type": "ParquetSink",
						"storeSettings": {
							"type": "AzureBlobFSWriteSettings"
						},
						"formatSettings": {
							"type": "ParquetWriteSettings"
						}
					},
					"enableStaging": false,
					"translator": {
						"type": "TabularTranslator",
						"typeConversion": true,
						"typeConversionSettings": {
							"allowDataTruncation": true,
							"treatBooleanAsNumber": false
						}
					}
				},
				"inputs": [
					{
						"referenceName": "DsNetsuite",
						"type": "DatasetReference"
					}
				],
				"outputs": [
					{
						"referenceName": "DsAdls",
						"type": "DatasetReference",
						"parameters": {
							"directory": "Stage/Live/SalesReps/"
						}
					}
				]
			},
			{
				"name": "ActCopyPurchaseOrder",
				"type": "Copy",
				"dependsOn": [],
				"policy": {
					"timeout": "7.00:00:00",
					"retry": 0,
					"retryIntervalInSeconds": 30,
					"secureOutput": false,
					"secureInput": false
				},
				"userProperties": [],
				"typeProperties": {
					"source": {
						"type": "OdbcSource",
						"query": "select release_order_number, sum(quantity_received_in_shipment) as quantity_received_in_shipment\nfrom transaction_lines  join transactions  on\ntransaction_lines.transaction_id=transactions.transaction_id and transaction_type='Purchase Order' \ngroup by release_order_number",
						"queryTimeout": "02:00:00"
					},
					"sink": {
						"type": "ParquetSink",
						"storeSettings": {
							"type": "AzureBlobFSWriteSettings"
						},
						"formatSettings": {
							"type": "ParquetWriteSettings"
						}
					},
					"enableStaging": false,
					"translator": {
						"type": "TabularTranslator",
						"typeConversion": true,
						"typeConversionSettings": {
							"allowDataTruncation": true,
							"treatBooleanAsNumber": false
						}
					}
				},
				"inputs": [
					{
						"referenceName": "DsNetsuite",
						"type": "DatasetReference"
					}
				],
				"outputs": [
					{
						"referenceName": "DsAdls",
						"type": "DatasetReference",
						"parameters": {
							"directory": "Stage/Live/PurchaseOrder/"
						}
					}
				]
			},
			{
				"name": "ActCopyTxnAndTransactionLines",
				"type": "Copy",
				"dependsOn": [],
				"policy": {
					"timeout": "7.00:00:00",
					"retry": 0,
					"retryIntervalInSeconds": 30,
					"secureOutput": false,
					"secureInput": false
				},
				"userProperties": [],
				"typeProperties": {
					"source": {
						"type": "OdbcSource",
						"query": "\nselect\nTransactions.TRANSACTION_ID\n,Transaction_Lines.TRANSACTION_LINE_ID\n,Transaction_Lines.MEMO\n,Transaction_Lines.STICKER_REQUIREMENTS\n,Transaction_Lines.INNER_REQUIREMENTS\n,Transaction_Lines.CUSTOMER_REQUIREMENTS\n,Transaction_Lines.SALES_PROGRAM\n,Transactions.buyer_id\n,Transaction_Lines.BUYER_CONFIRMED_ON\n,Transaction_Lines.BUYER_DEPT\n,Transaction_Lines.DEPT__PROGRAM\n,Transaction_Lines.PROGRAM_0\n,Transactions.Cancelled\n,Transaction_Lines.CONFIDENCE_FACTOR_ID\n,Transaction_Lines.Company_id\n,Transaction_Lines.Item_ID\n,Transaction_Lines.Location_ID\n,Transactions.SALES_REP_ID\n,Transactions.TRANID\n,Transaction_Lines.PRICE_STICKER_ID\n,Transaction_Lines.PO\n,Transaction_Lines.RELEASE_ORDER_NUMBER\n,Transaction_Lines.CNTNR_\n,Transaction_Lines.ETD_SHIP_DATE\n,Transaction_Lines.SHIP_DATE_OUTBOUND\n,Transaction_Lines.CANCEL_DATE_OUTBOUND\n,Transactions.EXPIRATION_DATE\n,Transaction_Lines.ITEM_COUNT\n,Transaction_Lines.INNER_QTY\n,Transaction_Lines.RELEASE_QUANTITY\n,Transaction_Lines.ITEM_UNIT_PRICE\n,Transaction_Lines.AMOUNT\n,Transaction_Lines.ETA_ARRIVAL_DATE\n,Transactions.Create_date\n,Transaction_Lines.date_created\n,Transaction_Lines.date_last_modified_gmt\nfrom\nTransaction_Lines join Transactions on\nTransaction_Lines.transaction_id=Transactions.transaction_id and transaction_type='Estimate'",
						"queryTimeout": "06:46:00"
					},
					"sink": {
						"type": "ParquetSink",
						"storeSettings": {
							"type": "AzureBlobFSWriteSettings"
						},
						"formatSettings": {
							"type": "ParquetWriteSettings"
						}
					},
					"enableStaging": false,
					"translator": {
						"type": "TabularTranslator",
						"typeConversion": true,
						"typeConversionSettings": {
							"allowDataTruncation": true,
							"treatBooleanAsNumber": false
						}
					}
				},
				"inputs": [
					{
						"referenceName": "DsNetsuite",
						"type": "DatasetReference"
					}
				],
				"outputs": [
					{
						"referenceName": "DsAdls",
						"type": "DatasetReference",
						"parameters": {
							"directory": "Stage/Live/TransactionAndTransactionLine/"
						}
					}
				]
			}
		],
		"annotations": [],
		"lastPublishTime": "2022-02-03T05:51:25Z"
	},
	"type": "Microsoft.Synapse/workspaces/pipelines"
}