{
	"name": "PlDimLocations",
	"properties": {
		"activities": [
			{
				"name": "DfSrcToDlLocations",
				"type": "ExecuteDataFlow",
				"dependsOn": [
					{
						"activity": "ActCopyAdlsLocations",
						"dependencyConditions": [
							"Succeeded"
						]
					}
				],
				"policy": {
					"timeout": "1.00:00:00",
					"retry": 0,
					"retryIntervalInSeconds": 30,
					"secureOutput": false,
					"secureInput": false
				},
				"userProperties": [],
				"typeProperties": {
					"dataflow": {
						"referenceName": "DfAdlsToEdlLocations",
						"type": "DataFlowReference",
						"datasetParameters": {
							"SrcLocations": {
								"directory": "Stage/Live/Locations/"
							}
						}
					},
					"staging": {
						"linkedService": {
							"referenceName": "LsStaging",
							"type": "LinkedServiceReference"
						},
						"folderPath": "tempcontainer/dfstagingtemp"
					},
					"integrationRuntime": {
						"referenceName": "IntegrationRuntimeazure",
						"type": "IntegrationRuntimeReference"
					},
					"traceLevel": "Fine"
				}
			},
			{
				"name": "DfDlToStgLocations",
				"type": "ExecuteDataFlow",
				"dependsOn": [
					{
						"activity": "DfSrcToDlLocations",
						"dependencyConditions": [
							"Succeeded"
						]
					}
				],
				"policy": {
					"timeout": "1.00:00:00",
					"retry": 0,
					"retryIntervalInSeconds": 30,
					"secureOutput": false,
					"secureInput": false
				},
				"userProperties": [],
				"typeProperties": {
					"dataflow": {
						"referenceName": "DfEdlToStgLocations",
						"type": "DataFlowReference"
					},
					"staging": {
						"linkedService": {
							"referenceName": "LsStaging",
							"type": "LinkedServiceReference"
						},
						"folderPath": "tempcontainer/dfstagingtemp"
					},
					"integrationRuntime": {
						"referenceName": "IntegrationRuntimeazure",
						"type": "IntegrationRuntimeReference"
					},
					"traceLevel": "Fine"
				}
			},
			{
				"name": "StgToLtLocations",
				"type": "ExecuteDataFlow",
				"dependsOn": [
					{
						"activity": "DfDlToStgLocations",
						"dependencyConditions": [
							"Succeeded"
						]
					}
				],
				"policy": {
					"timeout": "1.00:00:00",
					"retry": 0,
					"retryIntervalInSeconds": 30,
					"secureOutput": false,
					"secureInput": false
				},
				"userProperties": [],
				"typeProperties": {
					"dataflow": {
						"referenceName": "DfStgToDmLocations",
						"type": "DataFlowReference"
					},
					"staging": {
						"linkedService": {
							"referenceName": "LsStaging",
							"type": "LinkedServiceReference"
						},
						"folderPath": "tempcontainer/dfstagingtemp"
					},
					"integrationRuntime": {
						"referenceName": "IntegrationRuntimeazure",
						"type": "IntegrationRuntimeReference"
					},
					"traceLevel": "Fine"
				}
			},
			{
				"name": "ActCopyAdlsLocations",
				"type": "Copy",
				"dependsOn": [],
				"policy": {
					"timeout": "7.00:00:00",
					"retry": 0,
					"retryIntervalInSeconds": 30,
					"secureOutput": false,
					"secureInput": false
				},
				"userProperties": [],
				"typeProperties": {
					"source": {
						"type": "OdbcSource",
						"query": "select Location_ID,Name, city,country,state,zipcode,Date_Last_Modified from Locations",
						"queryTimeout": "02:00:00"
					},
					"sink": {
						"type": "ParquetSink",
						"storeSettings": {
							"type": "AzureBlobFSWriteSettings"
						},
						"formatSettings": {
							"type": "ParquetWriteSettings"
						}
					},
					"enableStaging": false,
					"translator": {
						"type": "TabularTranslator",
						"typeConversion": true,
						"typeConversionSettings": {
							"allowDataTruncation": true,
							"treatBooleanAsNumber": false
						}
					}
				},
				"inputs": [
					{
						"referenceName": "DsNetsuite",
						"type": "DatasetReference"
					}
				],
				"outputs": [
					{
						"referenceName": "DsAdls",
						"type": "DatasetReference",
						"parameters": {
							"directory": "Stage/Live/Locations/"
						}
					}
				]
			}
		],
		"annotations": [],
		"lastPublishTime": "2022-04-01T05:33:07Z"
	},
	"type": "Microsoft.Synapse/workspaces/pipelines"
}