{
	"name": "PlDimCustomer",
	"properties": {
		"activities": [
			{
				"name": "DfstgToLTCustomers",
				"type": "ExecuteDataFlow",
				"dependsOn": [
					{
						"activity": "DfEdlToStgCustomer",
						"dependencyConditions": [
							"Succeeded"
						]
					}
				],
				"policy": {
					"timeout": "1.00:00:00",
					"retry": 0,
					"retryIntervalInSeconds": 30,
					"secureOutput": false,
					"secureInput": false
				},
				"userProperties": [],
				"typeProperties": {
					"dataflow": {
						"referenceName": "DfStgToDmCustomers",
						"type": "DataFlowReference"
					},
					"staging": {
						"linkedService": {
							"referenceName": "LsStaging",
							"type": "LinkedServiceReference"
						},
						"folderPath": "tempcontainer/dfstagingtemp"
					},
					"integrationRuntime": {
						"referenceName": "IntegrationRuntimeazure",
						"type": "IntegrationRuntimeReference"
					},
					"traceLevel": "Fine"
				}
			},
			{
				"name": "DfAdlsToEDLCustomers",
				"type": "ExecuteDataFlow",
				"dependsOn": [
					{
						"activity": "ActCopyAdlsCustomers",
						"dependencyConditions": [
							"Succeeded"
						]
					}
				],
				"policy": {
					"timeout": "1.00:00:00",
					"retry": 0,
					"retryIntervalInSeconds": 30,
					"secureOutput": false,
					"secureInput": false
				},
				"userProperties": [],
				"typeProperties": {
					"dataflow": {
						"referenceName": "DfAdlsToEdlCustomers",
						"type": "DataFlowReference",
						"datasetParameters": {
							"SrcTempCustomers": {
								"directory": "Stage/Live/customers/"
							}
						}
					},
					"staging": {
						"linkedService": {
							"referenceName": "LsStaging",
							"type": "LinkedServiceReference"
						},
						"folderPath": "tempcontainer/dfstagingtemp"
					},
					"integrationRuntime": {
						"referenceName": "IntegrationRuntimeazure",
						"type": "IntegrationRuntimeReference"
					},
					"traceLevel": "Fine"
				}
			},
			{
				"name": "ActCopyAdlsCustomers",
				"type": "Copy",
				"dependsOn": [],
				"policy": {
					"timeout": "7.00:00:00",
					"retry": 0,
					"retryIntervalInSeconds": 30,
					"secureOutput": false,
					"secureInput": false
				},
				"userProperties": [],
				"typeProperties": {
					"source": {
						"type": "OdbcSource",
						"query": "select Customer_ID,CompanyName,create_Date,date_last_modified from customers ",
						"queryTimeout": "02:00:00"
					},
					"sink": {
						"type": "ParquetSink",
						"storeSettings": {
							"type": "AzureBlobFSWriteSettings"
						},
						"formatSettings": {
							"type": "ParquetWriteSettings"
						}
					},
					"enableStaging": false,
					"translator": {
						"type": "TabularTranslator",
						"typeConversion": true,
						"typeConversionSettings": {
							"allowDataTruncation": true,
							"treatBooleanAsNumber": false
						}
					}
				},
				"inputs": [
					{
						"referenceName": "DsNetsuite",
						"type": "DatasetReference"
					}
				],
				"outputs": [
					{
						"referenceName": "DsAdls",
						"type": "DatasetReference",
						"parameters": {
							"directory": "Stage/Live/customers"
						}
					}
				]
			},
			{
				"name": "DfEdlToStgCustomer",
				"type": "ExecuteDataFlow",
				"dependsOn": [
					{
						"activity": "DfAdlsToEDLCustomers",
						"dependencyConditions": [
							"Succeeded"
						]
					}
				],
				"policy": {
					"timeout": "1.00:00:00",
					"retry": 0,
					"retryIntervalInSeconds": 30,
					"secureOutput": false,
					"secureInput": false
				},
				"userProperties": [],
				"typeProperties": {
					"dataflow": {
						"referenceName": "DfEdlToStgCustomers",
						"type": "DataFlowReference"
					},
					"staging": {
						"linkedService": {
							"referenceName": "LsStaging",
							"type": "LinkedServiceReference"
						},
						"folderPath": "tempcontainer/dfstagingtemp"
					},
					"integrationRuntime": {
						"referenceName": "IntegrationRuntimeazure",
						"type": "IntegrationRuntimeReference"
					},
					"traceLevel": "Fine"
				}
			}
		],
		"annotations": [],
		"lastPublishTime": "2022-04-01T05:33:03Z"
	},
	"type": "Microsoft.Synapse/workspaces/pipelines"
}