{
	"name": "PlDimLoad",
	"properties": {
		"activities": [
			{
				"name": "ExecDimCustomer",
				"type": "ExecutePipeline",
				"dependsOn": [
					{
						"activity": "Delete",
						"dependencyConditions": [
							"Succeeded"
						]
					}
				],
				"userProperties": [],
				"typeProperties": {
					"pipeline": {
						"referenceName": "PlDimCustomer",
						"type": "PipelineReference"
					},
					"waitOnCompletion": true
				}
			},
			{
				"name": "ExecDimProduct",
				"type": "ExecutePipeline",
				"dependsOn": [
					{
						"activity": "ExecDimCustomer",
						"dependencyConditions": [
							"Succeeded"
						]
					}
				],
				"userProperties": [],
				"typeProperties": {
					"pipeline": {
						"referenceName": "PlDimProduct",
						"type": "PipelineReference"
					},
					"waitOnCompletion": true
				}
			},
			{
				"name": "ExecDimLocations",
				"type": "ExecutePipeline",
				"dependsOn": [
					{
						"activity": "ExecDimProduct",
						"dependencyConditions": [
							"Succeeded"
						]
					}
				],
				"userProperties": [],
				"typeProperties": {
					"pipeline": {
						"referenceName": "PlDimLocations",
						"type": "PipelineReference"
					},
					"waitOnCompletion": true
				}
			},
			{
				"name": "ExecDimSalesReps",
				"type": "ExecutePipeline",
				"dependsOn": [
					{
						"activity": "ExecDimLocations",
						"dependencyConditions": [
							"Succeeded"
						]
					}
				],
				"userProperties": [],
				"typeProperties": {
					"pipeline": {
						"referenceName": "PlDimSaleReps",
						"type": "PipelineReference"
					},
					"waitOnCompletion": true
				}
			},
			{
				"name": "Delete",
				"type": "Delete",
				"dependsOn": [],
				"policy": {
					"timeout": "0.12:00:00",
					"retry": 0,
					"retryIntervalInSeconds": 30,
					"secureOutput": false,
					"secureInput": false
				},
				"userProperties": [],
				"typeProperties": {
					"dataset": {
						"referenceName": "DsAdls",
						"type": "DatasetReference",
						"parameters": {
							"directory": "Stage/Live"
						}
					},
					"enableLogging": false,
					"storeSettings": {
						"type": "AzureBlobFSReadSettings",
						"recursive": true,
						"enablePartitionDiscovery": false
					}
				}
			}
		],
		"annotations": [],
		"lastPublishTime": "2023-05-23T11:22:41Z"
	},
	"type": "Microsoft.Synapse/workspaces/pipelines"
}