{
	"name": "PlDimProduct",
	"properties": {
		"activities": [
			{
				"name": "DfAdlsToEdlProduct",
				"type": "ExecuteDataFlow",
				"dependsOn": [
					{
						"activity": "PlCopySrcToAdlsProduct",
						"dependencyConditions": [
							"Succeeded"
						]
					}
				],
				"policy": {
					"timeout": "1.00:00:00",
					"retry": 0,
					"retryIntervalInSeconds": 30,
					"secureOutput": false,
					"secureInput": false
				},
				"userProperties": [],
				"typeProperties": {
					"dataflow": {
						"referenceName": "DfAdlsToEdlProduct",
						"type": "DataFlowReference",
						"datasetParameters": {
							"SrcProduct": {
								"directory": "Stage/Live/Items/"
							},
							"SrcAccMgr": {
								"directory": "Stage/Live/AccountManager/"
							},
							"SrcBrandName": {
								"directory": "Stage/Live/BrandName/"
							},
							"SrcBrandManager": {
								"directory": "Stage/Live/BrandManager/"
							},
							"SrcItemStatus": {
								"directory": "Stage/Live/ItemStatus/"
							},
							"SrcItemTypeList": {
								"directory": "Stage/Live/ItemTypeList/"
							},
							"SrcFactoryName": {
								"directory": "Stage/Live/FactoryName/"
							},
							"SrcProductManagerList": {
								"directory": "Stage/Live/ProductManagerList/"
							}
						}
					},
					"staging": {
						"linkedService": {
							"referenceName": "LsStaging",
							"type": "LinkedServiceReference"
						},
						"folderPath": "tempcontainer/dfstagingtemp"
					},
					"integrationRuntime": {
						"referenceName": "IntegrationRuntimeazure",
						"type": "IntegrationRuntimeReference"
					},
					"traceLevel": "Fine"
				}
			},
			{
				"name": "DfEdlToStgProduct",
				"type": "ExecuteDataFlow",
				"dependsOn": [
					{
						"activity": "DfAdlsToEdlProduct",
						"dependencyConditions": [
							"Succeeded"
						]
					}
				],
				"policy": {
					"timeout": "1.00:00:00",
					"retry": 0,
					"retryIntervalInSeconds": 30,
					"secureOutput": false,
					"secureInput": false
				},
				"userProperties": [],
				"typeProperties": {
					"dataflow": {
						"referenceName": "DfEdlToStgProduct",
						"type": "DataFlowReference"
					},
					"staging": {
						"linkedService": {
							"referenceName": "LsStaging",
							"type": "LinkedServiceReference"
						},
						"folderPath": "tempcontainer/dfstagingtemp"
					},
					"integrationRuntime": {
						"referenceName": "IntegrationRuntimeazure",
						"type": "IntegrationRuntimeReference"
					},
					"traceLevel": "Fine"
				}
			},
			{
				"name": "DfStgToDmProduct",
				"type": "ExecuteDataFlow",
				"dependsOn": [
					{
						"activity": "DfEdlToStgProduct",
						"dependencyConditions": [
							"Succeeded"
						]
					}
				],
				"policy": {
					"timeout": "1.00:00:00",
					"retry": 0,
					"retryIntervalInSeconds": 30,
					"secureOutput": false,
					"secureInput": false
				},
				"userProperties": [],
				"typeProperties": {
					"dataflow": {
						"referenceName": "DfStgToDmProduct",
						"type": "DataFlowReference"
					},
					"staging": {
						"linkedService": {
							"referenceName": "LsStaging",
							"type": "LinkedServiceReference"
						},
						"folderPath": "tempcontainer/dfstagingtemp"
					},
					"integrationRuntime": {
						"referenceName": "IntegrationRuntimeazure",
						"type": "IntegrationRuntimeReference"
					},
					"traceLevel": "Fine"
				}
			},
			{
				"name": "PlCopySrcToAdlsProduct",
				"type": "ExecutePipeline",
				"dependsOn": [],
				"userProperties": [],
				"typeProperties": {
					"pipeline": {
						"referenceName": "PlCopySrcToAdlsProduct",
						"type": "PipelineReference"
					},
					"waitOnCompletion": true
				}
			}
		],
		"annotations": [],
		"lastPublishTime": "2022-04-01T05:33:10Z"
	},
	"type": "Microsoft.Synapse/workspaces/pipelines"
}