{
	"name": "PlEventTigger",
	"properties": {
		"activities": [
			{
				"name": "Copy data1",
				"type": "Copy",
				"dependsOn": [],
				"policy": {
					"timeout": "7.00:00:00",
					"retry": 0,
					"retryIntervalInSeconds": 30,
					"secureOutput": false,
					"secureInput": false
				},
				"userProperties": [],
				"typeProperties": {
					"source": {
						"type": "AzureSqlSource",
						"queryTimeout": "02:00:00",
						"partitionOption": "None"
					},
					"sink": {
						"type": "ParquetSink",
						"storeSettings": {
							"type": "AzureBlobFSWriteSettings"
						},
						"formatSettings": {
							"type": "ParquetWriteSettings"
						}
					},
					"enableStaging": false,
					"translator": {
						"type": "TabularTranslator",
						"mappings": [
							{
								"source": {
									"name": "Sales_Rep_key",
									"type": "Int32",
									"physicalType": "int"
								},
								"sink": {
									"name": "Sales_Rep_key",
									"type": "Int32",
									"physicalType": "INT_32"
								}
							},
							{
								"source": {
									"name": "Sales_Rep_Id",
									"type": "Int32",
									"physicalType": "int"
								},
								"sink": {
									"name": "Sales_Rep_Id",
									"type": "Int32",
									"physicalType": "INT_32"
								}
							},
							{
								"source": {
									"name": "Sales_Rep_Name",
									"type": "String",
									"physicalType": "varchar"
								},
								"sink": {
									"name": "Sales_Rep_Name",
									"type": "String",
									"physicalType": "UTF8"
								}
							},
							{
								"source": {
									"name": "Sales_Rep_Address",
									"type": "String",
									"physicalType": "varchar"
								},
								"sink": {
									"name": "Sales_Rep_Address",
									"type": "String",
									"physicalType": "UTF8"
								}
							},
							{
								"source": {
									"name": "Sales_Rep_City",
									"type": "String",
									"physicalType": "varchar"
								},
								"sink": {
									"name": "Sales_Rep_City",
									"type": "String",
									"physicalType": "UTF8"
								}
							},
							{
								"source": {
									"name": "Sales_Rep_Country",
									"type": "String",
									"physicalType": "varchar"
								},
								"sink": {
									"name": "Sales_Rep_Country",
									"type": "String",
									"physicalType": "UTF8"
								}
							},
							{
								"source": {
									"name": "Sales_Rep_Email",
									"type": "String",
									"physicalType": "varchar"
								},
								"sink": {
									"name": "Sales_Rep_Email",
									"type": "String",
									"physicalType": "UTF8"
								}
							},
							{
								"source": {
									"name": "Sales_Rep_Loginaccess",
									"type": "String",
									"physicalType": "varchar"
								},
								"sink": {
									"name": "Sales_Rep_Loginaccess",
									"type": "String",
									"physicalType": "UTF8"
								}
							},
							{
								"source": {
									"name": "Sales_Rep_Phone",
									"type": "String",
									"physicalType": "varchar"
								},
								"sink": {
									"name": "Sales_Rep_Phone",
									"type": "String",
									"physicalType": "UTF8"
								}
							},
							{
								"source": {
									"name": "Create_Date",
									"type": "DateTime",
									"physicalType": "datetime"
								},
								"sink": {
									"name": "Create_Date",
									"type": "DateTime",
									"physicalType": "INT_96"
								}
							},
							{
								"source": {
									"name": "Date_Last_Modified",
									"type": "DateTime",
									"physicalType": "datetime"
								},
								"sink": {
									"name": "Date_Last_Modified",
									"type": "DateTime",
									"physicalType": "INT_96"
								}
							},
							{
								"source": {
									"name": "Delete_Flg",
									"type": "String",
									"physicalType": "varchar"
								},
								"sink": {
									"name": "Delete_Flg",
									"type": "String",
									"physicalType": "UTF8"
								}
							},
							{
								"source": {
									"name": "Created_By",
									"type": "String",
									"physicalType": "varchar"
								},
								"sink": {
									"name": "Created_By",
									"type": "String",
									"physicalType": "UTF8"
								}
							},
							{
								"source": {
									"name": "Created_Timestamp",
									"type": "DateTime",
									"physicalType": "datetime"
								},
								"sink": {
									"name": "Created_Timestamp",
									"type": "DateTime",
									"physicalType": "INT_96"
								}
							},
							{
								"source": {
									"name": "Last_Updated_By",
									"type": "String",
									"physicalType": "varchar"
								},
								"sink": {
									"name": "Last_Updated_By",
									"type": "String",
									"physicalType": "UTF8"
								}
							},
							{
								"source": {
									"name": "Last_Update_Timestamp",
									"type": "DateTime",
									"physicalType": "datetime"
								},
								"sink": {
									"name": "Last_Update_Timestamp",
									"type": "DateTime",
									"physicalType": "INT_96"
								}
							}
						],
						"typeConversion": true,
						"typeConversionSettings": {
							"allowDataTruncation": true,
							"treatBooleanAsNumber": false
						}
					}
				},
				"inputs": [
					{
						"referenceName": "DSAzureDB",
						"type": "DatasetReference",
						"parameters": {
							"schemaname": "dw",
							"tablename": "Dm_Salesrep"
						}
					}
				],
				"outputs": [
					{
						"referenceName": "DsAdls",
						"type": "DatasetReference",
						"parameters": {
							"directory": "root / Stage / Live / test"
						}
					}
				]
			}
		],
		"annotations": [],
		"lastPublishTime": "2022-02-14T05:51:36Z"
	},
	"type": "Microsoft.Synapse/workspaces/pipelines"
}