{
	"name": "PlFtEstimate_copy",
	"properties": {
		"activities": [
			{
				"name": "DfEdlEstimate",
				"type": "ExecuteDataFlow",
				"dependsOn": [
					{
						"activity": "ActCopyPurchaseOrder",
						"dependencyConditions": [
							"Succeeded"
						]
					}
				],
				"policy": {
					"timeout": "1.00:00:00",
					"retry": 0,
					"retryIntervalInSeconds": 30,
					"secureOutput": false,
					"secureInput": false
				},
				"userProperties": [],
				"typeProperties": {
					"dataflow": {
						"referenceName": "DfAdlsToEdlEstimate",
						"type": "DataFlowReference",
						"datasetParameters": {
							"SrcTransactionAndTransactionLine": {
								"directory": "Stage/Live/TransactionAndTransactionLine/"
							},
							"SrcPurchaseOrder": {
								"directory": "Stage/Live/PurchaseOrder/"
							}
						}
					},
					"staging": {
						"linkedService": {
							"referenceName": "LsStaging",
							"type": "LinkedServiceReference"
						},
						"folderPath": "tempcontainer/dfstagingtemp"
					},
					"integrationRuntime": {
						"referenceName": "IntegrationRuntimeazure",
						"type": "IntegrationRuntimeReference"
					},
					"traceLevel": "Fine"
				}
			},
			{
				"name": "DfEdlToStgEstimate",
				"type": "ExecuteDataFlow",
				"dependsOn": [
					{
						"activity": "DfEdlEstimate",
						"dependencyConditions": [
							"Succeeded"
						]
					}
				],
				"policy": {
					"timeout": "1.00:00:00",
					"retry": 0,
					"retryIntervalInSeconds": 30,
					"secureOutput": false,
					"secureInput": false
				},
				"userProperties": [],
				"typeProperties": {
					"dataflow": {
						"referenceName": "DfEdlToStgSalesEstimate",
						"type": "DataFlowReference"
					},
					"staging": {
						"linkedService": {
							"referenceName": "LsStaging",
							"type": "LinkedServiceReference"
						},
						"folderPath": "tempcontainer/dfstagingtemp"
					},
					"integrationRuntime": {
						"referenceName": "IntegrationRuntimeazure",
						"type": "IntegrationRuntimeReference"
					},
					"traceLevel": "Fine"
				}
			},
			{
				"name": "DfStgToFtEstimate",
				"type": "ExecuteDataFlow",
				"dependsOn": [
					{
						"activity": "DfEdlToStgEstimate",
						"dependencyConditions": [
							"Succeeded"
						]
					}
				],
				"policy": {
					"timeout": "1.00:00:00",
					"retry": 0,
					"retryIntervalInSeconds": 30,
					"secureOutput": false,
					"secureInput": false
				},
				"userProperties": [],
				"typeProperties": {
					"dataflow": {
						"referenceName": "DfStgToFtSalesEstimate",
						"type": "DataFlowReference"
					},
					"staging": {
						"linkedService": {
							"referenceName": "LsStaging",
							"type": "LinkedServiceReference"
						},
						"folderPath": "tempcontainer/dfstagingtemp"
					},
					"integrationRuntime": {
						"referenceName": "IntegrationRuntimeazure",
						"type": "IntegrationRuntimeReference"
					},
					"traceLevel": "Fine"
				}
			},
			{
				"name": "ActCopyTxnAndTransactionLines",
				"type": "Copy",
				"dependsOn": [],
				"policy": {
					"timeout": "7.00:00:00",
					"retry": 0,
					"retryIntervalInSeconds": 30,
					"secureOutput": false,
					"secureInput": false
				},
				"userProperties": [],
				"typeProperties": {
					"source": {
						"type": "OdbcSource",
						"query": "select\nTransactions.TRANSACTION_ID\n,Transaction_Lines.TRANSACTION_LINE_ID\n,Transaction_Lines.MEMO\n,Transaction_Lines.STICKER_REQUIREMENTS\n,Transaction_Lines.INNER_REQUIREMENTS\n,Transaction_Lines.CUSTOMER_REQUIREMENTS\n,sales_program.list_item_name as SALES_PROGRAM\n,Transactions.buyer_id\n,Transaction_Lines.BUYER_CONFIRMED_ON\n,Transaction_Lines.BUYER_DEPT\n,Transaction_Lines.DEPT__PROGRAM\n,Transaction_Lines.PROGRAM_0\n,Transactions.Cancelled\n,Transaction_Lines.CONFIDENCE_FACTOR_ID\n,Transaction_Lines.Company_id\n,Transaction_Lines.Item_ID\n,Transaction_Lines.Location_ID\n,Transactions.SALES_REP_ID\n,Transactions.TRANID\n,Transaction_Lines.PRICE_STICKER_ID\n,Transaction_Lines.PO\n,Transaction_Lines.RELEASE_ORDER_NUMBER\n,Transaction_Lines.CNTNR_\n,Transaction_Lines.ETD_SHIP_DATE\n,Transaction_Lines.SHIP_DATE_OUTBOUND\n,Transaction_Lines.CANCEL_DATE_OUTBOUND\n,Transactions.EXPIRATION_DATE\n,Transaction_Lines.ITEM_COUNT\n,Transaction_Lines.INNER_QTY\n,Transaction_Lines.RELEASE_QUANTITY\n,Transaction_Lines.ITEM_UNIT_PRICE\n,Transaction_Lines.AMOUNT\n,Transaction_Lines.ETA_ARRIVAL_DATE\n,Transactions.Create_date\n,Transaction_Lines.date_created\n,Transaction_Lines.date_last_modified_gmt\n,Transaction_Lines.closed_script\nfrom\nTransaction_Lines join Transactions on\nTransaction_Lines.transaction_id=Transactions.transaction_id and transaction_type='Estimate'\nleft join sales_program sales_program\non\ntransactions.sales_program_id=sales_program.list_id ",
						"queryTimeout": "06:46:00"
					},
					"sink": {
						"type": "ParquetSink",
						"storeSettings": {
							"type": "AzureBlobFSWriteSettings"
						},
						"formatSettings": {
							"type": "ParquetWriteSettings"
						}
					},
					"enableStaging": false,
					"translator": {
						"type": "TabularTranslator",
						"typeConversion": true,
						"typeConversionSettings": {
							"allowDataTruncation": true,
							"treatBooleanAsNumber": false
						}
					}
				},
				"inputs": [
					{
						"referenceName": "DsNetsuite",
						"type": "DatasetReference"
					}
				],
				"outputs": [
					{
						"referenceName": "DsAdls",
						"type": "DatasetReference",
						"parameters": {
							"directory": "Stage/Live/TransactionAndTransactionLine/"
						}
					}
				]
			},
			{
				"name": "ActCopyPurchaseOrder",
				"type": "Copy",
				"dependsOn": [
					{
						"activity": "ActCopyTxnAndTransactionLines",
						"dependencyConditions": [
							"Succeeded"
						]
					}
				],
				"policy": {
					"timeout": "7.00:00:00",
					"retry": 0,
					"retryIntervalInSeconds": 30,
					"secureOutput": false,
					"secureInput": false
				},
				"userProperties": [],
				"typeProperties": {
					"source": {
						"type": "OdbcSource",
						"query": "select release_order_number, sum(quantity_received_in_shipment) as quantity_received_in_shipment\nfrom transaction_lines  join transactions  on\ntransaction_lines.transaction_id=transactions.transaction_id and transaction_type='Purchase Order' \ngroup by release_order_number",
						"queryTimeout": "02:00:00"
					},
					"sink": {
						"type": "ParquetSink",
						"storeSettings": {
							"type": "AzureBlobFSWriteSettings"
						},
						"formatSettings": {
							"type": "ParquetWriteSettings"
						}
					},
					"enableStaging": false,
					"translator": {
						"type": "TabularTranslator",
						"typeConversion": true,
						"typeConversionSettings": {
							"allowDataTruncation": true,
							"treatBooleanAsNumber": false
						}
					}
				},
				"inputs": [
					{
						"referenceName": "DsNetsuite",
						"type": "DatasetReference"
					}
				],
				"outputs": [
					{
						"referenceName": "DsAdls",
						"type": "DatasetReference",
						"parameters": {
							"directory": "Stage/Live/PurchaseOrder/"
						}
					}
				]
			},
			{
				"name": "DfEdlToStgPurchaseOrder",
				"type": "ExecuteDataFlow",
				"dependsOn": [
					{
						"activity": "DfStgToFtEstimate",
						"dependencyConditions": [
							"Succeeded"
						]
					}
				],
				"policy": {
					"timeout": "1.00:00:00",
					"retry": 0,
					"retryIntervalInSeconds": 30,
					"secureOutput": false,
					"secureInput": false
				},
				"userProperties": [],
				"typeProperties": {
					"dataflow": {
						"referenceName": "DfEdlToStgPurchaseOrder",
						"type": "DataFlowReference"
					},
					"staging": {
						"linkedService": {
							"referenceName": "LsStaging",
							"type": "LinkedServiceReference"
						},
						"folderPath": "tempcontainer/dfstagingtemp"
					},
					"integrationRuntime": {
						"referenceName": "IntegrationRuntimeazure",
						"type": "IntegrationRuntimeReference"
					},
					"traceLevel": "Fine"
				}
			},
			{
				"name": "DfStgToFtPurchaseOrder",
				"type": "ExecuteDataFlow",
				"dependsOn": [
					{
						"activity": "DfEdlToStgPurchaseOrder_copy",
						"dependencyConditions": [
							"Succeeded"
						]
					}
				],
				"policy": {
					"timeout": "1.00:00:00",
					"retry": 0,
					"retryIntervalInSeconds": 30,
					"secureOutput": false,
					"secureInput": false
				},
				"userProperties": [],
				"typeProperties": {
					"dataflow": {
						"referenceName": "DfStgToFtPurchaseOrder",
						"type": "DataFlowReference"
					},
					"staging": {
						"linkedService": {
							"referenceName": "LsStaging",
							"type": "LinkedServiceReference"
						},
						"folderPath": "tempcontainer/dfstagingtemp"
					},
					"integrationRuntime": {
						"referenceName": "IntegrationRuntimeazure",
						"type": "IntegrationRuntimeReference"
					},
					"traceLevel": "Fine"
				}
			},
			{
				"name": "DfEdlToStgPurchaseOrder_copy",
				"type": "ExecuteDataFlow",
				"dependsOn": [
					{
						"activity": "DfEdlToStgPurchaseOrder",
						"dependencyConditions": [
							"Succeeded"
						]
					}
				],
				"policy": {
					"timeout": "1.00:00:00",
					"retry": 0,
					"retryIntervalInSeconds": 30,
					"secureOutput": false,
					"secureInput": false
				},
				"userProperties": [],
				"typeProperties": {
					"dataflow": {
						"referenceName": "DfEdlToStgPurchaseOrder_copy",
						"type": "DataFlowReference"
					},
					"staging": {
						"linkedService": {
							"referenceName": "LsStaging",
							"type": "LinkedServiceReference"
						},
						"folderPath": "tempcontainer/dfstagingtemp"
					},
					"integrationRuntime": {
						"referenceName": "IntegrationRuntimeazure",
						"type": "IntegrationRuntimeReference"
					},
					"traceLevel": "Fine"
				}
			}
		],
		"annotations": [],
		"lastPublishTime": "2022-05-12T07:57:34Z"
	},
	"type": "Microsoft.Synapse/workspaces/pipelines"
}