{
	"name": "PlNetSuite_v2_Prod",
	"properties": {
		"activities": [
			{
				"name": "NetsuiteToADLSv2",
				"type": "Copy",
				"dependsOn": [
					{
						"activity": "wait for 20 sec netsute orders",
						"dependencyConditions": [
							"Succeeded"
						]
					}
				],
				"policy": {
					"timeout": "0.00:10:00",
					"retry": 0,
					"retryIntervalInSeconds": 90,
					"secureOutput": false,
					"secureInput": true
				},
				"userProperties": [],
				"typeProperties": {
					"source": {
						"type": "OdbcSource",
						"query": "SELECT * FROM (SELECT \n  BUILTIN.DF(TRANSACTION.entity) AS Name, \n  TRANSACTION.tranid AS sales_order_number, \n  TRANSACTION.otherrefnum AS po_number, \n  BUILTIN.DF(transactionLine.item) AS item_number, \n  transactionLine.custcolgenericdesc AS generic_description, \n  transactionLine.quantity * -1 AS quantity, \n  transactionLine.custcol8 AS case_pack, \n  transactionLine.quantityshiprecv AS quantity_fulfilled, \n  (transactionLine.quantity * -1) - transactionLine.quantityshiprecv AS quantity_open, \n  TRANSACTION.custbody_koerber_load_id AS custbody_koerber_load_id, \n  transactionLine.custcol_requested_ship_date AS requested_ship_date, \n  transactionLine.rate AS item_rate, \n  transactionLine.netamount * -1 AS total_amount, \n  ((transactionLine.quantity * -1) - transactionLine.quantityshiprecv) * transactionLine.rate AS open_amount, \n  TRANSACTION.startdate AS start_date, \n  TRANSACTION.custbody_sps_date_063 AS latest_delivery_date, \n  TRANSACTION.custbody_sps_date_001 AS cancel_date, \n  REPLACE(BUILTIN.DF(TRANSACTION.shippingaddress),'\\r\\n',' ') AS shipping_address,\n  transactionLine.actualshipdate AS actual_ship_date,\n  BUILTIN.DF(TRANSACTION.status) AS status,\n  transactionLine.closedate AS Date_Closed\nFROM \n  TRANSACTION\n  INNER JOIN transactionLine ON TRANSACTION.ID = transactionLine.TRANSACTION\nWHERE \n  (TRANSACTION.actualshipdate BETWEEN BUILTIN.RELATIVE_RANGES('dago15', 'END', 'DATE') AND BUILTIN.RELATIVE_RANGES('TODAY', 'END', 'DATE')\n   OR TRANSACTION.actualshipdate IS NULL \n   OR transactionLine.closedate BETWEEN BUILTIN.RELATIVE_RANGES('dago15', 'END', 'DATE') AND BUILTIN.RELATIVE_RANGES('TODAY', 'END', 'DATE'))\n  AND TRANSACTION.TYPE = 'SalesOrd'\n  AND TRANSACTION.custbody_gsi_sent_to_koerber = 'T' \n  AND transactionLine.itemtype IN ('Assembly', 'InvtPart', 'Group', 'Kit') \n  AND NVL(transactionLine.mainline, 'F') = 'F' \n  AND NVL(transactionLine.taxline, 'F') = 'F' \n  AND transactionLine.accountinglinetype = 'INCOME'\n  AND (TRANSACTION.status IS NULL OR TRANSACTION.status <> 'SalesOrd:C')) -- Simplified condition\n",
						"queryTimeout": "20:00:00"
					},
					"sink": {
						"type": "DelimitedTextSink",
						"storeSettings": {
							"type": "AzureBlobStorageWriteSettings"
						},
						"formatSettings": {
							"type": "DelimitedTextWriteSettings",
							"quoteAllText": true,
							"fileExtension": ".csv"
						}
					},
					"enableStaging": false,
					"translator": {
						"type": "TabularTranslator",
						"mappings": [
							{
								"source": {
									"name": "Name",
									"type": "String"
								},
								"sink": {
									"name": "Name",
									"type": "String",
									"physicalType": "String"
								}
							},
							{
								"source": {
									"name": "sales_order_number",
									"type": "String"
								},
								"sink": {
									"name": "sales_order_number",
									"type": "String",
									"physicalType": "String"
								}
							},
							{
								"source": {
									"name": "po_number",
									"type": "String"
								},
								"sink": {
									"name": "po_number",
									"type": "String",
									"physicalType": "String"
								}
							},
							{
								"source": {
									"name": "item_number",
									"type": "String"
								},
								"sink": {
									"name": "item_number",
									"type": "String",
									"physicalType": "String"
								}
							},
							{
								"source": {
									"name": "generic_description",
									"type": "String"
								},
								"sink": {
									"name": "generic_description",
									"type": "String",
									"physicalType": "String"
								}
							},
							{
								"source": {
									"name": "quantity",
									"type": "Double"
								},
								"sink": {
									"name": "quantity",
									"type": "String",
									"physicalType": "String"
								}
							},
							{
								"source": {
									"name": "case_pack",
									"type": "Int64"
								},
								"sink": {
									"name": "case_pack",
									"type": "String",
									"physicalType": "String"
								}
							},
							{
								"source": {
									"name": "quantity_fulfilled",
									"type": "Double"
								},
								"sink": {
									"name": "quantity_fulfilled",
									"type": "String",
									"physicalType": "String"
								}
							},
							{
								"source": {
									"name": "quantity_open",
									"type": "Double"
								},
								"sink": {
									"name": "quantity_open",
									"type": "String",
									"physicalType": "String"
								}
							},
							{
								"source": {
									"name": "custbody_koerber_load_id",
									"type": "String"
								},
								"sink": {
									"name": "custbody_koerber_load_id",
									"type": "String",
									"physicalType": "String"
								}
							},
							{
								"source": {
									"name": "requested_ship_date",
									"type": "DateTime"
								},
								"sink": {
									"name": "requested_ship_date",
									"type": "String",
									"physicalType": "String"
								}
							},
							{
								"source": {
									"name": "item_rate",
									"type": "String"
								},
								"sink": {
									"name": "item_rate",
									"type": "String",
									"physicalType": "String"
								}
							},
							{
								"source": {
									"name": "total_amount",
									"type": "Double"
								},
								"sink": {
									"name": "total_amount",
									"type": "String",
									"physicalType": "String"
								}
							},
							{
								"source": {
									"name": "open_amount",
									"type": "Double"
								},
								"sink": {
									"name": "open_amount",
									"type": "String",
									"physicalType": "String"
								}
							},
							{
								"source": {
									"name": "start_date",
									"type": "DateTime"
								},
								"sink": {
									"name": "start_date",
									"type": "String",
									"physicalType": "String"
								}
							},
							{
								"source": {
									"name": "latest_delivery_date",
									"type": "DateTime"
								},
								"sink": {
									"name": "latest_delivery_date",
									"type": "String",
									"physicalType": "String"
								}
							},
							{
								"source": {
									"name": "cancel_date",
									"type": "DateTime"
								},
								"sink": {
									"name": "cancel_date",
									"type": "String",
									"physicalType": "String"
								}
							},
							{
								"source": {
									"name": "shipping_address",
									"type": "String"
								},
								"sink": {
									"name": "shipping_address",
									"type": "String",
									"physicalType": "String"
								}
							},
							{
								"source": {
									"name": "actual_ship_date",
									"type": "DateTime"
								},
								"sink": {
									"name": "actual_ship_date",
									"type": "String",
									"physicalType": "String"
								}
							},
							{
								"source": {
									"name": "status",
									"type": "String"
								},
								"sink": {
									"name": "status",
									"type": "String",
									"physicalType": "String"
								}
							},
							{
								"source": {
									"name": "Date_Closed",
									"type": "DateTime"
								},
								"sink": {
									"name": "Date_Closed",
									"type": "String",
									"physicalType": "String"
								}
							}
						],
						"typeConversion": true,
						"typeConversionSettings": {
							"allowDataTruncation": true,
							"treatBooleanAsNumber": false
						}
					}
				},
				"inputs": [
					{
						"referenceName": "GADC_Netsuite",
						"type": "DatasetReference"
					}
				],
				"outputs": [
					{
						"referenceName": "GADC_DS",
						"type": "DatasetReference",
						"parameters": {
							"directory": "st-gadcci-prd-westus2-001/netsuite/Orders/",
							"File_Name": "csv_Netsuite Orders.csv"
						}
					}
				]
			},
			{
				"name": "NetsuiteToADLSv2_package_qty_part1",
				"type": "Copy",
				"dependsOn": [
					{
						"activity": "Wait for 40 sec netsuite Package qty Part 1",
						"dependencyConditions": [
							"Succeeded"
						]
					}
				],
				"policy": {
					"timeout": "0.00:10:00",
					"retry": 0,
					"retryIntervalInSeconds": 90,
					"secureOutput": false,
					"secureInput": false
				},
				"userProperties": [],
				"typeProperties": {
					"source": {
						"type": "OdbcSource",
						"query": "SELECT \n  TRANSACTION.trandate AS trandate, \n  BUILTIN.DF(TRANSACTION.entity) AS entity, \n  TRANSACTION.tranid AS item_fulfillment_number, \n  REPLACE(BUILTIN.DF(transactionLine.createdfrom), 'Sales Order #', '') AS sales_order_number, \n  BUILTIN.DF(transactionLine.item) AS Item, \n  transactionLine.linesequencenumber AS Item_Fulfillment_Line, \n  transactionLine.quantity AS Quantity,\n  TRANSACTION.custbody_sps_trans_carton_ct AS trans_carton_ct\nFROM \n  TRANSACTION, \n  transactionLine\nWHERE \n   TRANSACTION.ID = transactionLine.TRANSACTION\n   AND ((transactionLine.accountinglinetype IN ('COGS') \n   AND TRANSACTION.TYPE IN ('ItemShip') \n   AND TRANSACTION.trandate BETWEEN BUILTIN.RELATIVE_RANGES('dago15', 'END', 'DATE') AND BUILTIN.RELATIVE_RANGES('TODAY', 'END', 'DATE') \n   AND TRANSACTION.custbody_gsi_sent_to_koerber = 'T' \n   AND NVL(transactionLine.mainline, 'F') = 'F'))",
						"queryTimeout": "20:00:00"
					},
					"sink": {
						"type": "DelimitedTextSink",
						"storeSettings": {
							"type": "AzureBlobStorageWriteSettings"
						},
						"formatSettings": {
							"type": "DelimitedTextWriteSettings",
							"quoteAllText": true,
							"fileExtension": ".csv"
						}
					},
					"enableStaging": false,
					"translator": {
						"type": "TabularTranslator",
						"mappings": [
							{
								"source": {
									"name": "trandate",
									"type": "DateTime"
								},
								"sink": {
									"name": "trandate",
									"type": "String",
									"physicalType": "String"
								}
							},
							{
								"source": {
									"name": "entity",
									"type": "String"
								},
								"sink": {
									"name": "entity",
									"type": "String",
									"physicalType": "String"
								}
							},
							{
								"source": {
									"name": "item_fulfillment_number",
									"type": "String"
								},
								"sink": {
									"name": "item_fulfillment_number",
									"type": "String",
									"physicalType": "String"
								}
							},
							{
								"source": {
									"name": "sales_order_number",
									"type": "String"
								},
								"sink": {
									"name": "sales_order_number",
									"type": "String",
									"physicalType": "String"
								}
							},
							{
								"source": {
									"name": "Item",
									"type": "String"
								},
								"sink": {
									"name": "Item",
									"type": "String",
									"physicalType": "String"
								}
							},
							{
								"source": {
									"name": "Item_Fulfillment_Line",
									"type": "Int64"
								},
								"sink": {
									"name": "Item_Fulfillment_Line",
									"type": "String",
									"physicalType": "String"
								}
							},
							{
								"source": {
									"name": "Quantity",
									"type": "Double"
								},
								"sink": {
									"name": "Quantity",
									"type": "String",
									"physicalType": "String"
								}
							},
							{
								"source": {
									"name": "trans_carton_ct",
									"type": "Int64"
								},
								"sink": {
									"name": "trans_carton_ct",
									"type": "String",
									"physicalType": "String"
								}
							}
						],
						"typeConversion": true,
						"typeConversionSettings": {
							"allowDataTruncation": true,
							"treatBooleanAsNumber": false
						}
					}
				},
				"inputs": [
					{
						"referenceName": "GADC_Netsuite",
						"type": "DatasetReference"
					}
				],
				"outputs": [
					{
						"referenceName": "GADC_DS",
						"type": "DatasetReference",
						"parameters": {
							"directory": "st-gadcci-prd-westus2-001/netsuite/Package",
							"File_Name": "csv_Netsuite package qty.csv"
						}
					}
				]
			},
			{
				"name": "DfGADCOrders_Prod",
				"type": "ExecuteDataFlow",
				"dependsOn": [
					{
						"activity": "NetsuiteToADLSv2",
						"dependencyConditions": [
							"Succeeded"
						]
					}
				],
				"policy": {
					"timeout": "0.12:00:00",
					"retry": 0,
					"retryIntervalInSeconds": 30,
					"secureOutput": false,
					"secureInput": false
				},
				"userProperties": [],
				"typeProperties": {
					"dataflow": {
						"referenceName": "DfGADCOrders_Prod",
						"type": "DataFlowReference",
						"datasetParameters": {
							"SourceCSV": {
								"directory": "/st-gadcci-prd-westus2-001/netsuite/Orders",
								"File_Name": "csv_Netsuite Orders.csv"
							},
							"SinkCSV": {
								"directory": "/st-gadcci-prd-westus2-001/netsuite/Orders/Processed",
								"File_Name": "csv_Netsuite Orders.csv"
							}
						}
					},
					"compute": {
						"coreCount": 8,
						"computeType": "General"
					},
					"traceLevel": "Fine"
				}
			},
			{
				"name": "Loaddate",
				"type": "SqlPoolStoredProcedure",
				"dependsOn": [
					{
						"activity": "DfGADCOrders_Prod",
						"dependencyConditions": [
							"Succeeded"
						]
					},
					{
						"activity": "NetsuiteToADLSv2_package_qty-part2",
						"dependencyConditions": [
							"Succeeded"
						]
					},
					{
						"activity": "NetsuiteToADLSv2_package_qty_part1",
						"dependencyConditions": [
							"Succeeded"
						]
					}
				],
				"policy": {
					"timeout": "0.12:00:00",
					"retry": 0,
					"retryIntervalInSeconds": 30,
					"secureOutput": false,
					"secureInput": false
				},
				"userProperties": [],
				"sqlPool": {
					"referenceName": "merchsourcedwh",
					"type": "SqlPoolReference"
				},
				"typeProperties": {
					"storedProcedureName": "[GADC].[SpLoadDates]",
					"storedProcedureParameters": {
						"SystemName": {
							"value": "netsuite",
							"type": "String"
						}
					}
				}
			},
			{
				"name": "NetsuiteToADLSv2_package_qty-part2",
				"type": "Copy",
				"dependsOn": [],
				"policy": {
					"timeout": "0.00:10:00",
					"retry": 0,
					"retryIntervalInSeconds": 90,
					"secureOutput": false,
					"secureInput": false
				},
				"userProperties": [],
				"typeProperties": {
					"source": {
						"type": "OdbcSource",
						"query": "SELECT \r\n  BUILTIN.DF(CUSTOMRECORD_SPS_CONTENT.custrecord_sps_content_package) AS Package, \r\n  REPLACE(BUILTIN.DF(CUSTOMRECORD_SPS_CONTENT.custrecord_pack_content_fulfillment), 'Item Fulfillment #', '') AS Item_Fulfillment_Number, \r\n  BUILTIN.DF(CUSTOMRECORD_SPS_CONTENT.custrecord_sps_content_item) AS Item, \r\n  CUSTOMRECORD_SPS_CONTENT.custrecord_sps_content_item_line_num AS Item_Fulfillment_Line, \r\n  CUSTOMRECORD_SPS_CONTENT.custrecord_sps_content_qty AS Quantity\r\nFROM \r\n  CUSTOMRECORD_SPS_CONTENT\r\nWHERE \r\n  NVL(CUSTOMRECORD_SPS_CONTENT.isinactive, 'F') = 'F'",
						"queryTimeout": "02:00:00"
					},
					"sink": {
						"type": "DelimitedTextSink",
						"storeSettings": {
							"type": "AzureBlobStorageWriteSettings"
						},
						"formatSettings": {
							"type": "DelimitedTextWriteSettings",
							"quoteAllText": true,
							"fileExtension": ".txt"
						}
					},
					"enableStaging": false,
					"translator": {
						"type": "TabularTranslator",
						"mappings": [
							{
								"source": {
									"name": "Package",
									"type": "String"
								},
								"sink": {
									"name": "Package",
									"type": "String",
									"physicalType": "String"
								}
							},
							{
								"source": {
									"name": "Item_Fulfillment_Number",
									"type": "String"
								},
								"sink": {
									"name": "Item_Fulfillment_Number",
									"type": "String",
									"physicalType": "String"
								}
							},
							{
								"source": {
									"name": "Item",
									"type": "String"
								},
								"sink": {
									"name": "Item",
									"type": "String",
									"physicalType": "String"
								}
							},
							{
								"source": {
									"name": "Item_Fulfillment_Line",
									"type": "Int64"
								},
								"sink": {
									"name": "Item_Fulfillment_Line",
									"type": "String",
									"physicalType": "String"
								}
							},
							{
								"source": {
									"name": "Quantity",
									"type": "Int64"
								},
								"sink": {
									"name": "Quantity",
									"type": "String",
									"physicalType": "String"
								}
							}
						],
						"typeConversion": true,
						"typeConversionSettings": {
							"allowDataTruncation": true,
							"treatBooleanAsNumber": false
						}
					}
				},
				"inputs": [
					{
						"referenceName": "GADC_Netsuite",
						"type": "DatasetReference"
					}
				],
				"outputs": [
					{
						"referenceName": "GADC_DS",
						"type": "DatasetReference",
						"parameters": {
							"directory": "st-gadcci-prd-westus2-001/netsuite/Package",
							"File_Name": "csv_Netsuite package.csv"
						}
					}
				]
			},
			{
				"name": "Load to direct Table",
				"type": "SqlPoolStoredProcedure",
				"dependsOn": [
					{
						"activity": "Loaddate",
						"dependencyConditions": [
							"Succeeded"
						]
					}
				],
				"policy": {
					"timeout": "0.12:00:00",
					"retry": 0,
					"retryIntervalInSeconds": 30,
					"secureOutput": false,
					"secureInput": false
				},
				"userProperties": [],
				"sqlPool": {
					"referenceName": "merchsourcedwh",
					"type": "SqlPoolReference"
				},
				"typeProperties": {
					"storedProcedureName": "[GADC].[SpLoadNetSuiteKorberTable]"
				}
			},
			{
				"name": "wait for 20 sec netsute orders",
				"type": "Wait",
				"dependsOn": [],
				"userProperties": [],
				"typeProperties": {
					"waitTimeInSeconds": 20
				}
			},
			{
				"name": "Wait for 40 sec netsuite Package qty Part 1",
				"type": "Wait",
				"dependsOn": [],
				"userProperties": [],
				"typeProperties": {
					"waitTimeInSeconds": 40
				}
			}
		],
		"folder": {
			"name": "GADC"
		},
		"annotations": [],
		"lastPublishTime": "2023-08-31T07:30:09Z"
	},
	"type": "Microsoft.Synapse/workspaces/pipelines"
}