{
	"name": "PlPytoDb",
	"properties": {
		"activities": [
			{
				"name": "pysrctodb",
				"type": "ExecuteDataFlow",
				"dependsOn": [],
				"policy": {
					"timeout": "1.00:00:00",
					"retry": 0,
					"retryIntervalInSeconds": 30,
					"secureOutput": false,
					"secureInput": false
				},
				"userProperties": [],
				"typeProperties": {
					"dataflow": {
						"referenceName": "DfPySrc",
						"type": "DataFlowReference"
					},
					"staging": {
						"linkedService": {
							"referenceName": "LsStaging",
							"type": "LinkedServiceReference"
						},
						"folderPath": "tempcontainer/dfstagingtemp"
					},
					"integrationRuntime": {
						"referenceName": "IntegrationRuntimeazure",
						"type": "IntegrationRuntimeReference"
					},
					"traceLevel": "Fine"
				}
			},
			{
				"name": "DeleteCsv",
				"type": "Delete",
				"dependsOn": [
					{
						"activity": "pysrctodb",
						"dependencyConditions": [
							"Succeeded"
						]
					}
				],
				"policy": {
					"timeout": "7.00:00:00",
					"retry": 0,
					"retryIntervalInSeconds": 30,
					"secureOutput": false,
					"secureInput": false
				},
				"userProperties": [],
				"typeProperties": {
					"dataset": {
						"referenceName": "SrcPy",
						"type": "DatasetReference"
					},
					"enableLogging": false,
					"storeSettings": {
						"type": "AzureBlobStorageReadSettings",
						"recursive": true,
						"enablePartitionDiscovery": false
					}
				}
			},
			{
				"name": "SubTotalProcedure",
				"type": "SqlServerStoredProcedure",
				"dependsOn": [
					{
						"activity": "DeleteCsv",
						"dependencyConditions": [
							"Succeeded"
						]
					}
				],
				"policy": {
					"timeout": "7.00:00:00",
					"retry": 0,
					"retryIntervalInSeconds": 30,
					"secureOutput": false,
					"secureInput": false
				},
				"userProperties": [],
				"typeProperties": {
					"storedProcedureName": "[dw].[FT_EstimateRelease_Total_Procedure]"
				},
				"linkedServiceName": {
					"referenceName": "AzureSqlDatabase",
					"type": "LinkedServiceReference"
				}
			}
		],
		"annotations": [],
		"lastPublishTime": "2023-03-29T06:36:29Z"
	},
	"type": "Microsoft.Synapse/workspaces/pipelines"
}