{
	"name": "PlSalesEstimateLoad",
	"properties": {
		"activities": [
			{
				"name": "PlDimLoad",
				"type": "ExecutePipeline",
				"dependsOn": [],
				"userProperties": [],
				"typeProperties": {
					"pipeline": {
						"referenceName": "PlDimLoad",
						"type": "PipelineReference"
					},
					"waitOnCompletion": true
				}
			},
			{
				"name": "PlFtEstimate",
				"type": "ExecutePipeline",
				"dependsOn": [
					{
						"activity": "PlDimLoad",
						"dependencyConditions": [
							"Succeeded"
						]
					}
				],
				"userProperties": [],
				"typeProperties": {
					"pipeline": {
						"referenceName": "PlFtEstimate",
						"type": "PipelineReference"
					},
					"waitOnCompletion": true
				}
			},
			{
				"name": "PlFtRelease",
				"type": "ExecutePipeline",
				"dependsOn": [
					{
						"activity": "PlFtEstimate",
						"dependencyConditions": [
							"Succeeded"
						]
					}
				],
				"userProperties": [],
				"typeProperties": {
					"pipeline": {
						"referenceName": "PlFtRelease",
						"type": "PipelineReference"
					},
					"waitOnCompletion": true
				}
			},
			{
				"name": "PlAllocationTable",
				"type": "ExecutePipeline",
				"dependsOn": [
					{
						"activity": "PlFtRelease",
						"dependencyConditions": [
							"Succeeded"
						]
					}
				],
				"userProperties": [],
				"typeProperties": {
					"pipeline": {
						"referenceName": "PlAllocation",
						"type": "PipelineReference"
					},
					"waitOnCompletion": true
				}
			}
		],
		"annotations": [],
		"lastPublishTime": "2022-02-03T05:53:02Z"
	},
	"type": "Microsoft.Synapse/workspaces/pipelines"
}