{
	"name": "Df_Ft_ReleasePo_Merge",
	"properties": {
		"type": "MappingDataFlow",
		"typeProperties": {
			"sources": [
				{
					"linkedService": {
						"referenceName": "LsAzureDb",
						"type": "LinkedServiceReference"
					},
					"name": "SrcFtReleasePoMerge"
				}
			],
			"sinks": [
				{
					"linkedService": {
						"referenceName": "LsAzureDb",
						"type": "LinkedServiceReference"
					},
					"name": "SnkFtReleasePoMerge"
				}
			],
			"transformations": [],
			"script": "source(output(\n\t\ttransaction_id as integer,\n\t\ttransaction_line_id as integer,\n\t\titem_key as integer,\n\t\tdocument_nbr as string,\n\t\tRelease_qty as decimal(19,2),\n\t\tRelease_Order_nbr as string,\n\t\tETD_Ship_dt as string,\n\t\tMS_Domestic_Ship_Date as timestamp,\n\t\tMS_Domestic_Cancel_Date as timestamp,\n\t\tETA_Arrival_Date as string,\n\t\tCNTNR_nbr as string,\n\t\tFinal_Destination_Container as string,\n\t\tBuyer_Dept_descr as string,\n\t\tcustomer_key as integer,\n\t\tDept_Program_descr as string,\n\t\tSales_Program_descr as string,\n\t\tConfidence_Factor_descr as string,\n\t\tlevel_descr as string,\n\t\tquantity_received_in_shipment as decimal(19,2)\n\t),\n\tallowSchemaDrift: true,\n\tvalidateSchema: false,\n\tformat: 'table',\n\tstore: 'synapseanalytics',\n\tschemaName: 'dw',\n\ttableName: 'Ft_ReleasePo_Merge',\n\tisolationLevel: 'READ_UNCOMMITTED',\n\tstaged: true) ~> SrcFtReleasePoMerge\nSrcFtReleasePoMerge sink(allowSchemaDrift: true,\n\tvalidateSchema: false,\n\tinput(\n\t\ttransaction_id as integer,\n\t\ttransaction_line_id as integer,\n\t\titem_key as integer,\n\t\tdocument_nbr as string,\n\t\tRelease_qty as decimal(19,2),\n\t\tRelease_Order_nbr as string,\n\t\tETD_Ship_dt as string,\n\t\tMS_Domestic_Ship_Date as timestamp,\n\t\tMS_Domestic_Cancel_Date as timestamp,\n\t\tETA_Arrival_Date as string,\n\t\tCNTNR_nbr as string,\n\t\tFinal_Destination_Container as string,\n\t\tBuyer_Dept_descr as string,\n\t\tcustomer_key as integer,\n\t\tDept_Program_descr as string,\n\t\tSales_Program_descr as string,\n\t\tConfidence_Factor_descr as string,\n\t\tlevel_descr as string,\n\t\tquantity_received_in_shipment as decimal(19,2)\n\t),\n\tformat: 'table',\n\tstore: 'synapseanalytics',\n\tschemaName: 'dw',\n\ttableName: 'Ft_ReleasePo_Merge',\n\tinsertable: true,\n\tupdateable: false,\n\tdeletable: false,\n\tupsertable: false,\n\ttruncate: true,\n\tpostSQLs:['insert into dw.Ft_ReleasePo_Merge\\nselect a.transaction_id\\n,a.transaction_line_id\\n,a.item_key\\n,a.document_nbr\\n,a.Release_qty\\n,a.Release_Order_nbr\\n,a.ETD_Ship_dt\\n,a.MS_Domestic_Ship_Date\\n,a.MS_Domestic_Cancel_Date\\n,a.ETA_Arrival_Date\\n,a.CNTNR_nbr\\n,a.Final_Destination_Container\\n,a.Buyer_Dept_descr \\n,a.customer_key\\n,a.Dept_Program_descr \\n,a.Sales_Program_descr \\n,a.Confidence_Factor_descr \\n,a.level_descr \\n,a.quantity_received_in_shipment \\nfrom (\\nselect a.transaction_id\\n,a.transaction_line_id\\n,a.item_key\\n,a.document_nbr\\n,a.Release_qty\\n,a.Release_Order_nbr\\n,a.ETD_Ship_dt\\n,a.MS_Domestic_Ship_Date\\n,a.MS_Domestic_Cancel_Date\\n,a.ETA_Arrival_Date\\n,a.CNTNR_nbr\\n,a.Final_Destination_Container\\n,a.Buyer_Dept_descr \\n,a.customer_key\\n,a.Dept_Program_descr \\n,a.Sales_Program_descr \\n,a.Confidence_Factor_descr \\n,a.level_descr \\n,a.quantity_received_in_shipment from dw.ft_purchaseorder a\\nunion\\nselect a.transaction_id\\n,a.transaction_line_id\\n,a.item_key\\n,a.document_nbr\\n,a.Release_qty\\n,a.Release_Order_nbr\\n,a.ETD_Ship_dt\\n,a.MS_Domestic_Ship_Date\\n,a.MS_Domestic_Cancel_Date\\n,a.ETA_Arrival_Date\\n,a.CNTNR_nbr\\n,a.Final_Destination_Container\\n,a.Buyer_Dept_descr \\n,a.customer_key\\n,a.Dept_Program_descr \\n,a.Sales_Program_descr \\n,a.Confidence_Factor_descr \\n,a.level_descr \\n,a.quantity_received_in_shipment \\n from dw.ft_releasepo a left outer join dw.ft_purchaseorder b on \\n a.document_nbr=b.document_nbr and a.release_order_nbr=b.release_order_nbr\\nand a.item_key=b.item_key\\nwhere (b.document_nbr is null and b.release_order_nbr is null and b.item_key is null ))A\\n'],\n\tstaged: true,\n\tskipDuplicateMapInputs: true,\n\tskipDuplicateMapOutputs: true,\n\terrorHandlingOption: 'stopOnFirstError',\n\tmapColumn(\n\t\ttransaction_id,\n\t\ttransaction_line_id,\n\t\titem_key,\n\t\tdocument_nbr,\n\t\tRelease_qty,\n\t\tRelease_Order_nbr,\n\t\tETD_Ship_dt,\n\t\tMS_Domestic_Ship_Date,\n\t\tMS_Domestic_Cancel_Date,\n\t\tCNTNR_nbr,\n\t\tFinal_Destination_Container,\n\t\tBuyer_Dept_descr,\n\t\tcustomer_key,\n\t\tDept_Program_descr,\n\t\tSales_Program_descr,\n\t\tConfidence_Factor_descr,\n\t\tlevel_descr,\n\t\tquantity_received_in_shipment\n\t)) ~> SnkFtReleasePoMerge"
		}
	}
}