{
	"name": "DfAdlsToEdlProduct",
	"properties": {
		"type": "MappingDataFlow",
		"typeProperties": {
			"sources": [
				{
					"dataset": {
						"referenceName": "DsAdls",
						"type": "DatasetReference"
					},
					"name": "SrcProduct"
				},
				{
					"dataset": {
						"referenceName": "DsAdls",
						"type": "DatasetReference"
					},
					"name": "SrcAccMgr"
				},
				{
					"dataset": {
						"referenceName": "DsAdls",
						"type": "DatasetReference"
					},
					"name": "SrcBrandName"
				},
				{
					"dataset": {
						"referenceName": "DsAdls",
						"type": "DatasetReference"
					},
					"name": "SrcBrandManager"
				},
				{
					"dataset": {
						"referenceName": "DsAdls",
						"type": "DatasetReference"
					},
					"name": "SrcItemStatus"
				},
				{
					"dataset": {
						"referenceName": "DsAdls",
						"type": "DatasetReference"
					},
					"name": "SrcItemTypeList"
				},
				{
					"dataset": {
						"referenceName": "DsAdls",
						"type": "DatasetReference"
					},
					"name": "SrcFactoryName"
				},
				{
					"dataset": {
						"referenceName": "DsAdls",
						"type": "DatasetReference"
					},
					"name": "SrcProductManagerList"
				},
				{
					"linkedService": {
						"referenceName": "LsAzureDb",
						"type": "LinkedServiceReference"
					},
					"name": "Audit"
				},
				{
					"linkedService": {
						"referenceName": "LsAzureDb",
						"type": "LinkedServiceReference"
					},
					"name": "EDLItems"
				}
			],
			"sinks": [
				{
					"linkedService": {
						"referenceName": "LsAzureDb",
						"type": "LinkedServiceReference"
					},
					"name": "SinkEDLProductInsert"
				},
				{
					"linkedService": {
						"referenceName": "LsAzureDb",
						"type": "LinkedServiceReference"
					},
					"name": "SinkEDLItemsUpdate"
				},
				{
					"linkedService": {
						"referenceName": "LsAzureDb",
						"type": "LinkedServiceReference"
					},
					"name": "sinkDelFlag"
				}
			],
			"transformations": [
				{
					"name": "JoinitemsAccMgr"
				},
				{
					"name": "AccMgrSelect"
				},
				{
					"name": "BrandNameSelect"
				},
				{
					"name": "JoinBrandName"
				},
				{
					"name": "BrandManagerSelect"
				},
				{
					"name": "JoinBrandManager"
				},
				{
					"name": "ItemStatusSelect"
				},
				{
					"name": "JoinItemStatus"
				},
				{
					"name": "ItemTypeSelect"
				},
				{
					"name": "JoinItemType"
				},
				{
					"name": "FactoryNameSelect"
				},
				{
					"name": "JoinFactoryName"
				},
				{
					"name": "ProductManagerSelect"
				},
				{
					"name": "JoinProductionManager"
				},
				{
					"name": "RequiredColumnsSelect"
				},
				{
					"name": "DerivedColumn1"
				},
				{
					"name": "DerivedColumn2"
				},
				{
					"name": "JoinAudit"
				},
				{
					"name": "FilterIncremental"
				},
				{
					"name": "DerivedFlagColumn"
				},
				{
					"name": "LkpDlItems"
				},
				{
					"name": "RenamingColumns"
				},
				{
					"name": "DerivedColumn3"
				},
				{
					"name": "ConditionalInsertUpdate"
				},
				{
					"name": "AuditInsert"
				},
				{
					"name": "InsertColumns"
				},
				{
					"name": "AlterRow"
				},
				{
					"name": "DerivedColumnUpdate"
				},
				{
					"name": "SelectRequired"
				},
				{
					"name": "Exists1"
				},
				{
					"name": "AlterRow1"
				},
				{
					"name": "DerivedColumn4"
				}
			],
			"script": "source(output(\n\t\tItem_ID as double,\n\t\tGeneric_Description as string,\n\t\tPURCHASEDESCRIPTION as string,\n\t\tArtwork as string,\n\t\tColor as string,\n\t\tPackage_Type as string,\n\t\tSPECIAL_REQUIREMENTS as string,\n\t\tCase_pack as double,\n\t\tfull_name as string,\n\t\tDisplayName as string,\n\t\tMASTER_CARTON_RQMNTS as string,\n\t\tTRADE_PARTNER_NAME as string,\n\t\tPART_OF_ASSEMBLY_ITEM as string,\n\t\tType_Name as string,\n\t\tTRADE_PARTNER_CODE as string,\n\t\tVendorname as string,\n\t\tUPC as string,\n\t\tQuantityOnHand as double,\n\t\tSSCC14 as string,\n\t\tMASTER_CARTON_MARKINGS_ITEM_N as string,\n\t\taccount_manager_id as double,\n\t\tbrand_name_id as double,\n\t\tbrand_manager_id as double,\n\t\titem_status_id as double,\n\t\titem_type_id as double,\n\t\tmaker_name_id as double,\n\t\tproduct_manager_id as double,\n\t\tCreated as timestamp,\n\t\tDate_last_modified as timestamp\n\t),\n\tallowSchemaDrift: true,\n\tvalidateSchema: false,\n\tignoreNoFilesFound: false,\n\tformat: 'parquet') ~> SrcProduct\nsource(output(\n\t\tACCOUNT_MANAGER_EXTID as string,\n\t\tDATE_CREATED as timestamp,\n\t\tIS_RECORD_INACTIVE as string,\n\t\tLAST_MODIFIED_DATE as timestamp,\n\t\tLIST_ID as double,\n\t\tLIST_ITEM_NAME as string\n\t),\n\tallowSchemaDrift: true,\n\tvalidateSchema: false,\n\tignoreNoFilesFound: false,\n\tformat: 'parquet') ~> SrcAccMgr\nsource(output(\n\t\tABBREVIATION as string,\n\t\tBRAND_NAME_EXTID as string,\n\t\tDATE_CREATED as timestamp,\n\t\tIS_RECORD_INACTIVE as string,\n\t\tLAST_MODIFIED_DATE as timestamp,\n\t\tLIST_ID as double,\n\t\tLIST_ITEM_NAME as string\n\t),\n\tallowSchemaDrift: true,\n\tvalidateSchema: false,\n\tignoreNoFilesFound: false,\n\tformat: 'parquet') ~> SrcBrandName\nsource(output(\n\t\tBRAND_MANAGER_EXTID as string,\n\t\tDATE_CREATED as timestamp,\n\t\tIS_RECORD_INACTIVE as string,\n\t\tLAST_MODIFIED_DATE as timestamp,\n\t\tLIST_ID as double,\n\t\tLIST_ITEM_NAME as string\n\t),\n\tallowSchemaDrift: true,\n\tvalidateSchema: false,\n\tignoreNoFilesFound: false,\n\tformat: 'parquet') ~> SrcBrandManager\nsource(output(\n\t\tDATE_CREATED as timestamp,\n\t\tIS_RECORD_INACTIVE as string,\n\t\tITEM_STATUS_EXTID as string,\n\t\tLAST_MODIFIED_DATE as timestamp,\n\t\tLIST_ID as double,\n\t\tLIST_ITEM_NAME as string\n\t),\n\tallowSchemaDrift: true,\n\tvalidateSchema: false,\n\tignoreNoFilesFound: false,\n\tformat: 'parquet') ~> SrcItemStatus\nsource(output(\n\t\tDATE_CREATED as timestamp,\n\t\tIS_RECORD_INACTIVE as string,\n\t\tLAST_MODIFIED_DATE as timestamp,\n\t\tLIST_ID as double,\n\t\tLIST_ITEM_NAME as string,\n\t\tTS_ITEM_TYPE_LIST_EXTID as string\n\t),\n\tallowSchemaDrift: true,\n\tvalidateSchema: false,\n\tignoreNoFilesFound: false,\n\tformat: 'parquet') ~> SrcItemTypeList\nsource(output(\n\t\tDATE_CREATED as timestamp,\n\t\tFACTORY_NAME_EXTID as string,\n\t\tIS_RECORD_INACTIVE as string,\n\t\tLAST_MODIFIED_DATE as timestamp,\n\t\tLIST_ID as double,\n\t\tLIST_ITEM_NAME as string\n\t),\n\tallowSchemaDrift: true,\n\tvalidateSchema: false,\n\tignoreNoFilesFound: false,\n\tformat: 'parquet') ~> SrcFactoryName\nsource(output(\n\t\tDATE_CREATED as timestamp,\n\t\tIS_RECORD_INACTIVE as string,\n\t\tLAST_MODIFIED_DATE as timestamp,\n\t\tLIST_ID as double,\n\t\tLIST_ITEM_NAME as string,\n\t\tPRODUCT_MANAGERS_LIST_EXTID as string\n\t),\n\tallowSchemaDrift: true,\n\tvalidateSchema: false,\n\tignoreNoFilesFound: false,\n\tformat: 'parquet') ~> SrcProductManagerList\nsource(output(\n\t\tLast_Modified_Date as timestamp\n\t),\n\tallowSchemaDrift: true,\n\tvalidateSchema: false,\n\tformat: 'query',\n\tstore: 'synapseanalytics',\n\tquery: 'select Last_Modified_Date from dw.Audit where subject_area=\\'Product\\'',\n\tisolationLevel: 'READ_UNCOMMITTED',\n\tstaged: true) ~> Audit\nsource(output(\n\t\tItem_key as integer,\n\t\tItem_Id as integer,\n\t\tGeneric_Description as string,\n\t\tPurchaseDescription as string,\n\t\tArtwork as string,\n\t\tColor as string,\n\t\tPackage_Type as string,\n\t\tSpecial_Requirements as string,\n\t\tCase_Pack as decimal(19,2),\n\t\tFull_Name as string,\n\t\tDisplay_Name as string,\n\t\tAccount_Manager_Name as string,\n\t\tBrand_Name as string,\n\t\tBrand_Manager_Name as string,\n\t\tItem_Status as string,\n\t\tItem_Type as string,\n\t\tMaker_Name as string,\n\t\tProduct_Manager_Name as string,\n\t\tMaster_Carton_Rqmnts as string,\n\t\tTrade_Partner_Name as string,\n\t\tPart_Of_Assembly_Item as string,\n\t\tType_Name as string,\n\t\tTrade_Partner_Code as string,\n\t\tVendorName as string,\n\t\tUPC as string,\n\t\tQunatityOnHand as decimal(19,2),\n\t\tSSCC14 as string,\n\t\tMaster_Carton_Markings_Item_N as string,\n\t\tDelete_Flg as string,\n\t\tCreate_Date as timestamp,\n\t\tDate_Last_Modified as timestamp,\n\t\tCreated_By as string,\n\t\tCreated_Timestamp as timestamp,\n\t\tLast_Updated_By as string,\n\t\tLast_Update_Timestamp as timestamp,\n\t\tActive_Flag as string\n\t),\n\tallowSchemaDrift: true,\n\tvalidateSchema: false,\n\tformat: 'table',\n\tstore: 'synapseanalytics',\n\tschemaName: 'edl',\n\ttableName: 'Edl_Product',\n\tisolationLevel: 'READ_UNCOMMITTED',\n\tstaged: true) ~> EDLItems\nSrcProduct, AccMgrSelect join(account_manager_id == LIST_ID,\n\tjoinType:'left',\n\tmatchType:'exact',\n\tignoreSpaces: false,\n\tbroadcast: 'auto')~> JoinitemsAccMgr\nSrcAccMgr select(mapColumn(\n\t\tLIST_ID,\n\t\tAccount_Manager_Name = LIST_ITEM_NAME\n\t),\n\tskipDuplicateMapInputs: true,\n\tskipDuplicateMapOutputs: true) ~> AccMgrSelect\nSrcBrandName select(mapColumn(\n\t\tBrand_LIST_ID = LIST_ID,\n\t\tBrand_Name = LIST_ITEM_NAME\n\t),\n\tskipDuplicateMapInputs: true,\n\tskipDuplicateMapOutputs: true) ~> BrandNameSelect\nJoinitemsAccMgr, BrandNameSelect join(brand_name_id == Brand_LIST_ID,\n\tjoinType:'left',\n\tmatchType:'exact',\n\tignoreSpaces: false,\n\tbroadcast: 'auto')~> JoinBrandName\nSrcBrandManager select(mapColumn(\n\t\tBrand_Manager_LIST_ID = LIST_ID,\n\t\tBrand_Manager_Name = LIST_ITEM_NAME\n\t),\n\tskipDuplicateMapInputs: true,\n\tskipDuplicateMapOutputs: true) ~> BrandManagerSelect\nJoinBrandName, BrandManagerSelect join(brand_manager_id == Brand_Manager_LIST_ID,\n\tjoinType:'left',\n\tmatchType:'exact',\n\tignoreSpaces: false,\n\tbroadcast: 'auto')~> JoinBrandManager\nSrcItemStatus select(mapColumn(\n\t\tItem_Status_LIST_ID = LIST_ID,\n\t\tItem_Status_Name = LIST_ITEM_NAME\n\t),\n\tskipDuplicateMapInputs: true,\n\tskipDuplicateMapOutputs: true) ~> ItemStatusSelect\nJoinBrandManager, ItemStatusSelect join(item_status_id == Item_Status_LIST_ID,\n\tjoinType:'left',\n\tmatchType:'exact',\n\tignoreSpaces: false,\n\tbroadcast: 'auto')~> JoinItemStatus\nSrcItemTypeList select(mapColumn(\n\t\tItem_Type_LIST_ID = LIST_ID,\n\t\tItem_Type_Name = LIST_ITEM_NAME\n\t),\n\tskipDuplicateMapInputs: true,\n\tskipDuplicateMapOutputs: true) ~> ItemTypeSelect\nJoinItemStatus, ItemTypeSelect join(item_type_id == Item_Type_LIST_ID,\n\tjoinType:'left',\n\tmatchType:'exact',\n\tignoreSpaces: false,\n\tbroadcast: 'auto')~> JoinItemType\nSrcFactoryName select(mapColumn(\n\t\tMaker_Name_id = LIST_ID,\n\t\tMaker_Name = LIST_ITEM_NAME\n\t),\n\tskipDuplicateMapInputs: true,\n\tskipDuplicateMapOutputs: true) ~> FactoryNameSelect\nJoinItemType, FactoryNameSelect join(SrcProduct@maker_name_id == FactoryNameSelect@Maker_Name_id,\n\tjoinType:'left',\n\tmatchType:'exact',\n\tignoreSpaces: false,\n\tbroadcast: 'auto')~> JoinFactoryName\nSrcProductManagerList select(mapColumn(\n\t\tProduct_Manager_LIST_ID = LIST_ID,\n\t\tProduct_Manger_Name = LIST_ITEM_NAME\n\t),\n\tskipDuplicateMapInputs: true,\n\tskipDuplicateMapOutputs: true) ~> ProductManagerSelect\nJoinFactoryName, ProductManagerSelect join(product_manager_id == Product_Manager_LIST_ID,\n\tjoinType:'left',\n\tmatchType:'exact',\n\tignoreSpaces: false,\n\tbroadcast: 'auto')~> JoinProductionManager\nJoinProductionManager select(mapColumn(\n\t\tItem_ID,\n\t\tGeneric_Description,\n\t\tPURCHASEDESCRIPTION,\n\t\tArtwork,\n\t\tColor,\n\t\tPackage_Type,\n\t\tSPECIAL_REQUIREMENTS,\n\t\tCase_pack,\n\t\tfull_name,\n\t\tDisplayName,\n\t\tMASTER_CARTON_RQMNTS,\n\t\tTRADE_PARTNER_NAME,\n\t\tPART_OF_ASSEMBLY_ITEM,\n\t\tType_Name,\n\t\tTRADE_PARTNER_CODE,\n\t\tVendorname,\n\t\tUPC,\n\t\tQuantityOnHand,\n\t\tSSCC14,\n\t\tMASTER_CARTON_MARKINGS_ITEM_N,\n\t\tCreated,\n\t\tDate_last_modified,\n\t\tAccount_Manager_Name,\n\t\tBrand_Name,\n\t\tBrand_Manager_Name,\n\t\tItem_Status_Name,\n\t\tItem_Type_Name,\n\t\tMaker_Name,\n\t\tProduct_Manger_Name\n\t),\n\tskipDuplicateMapInputs: true,\n\tskipDuplicateMapOutputs: true) ~> RequiredColumnsSelect\nRequiredColumnsSelect derive(join_column = 1) ~> DerivedColumn1\nAudit derive(joincolumn1 = 1) ~> DerivedColumn2\nDerivedColumn1, DerivedColumn2 join(join_column == joincolumn1,\n\tjoinType:'left',\n\tmatchType:'exact',\n\tignoreSpaces: false,\n\tbroadcast: 'auto')~> JoinAudit\nJoinAudit filter(Date_last_modified>Last_Modified_Date) ~> FilterIncremental\nFilterIncremental derive(ActiveFlag = 'Y',\n\t\tItem_ID = toInteger(Item_ID),\n\t\tQuantityOnHand = toDecimal(QuantityOnHand),\n\t\tDelete_Flg = 'N',\n\t\tCase_pack = toDecimal(Case_pack)) ~> DerivedFlagColumn\nDerivedFlagColumn, RenamingColumns lookup(Item_ID == Tgt_Item_ID,\n\tmultiple: false,\n\tpickup: 'any',\n\tbroadcast: 'auto')~> LkpDlItems\nEDLItems select(mapColumn(\n\t\tTgt_Item_key = Item_key,\n\t\tTgt_Item_ID = Item_Id,\n\t\tTgt_Generic_Description = Generic_Description,\n\t\tTgt_PURCHASEDESCRIPTION = PurchaseDescription,\n\t\tTgt_Artwork = Artwork,\n\t\tTgt_Color = Color,\n\t\tTgt_Package_Type = Package_Type,\n\t\tTgt_SPECIAL_REQUIREMENTS = Special_Requirements,\n\t\tTgt_Case_pack = Case_Pack,\n\t\tTgt_full_name = Full_Name,\n\t\tTgt_display_name = Display_Name,\n\t\tTgt_Account_manager_name = Account_Manager_Name,\n\t\tTgt_Brand_name = Brand_Name,\n\t\tTgt_brand_manager_name = Brand_Manager_Name,\n\t\tTgt_item_status = Item_Status,\n\t\tTgt_item_type = Item_Type,\n\t\tTgt_maker_name = Maker_Name,\n\t\tTgt_Product_manager_name = Product_Manager_Name,\n\t\tTgt_MASTER_CARTON_RQMNTS = Master_Carton_Rqmnts,\n\t\tTgt_TRADE_PARTNER_NAME = Trade_Partner_Name,\n\t\tTgt_PART_OF_ASSEMBLY_ITEM = Part_Of_Assembly_Item,\n\t\tTgt_Type_Name = Type_Name,\n\t\tTgt_TRADE_PARTNER_CODE = Trade_Partner_Code,\n\t\tTgt_Vendorname = VendorName,\n\t\tTgt_UPC = UPC,\n\t\tTgt_QunatityOnHand = QunatityOnHand,\n\t\tTgt_SSCC14 = SSCC14,\n\t\tTgt_MASTER_CARTON_MARKINGS_ITEM_N = Master_Carton_Markings_Item_N,\n\t\tTgt_Delete_flg = Delete_Flg,\n\t\tTgt_create_Date = Create_Date,\n\t\tTgt_Date_last_modified = Date_Last_Modified,\n\t\tTgt_Created_By = Created_By,\n\t\tTgt_Created_Timestamp = Created_Timestamp,\n\t\tTgt_Last_Updated_By = Last_Updated_By,\n\t\tTgt_Last_Update_Timestamp = Last_Update_Timestamp,\n\t\tTgt_Active_Flag = Active_Flag\n\t),\n\tskipDuplicateMapInputs: true,\n\tskipDuplicateMapOutputs: true) ~> RenamingColumns\nRenamingColumns derive(Join_Column2 = 2,\n\t\tTGT_Active_Flag = 'N') ~> DerivedColumn3\nLkpDlItems split(isNull(Tgt_Item_key),\n\tnot (isNull(Tgt_Item_key))&&Tgt_Generic_Description!=Tgt_Generic_Description||\r\nTgt_PURCHASEDESCRIPTION!=Tgt_PURCHASEDESCRIPTION||Tgt_Artwork!=Tgt_Artwork||\r\nTgt_Color!=Tgt_Color||Tgt_Package_Type!=Tgt_Package_Type||\r\nTgt_SPECIAL_REQUIREMENTS!=Tgt_SPECIAL_REQUIREMENTS||\r\nTgt_Case_pack!=Tgt_Case_pack||Tgt_full_name!=Tgt_full_name||\r\nTgt_display_name!=DisplayName||Tgt_Account_manager_name!=Account_Manager_Name||\r\nTgt_Brand_name!=Brand_Name||Tgt_brand_manager_name!=Brand_Manager_Name||Tgt_item_status!=Item_Status_Name||\r\nTgt_item_type!=Item_Type_Name||Tgt_maker_name!=Maker_Name||Tgt_Product_manager_name!=Product_Manger_Name||\r\nTgt_MASTER_CARTON_RQMNTS!=Tgt_MASTER_CARTON_RQMNTS||Tgt_TRADE_PARTNER_NAME!=TRADE_PARTNER_NAME||Tgt_Type_Name!=Type_Name||\r\nTgt_TRADE_PARTNER_CODE!=TRADE_PARTNER_CODE||PART_OF_ASSEMBLY_ITEM!=Tgt_PART_OF_ASSEMBLY_ITEM||Tgt_Vendorname!=Vendorname||\r\nTgt_UPC!=UPC||Tgt_QunatityOnHand!=QuantityOnHand||Tgt_SSCC14!=SSCC14||\r\nTgt_MASTER_CARTON_MARKINGS_ITEM_N!=MASTER_CARTON_MARKINGS_ITEM_N||Tgt_create_Date!=Created||\r\nTgt_Date_last_modified!=Date_last_modified,\n\tdisjoint: false) ~> ConditionalInsertUpdate@(Insert, Update)\nConditionalInsertUpdate@Insert derive(Created_Timestamp = currentTimestamp(),\n\t\tLast_Update_Timestamp = currentTimestamp(),\n\t\tCreated_By = 'ETL',\n\t\tLast_Updated_By = 'ETL') ~> AuditInsert\nAuditInsert select(mapColumn(\n\t\tItem_ID,\n\t\tGeneric_Description,\n\t\tPURCHASEDESCRIPTION,\n\t\tArtwork,\n\t\tColor,\n\t\tPackage_Type,\n\t\tSPECIAL_REQUIREMENTS,\n\t\tCase_pack,\n\t\tfull_name,\n\t\tDisplayName,\n\t\tMASTER_CARTON_RQMNTS,\n\t\tType_Name,\n\t\tTRADE_PARTNER_CODE,\n\t\tVendorname,\n\t\tUPC,\n\t\tQuantityOnHand,\n\t\tSSCC14,\n\t\tMASTER_CARTON_MARKINGS_ITEM_N,\n\t\tCreated,\n\t\tDate_last_modified,\n\t\tTRADE_PARTNER_NAME,\n\t\tPART_OF_ASSEMBLY_ITEM,\n\t\tAccoount_Manager_Name = Account_Manager_Name,\n\t\tBrand_Name,\n\t\tBrand_Manager_Name,\n\t\tItem_Status_Name,\n\t\tItem_Type_Name,\n\t\tMaker_Name,\n\t\tProduct_Manger_Name,\n\t\tLast_Modified_Date,\n\t\tActiveFlag,\n\t\tDelete_Flg,\n\t\tCreated_Timestamp,\n\t\tLast_Update_Timestamp,\n\t\tCreated_By,\n\t\tLast_Updated_By\n\t),\n\tskipDuplicateMapInputs: true,\n\tskipDuplicateMapOutputs: true) ~> InsertColumns\nConditionalInsertUpdate@Update alterRow(updateIf(true())) ~> AlterRow\nAlterRow derive(Last_Update_Timestamp = currentTimestamp(),\n\t\tLast_Updated_By = 'ETL') ~> DerivedColumnUpdate\nDerivedColumnUpdate select(mapColumn(\n\t\tItem_ID,\n\t\tItem_key = Tgt_Item_key,\n\t\tGeneric_Description,\n\t\tPURCHASEDESCRIPTION,\n\t\tArtwork,\n\t\tColor,\n\t\tPackage_Type,\n\t\tSPECIAL_REQUIREMENTS,\n\t\tCase_pack,\n\t\tfull_name,\n\t\tDisplayName,\n\t\tMASTER_CARTON_RQMNTS,\n\t\tType_Name,\n\t\tTRADE_PARTNER_CODE,\n\t\tVendorname,\n\t\tUPC,\n\t\tQuantityOnHand,\n\t\tSSCC14,\n\t\tMASTER_CARTON_MARKINGS_ITEM_N,\n\t\tCreated,\n\t\tDate_last_modified,\n\t\tTRADE_PARTNER_NAME,\n\t\tPART_OF_ASSEMBLY_ITEM,\n\t\tAccoount_Manager_Name = Account_Manager_Name,\n\t\tBrand_Name,\n\t\tBrand_Manager_Name,\n\t\tItem_Status_Name,\n\t\tItem_Type_Name,\n\t\tMaker_Name,\n\t\tProduct_Manger_Name,\n\t\tLast_Modified_Date,\n\t\tActiveFlag,\n\t\tDelete_Flg,\n\t\tLast_Update_Timestamp,\n\t\tLast_Updated_By\n\t),\n\tskipDuplicateMapInputs: true,\n\tskipDuplicateMapOutputs: true) ~> SelectRequired\nEDLItems, SrcProduct exists(EDLItems@Item_Id == SrcProduct@Item_ID,\n\tnegate:true,\n\tbroadcast: 'auto')~> Exists1\nExists1 alterRow(updateIf(true())) ~> AlterRow1\nAlterRow1 derive(Active_Flag = 'Y',\n\t\tDelete_Flg = 'Y') ~> DerivedColumn4\nInsertColumns sink(allowSchemaDrift: true,\n\tvalidateSchema: false,\n\tinput(\n\t\tItem_key as integer,\n\t\tItem_Id as integer,\n\t\tGeneric_Description as string,\n\t\tPurchaseDescription as string,\n\t\tArtwork as string,\n\t\tColor as string,\n\t\tPackage_Type as string,\n\t\tSpecial_Requirements as string,\n\t\tCase_Pack as decimal(19,2),\n\t\tFull_Name as string,\n\t\tDisplay_Name as string,\n\t\tAccount_Manager_Name as string,\n\t\tBrand_Name as string,\n\t\tBrand_Manager_Name as string,\n\t\tItem_Status as string,\n\t\tItem_Type as string,\n\t\tMaker_Name as string,\n\t\tProduct_Manager_Name as string,\n\t\tMaster_Carton_Rqmnts as string,\n\t\tTrade_Partner_Name as string,\n\t\tPart_Of_Assembly_Item as string,\n\t\tType_Name as string,\n\t\tTrade_Partner_Code as string,\n\t\tVendorName as string,\n\t\tUPC as string,\n\t\tQunatityOnHand as decimal(19,2),\n\t\tSSCC14 as string,\n\t\tMaster_Carton_Markings_Item_N as string,\n\t\tDelete_Flg as string,\n\t\tCreate_Date as timestamp,\n\t\tDate_Last_Modified as timestamp,\n\t\tCreated_By as string,\n\t\tCreated_Timestamp as timestamp,\n\t\tLast_Updated_By as string,\n\t\tLast_Update_Timestamp as timestamp,\n\t\tActive_Flag as string\n\t),\n\tformat: 'table',\n\tstore: 'synapseanalytics',\n\tschemaName: 'edl',\n\ttableName: 'Edl_Product',\n\tinsertable: true,\n\tupdateable: false,\n\tdeletable: false,\n\tupsertable: false,\n\tstaged: true,\n\tskipDuplicateMapInputs: true,\n\tskipDuplicateMapOutputs: true,\n\tsaveOrder: 1,\n\terrorHandlingOption: 'stopOnFirstError',\n\tmapColumn(\n\t\tItem_Id = Item_ID,\n\t\tGeneric_Description,\n\t\tPurchaseDescription = PURCHASEDESCRIPTION,\n\t\tArtwork,\n\t\tColor,\n\t\tPackage_Type,\n\t\tSpecial_Requirements = SPECIAL_REQUIREMENTS,\n\t\tCase_Pack = Case_pack,\n\t\tFull_Name = full_name,\n\t\tDisplay_Name = DisplayName,\n\t\tAccount_Manager_Name = Accoount_Manager_Name,\n\t\tBrand_Name,\n\t\tBrand_Manager_Name,\n\t\tItem_Status = Item_Status_Name,\n\t\tItem_Type = Item_Type_Name,\n\t\tMaker_Name,\n\t\tProduct_Manager_Name = Product_Manger_Name,\n\t\tMaster_Carton_Rqmnts = MASTER_CARTON_RQMNTS,\n\t\tTrade_Partner_Name = TRADE_PARTNER_NAME,\n\t\tPart_Of_Assembly_Item = PART_OF_ASSEMBLY_ITEM,\n\t\tType_Name,\n\t\tTrade_Partner_Code = TRADE_PARTNER_CODE,\n\t\tVendorName = Vendorname,\n\t\tUPC,\n\t\tQunatityOnHand = QuantityOnHand,\n\t\tSSCC14,\n\t\tMaster_Carton_Markings_Item_N = MASTER_CARTON_MARKINGS_ITEM_N,\n\t\tDelete_Flg,\n\t\tCreate_Date = Created,\n\t\tDate_Last_Modified = Date_last_modified,\n\t\tCreated_By,\n\t\tCreated_Timestamp,\n\t\tLast_Updated_By,\n\t\tLast_Update_Timestamp,\n\t\tActive_Flag = ActiveFlag\n\t)) ~> SinkEDLProductInsert\nSelectRequired sink(allowSchemaDrift: true,\n\tvalidateSchema: false,\n\tinput(\n\t\tItem_key as integer,\n\t\tItem_Id as integer,\n\t\tGeneric_Description as string,\n\t\tPurchaseDescription as string,\n\t\tArtwork as string,\n\t\tColor as string,\n\t\tPackage_Type as string,\n\t\tSpecial_Requirements as string,\n\t\tCase_Pack as decimal(19,2),\n\t\tFull_Name as string,\n\t\tDisplay_Name as string,\n\t\tAccount_Manager_Name as string,\n\t\tBrand_Name as string,\n\t\tBrand_Manager_Name as string,\n\t\tItem_Status as string,\n\t\tItem_Type as string,\n\t\tMaker_Name as string,\n\t\tProduct_Manager_Name as string,\n\t\tMaster_Carton_Rqmnts as string,\n\t\tTrade_Partner_Name as string,\n\t\tPart_Of_Assembly_Item as string,\n\t\tType_Name as string,\n\t\tTrade_Partner_Code as string,\n\t\tVendorName as string,\n\t\tUPC as string,\n\t\tQunatityOnHand as decimal(19,2),\n\t\tSSCC14 as string,\n\t\tMaster_Carton_Markings_Item_N as string,\n\t\tDelete_Flg as string,\n\t\tCreate_Date as timestamp,\n\t\tDate_Last_Modified as timestamp,\n\t\tCreated_By as string,\n\t\tCreated_Timestamp as timestamp,\n\t\tLast_Updated_By as string,\n\t\tLast_Update_Timestamp as timestamp,\n\t\tActive_Flag as string\n\t),\n\tformat: 'table',\n\tstore: 'synapseanalytics',\n\tschemaName: 'edl',\n\ttableName: 'Edl_Product',\n\tpreSQLs:['set identity_insert edl.Edl_Product on'],\n\tinsertable: true,\n\tupdateable: true,\n\tdeletable: false,\n\tupsertable: false,\n\tkeys:['Item_key'],\n\tpostSQLs:['set identity_insert edl.Edl_Customer off\\n\\nupdate dw.Audit\\nset Create_Date= (select max(Create_Date) from edl.Edl_Product),\\nLast_Modified_Date= (select max(Date_Last_Modified) from edl.Edl_Product)\\nwhere Subject_Area =\\'Product\\''],\n\tstaged: true,\n\tskipDuplicateMapInputs: true,\n\tskipDuplicateMapOutputs: true,\n\tsaveOrder: 2,\n\terrorHandlingOption: 'stopOnFirstError',\n\tmapColumn(\n\t\tItem_key,\n\t\tItem_Id = Item_ID,\n\t\tGeneric_Description,\n\t\tPurchaseDescription = PURCHASEDESCRIPTION,\n\t\tArtwork,\n\t\tColor,\n\t\tPackage_Type,\n\t\tSpecial_Requirements = SPECIAL_REQUIREMENTS,\n\t\tCase_Pack = Case_pack,\n\t\tFull_Name = full_name,\n\t\tDisplay_Name = DisplayName,\n\t\tAccount_Manager_Name = Accoount_Manager_Name,\n\t\tBrand_Name,\n\t\tBrand_Manager_Name,\n\t\tItem_Status = Item_Status_Name,\n\t\tItem_Type = Item_Type_Name,\n\t\tMaker_Name,\n\t\tProduct_Manager_Name = Product_Manger_Name,\n\t\tMaster_Carton_Rqmnts = MASTER_CARTON_RQMNTS,\n\t\tTrade_Partner_Name = TRADE_PARTNER_NAME,\n\t\tPart_Of_Assembly_Item = PART_OF_ASSEMBLY_ITEM,\n\t\tType_Name,\n\t\tTrade_Partner_Code = TRADE_PARTNER_CODE,\n\t\tVendorName = Vendorname,\n\t\tUPC,\n\t\tQunatityOnHand = QuantityOnHand,\n\t\tSSCC14,\n\t\tMaster_Carton_Markings_Item_N = MASTER_CARTON_MARKINGS_ITEM_N,\n\t\tDelete_Flg,\n\t\tCreate_Date = Created,\n\t\tDate_Last_Modified = Date_last_modified,\n\t\tLast_Updated_By,\n\t\tLast_Update_Timestamp,\n\t\tActive_Flag = ActiveFlag\n\t)) ~> SinkEDLItemsUpdate\nDerivedColumn4 sink(allowSchemaDrift: true,\n\tvalidateSchema: false,\n\tinput(\n\t\tItem_key as integer,\n\t\tItem_Id as integer,\n\t\tGeneric_Description as string,\n\t\tPurchaseDescription as string,\n\t\tArtwork as string,\n\t\tColor as string,\n\t\tPackage_Type as string,\n\t\tSpecial_Requirements as string,\n\t\tCase_Pack as decimal(19,2),\n\t\tFull_Name as string,\n\t\tDisplay_Name as string,\n\t\tAccount_Manager_Name as string,\n\t\tBrand_Name as string,\n\t\tBrand_Manager_Name as string,\n\t\tItem_Status as string,\n\t\tItem_Type as string,\n\t\tMaker_Name as string,\n\t\tProduct_Manager_Name as string,\n\t\tMaster_Carton_Rqmnts as string,\n\t\tTrade_Partner_Name as string,\n\t\tPart_Of_Assembly_Item as string,\n\t\tType_Name as string,\n\t\tTrade_Partner_Code as string,\n\t\tVendorName as string,\n\t\tUPC as string,\n\t\tQunatityOnHand as decimal(19,2),\n\t\tSSCC14 as string,\n\t\tMaster_Carton_Markings_Item_N as string,\n\t\tDelete_Flg as string,\n\t\tCreate_Date as timestamp,\n\t\tDate_Last_Modified as timestamp,\n\t\tCreated_By as string,\n\t\tCreated_Timestamp as timestamp,\n\t\tLast_Updated_By as string,\n\t\tLast_Update_Timestamp as timestamp,\n\t\tActive_Flag as string\n\t),\n\tformat: 'table',\n\tstore: 'synapseanalytics',\n\tschemaName: 'edl',\n\ttableName: 'edl_product',\n\tpreSQLs:['set identity_insert edl.Edl_Product on'],\n\tinsertable: true,\n\tupdateable: true,\n\tdeletable: false,\n\tupsertable: false,\n\tkeys:['Item_key'],\n\tpostSQLs:['set identity_insert edl.Edl_Product off'],\n\tstaged: true,\n\tskipDuplicateMapInputs: true,\n\tskipDuplicateMapOutputs: true,\n\tsaveOrder: 3,\n\terrorHandlingOption: 'stopOnFirstError') ~> sinkDelFlag"
		}
	}
}