{
	"name": "DfAdlsToEdlSalesReps",
	"properties": {
		"type": "MappingDataFlow",
		"typeProperties": {
			"sources": [
				{
					"dataset": {
						"referenceName": "DsAdls",
						"type": "DatasetReference"
					},
					"name": "SRCSalesReps"
				},
				{
					"linkedService": {
						"referenceName": "LsAzureDb",
						"type": "LinkedServiceReference"
					},
					"name": "AuditClms"
				},
				{
					"linkedService": {
						"referenceName": "LsAzureDb",
						"type": "LinkedServiceReference"
					},
					"name": "TgtDlSalesReps"
				}
			],
			"sinks": [
				{
					"linkedService": {
						"referenceName": "LsAzureDb",
						"type": "LinkedServiceReference"
					},
					"name": "SnkInsert"
				},
				{
					"linkedService": {
						"referenceName": "LsAzureDb",
						"type": "LinkedServiceReference"
					},
					"name": "SnkUpdate"
				},
				{
					"linkedService": {
						"referenceName": "LsAzureDb",
						"type": "LinkedServiceReference"
					},
					"name": "sinkDelFlag"
				}
			],
			"transformations": [
				{
					"name": "JoinColAudit"
				},
				{
					"name": "JoincolSrcSales"
				},
				{
					"name": "Join1"
				},
				{
					"name": "FltIncremental"
				},
				{
					"name": "DerivedFlagColumns"
				},
				{
					"name": "JoinColTgt"
				},
				{
					"name": "LkpDlSalesRep"
				},
				{
					"name": "ConditionalInsertUpdate"
				},
				{
					"name": "AuditInsert"
				},
				{
					"name": "SelectRequiredColm"
				},
				{
					"name": "AlterRow"
				},
				{
					"name": "DeriverColumnUpdate"
				},
				{
					"name": "SelectRequired"
				},
				{
					"name": "Exists1"
				},
				{
					"name": "AlterRowDelFlag"
				},
				{
					"name": "DerivedDelFlag"
				}
			],
			"script": "source(output(\n\t\tSales_Rep_ID as double,\n\t\tfull_name as string,\n\t\tAddress as string,\n\t\tCity as string,\n\t\tCountry as string,\n\t\tEmail as string,\n\t\tloginaccess as string,\n\t\tPhone as string,\n\t\tcreate_Date as timestamp,\n\t\tdate_last_modified as timestamp\n\t),\n\tallowSchemaDrift: true,\n\tvalidateSchema: false,\n\tignoreNoFilesFound: false,\n\tformat: 'parquet') ~> SRCSalesReps\nsource(output(\n\t\tlast_modified_date as timestamp\n\t),\n\tallowSchemaDrift: true,\n\tvalidateSchema: false,\n\tformat: 'query',\n\tstore: 'synapseanalytics',\n\tquery: 'select last_modified_date from dw.audit where subject_area=\\'Sales Reps\\'',\n\tisolationLevel: 'READ_UNCOMMITTED',\n\tstaged: true) ~> AuditClms\nsource(output(\n\t\tSales_Key as integer,\n\t\tSales_Rep_Id as integer,\n\t\tSales_Rep_Name as string,\n\t\tDelete_Flg as string,\n\t\tCreate_Date as timestamp,\n\t\tDate_Last_Modified as timestamp,\n\t\tCreated_By as string,\n\t\tCreated_Timestamp as timestamp,\n\t\tLast_Updated_By as string,\n\t\tLast_Update_Timestamp as timestamp,\n\t\tActive_Flag as string,\n\t\tLoginAccess as string,\n\t\tEmail as string,\n\t\tPhone as string,\n\t\tAddress as string,\n\t\tCity as string,\n\t\tCountry as string\n\t),\n\tallowSchemaDrift: true,\n\tvalidateSchema: false,\n\tformat: 'table',\n\tstore: 'synapseanalytics',\n\tschemaName: 'edl',\n\ttableName: 'Edl_salesrep',\n\tisolationLevel: 'READ_UNCOMMITTED',\n\tstaged: true) ~> TgtDlSalesReps\nAuditClms derive(Join_col1 = 1) ~> JoinColAudit\nSRCSalesReps derive(join_col = 1) ~> JoincolSrcSales\nJoincolSrcSales, JoinColAudit join(join_col == Join_col1,\n\tjoinType:'left',\n\tmatchType:'exact',\n\tignoreSpaces: false,\n\tbroadcast: 'auto')~> Join1\nJoin1 filter(date_last_modified>last_modified_date) ~> FltIncremental\nFltIncremental derive(Active_Flag = 'Y',\n\t\tDelete_Flg = 'N') ~> DerivedFlagColumns\nTgtDlSalesReps select(mapColumn(\n\t\tTGT_Sales_Key = Sales_Key,\n\t\tTGT_Sales_Rep_Id = Sales_Rep_Id,\n\t\tTGT_Sales_Rep_Name = Sales_Rep_Name,\n\t\tTGT_Delete_Flg = Delete_Flg,\n\t\tTGT_Create_Date = Create_Date,\n\t\tTGT_Date_Last_Modified = Date_Last_Modified,\n\t\tTGT_Created_By = Created_By,\n\t\tTGT_Created_Timestamp = Created_Timestamp,\n\t\tTGT_Last_Updated_By = Last_Updated_By,\n\t\tTGT_Last_Update_Timestamp = Last_Update_Timestamp,\n\t\tTGT_Active_Flag = Active_Flag,\n\t\tTGT_LoginAccess = LoginAccess,\n\t\tTGT_Email = Email,\n\t\tTGT_Phone = Phone,\n\t\tTGT_Address = Address,\n\t\tTGT_City = City,\n\t\tTGT_Country = Country\n\t),\n\tskipDuplicateMapInputs: true,\n\tskipDuplicateMapOutputs: true) ~> JoinColTgt\nDerivedFlagColumns, JoinColTgt lookup(Sales_Rep_ID == TGT_Sales_Rep_Id,\n\tmultiple: false,\n\tpickup: 'any',\n\tbroadcast: 'auto')~> LkpDlSalesRep\nLkpDlSalesRep split(isNull(TGT_Sales_Key),\n\tnot (isNull(TGT_Sales_Key))&&full_name!=TGT_Sales_Rep_Name|| date_last_modified != TGT_Date_Last_Modified,\n\tdisjoint: false) ~> ConditionalInsertUpdate@(Insert, Update)\nConditionalInsertUpdate@Insert derive(Created_Timestamp = currentTimestamp(),\n\t\tSales_Rep_ID = toInteger(Sales_Rep_ID),\n\t\tLast_Update_Timestamp = currentTimestamp(),\n\t\tCreated_By = 'ETL',\n\t\tLast_Updated_By = 'ETL') ~> AuditInsert\nAuditInsert select(mapColumn(\n\t\tSales_Key = TGT_Sales_Key,\n\t\tSales_Rep_ID,\n\t\tfull_name,\n\t\tAddress,\n\t\tCity,\n\t\tCountry,\n\t\tEmail,\n\t\tloginaccess,\n\t\tPhone,\n\t\tcreate_Date,\n\t\tdate_last_modified,\n\t\tlast_modified_date,\n\t\tActive_Flag,\n\t\tDelete_Flg,\n\t\tCreated_Timestamp,\n\t\tLast_Update_Timestamp,\n\t\tCreated_By,\n\t\tLast_Updated_By\n\t),\n\tskipDuplicateMapInputs: true,\n\tskipDuplicateMapOutputs: true) ~> SelectRequiredColm\nConditionalInsertUpdate@Update alterRow(updateIf(true())) ~> AlterRow\nAlterRow derive(Last_Update_Timestamp = currentTimestamp(),\n\t\tLast_Updated_By = 'ETL',\n\t\tSales_Rep_ID = toInteger(Sales_Rep_ID)) ~> DeriverColumnUpdate\nDeriverColumnUpdate select(mapColumn(\n\t\tSales_Rep_ID,\n\t\tfull_name,\n\t\tAddress,\n\t\tCity,\n\t\tCountry,\n\t\tEmail,\n\t\tloginaccess,\n\t\tPhone,\n\t\tcreate_Date,\n\t\tdate_last_modified,\n\t\tjoin_col,\n\t\tlast_modified_date,\n\t\tJoin_col1,\n\t\tActive_Flag,\n\t\tDelete_Flg,\n\t\tSales_Key = TGT_Sales_Key,\n\t\tLast_Update_Timestamp,\n\t\tLast_Updated_By\n\t),\n\tskipDuplicateMapInputs: true,\n\tskipDuplicateMapOutputs: true) ~> SelectRequired\nTgtDlSalesReps, SRCSalesReps exists(TgtDlSalesReps@Sales_Rep_Id == SRCSalesReps@Sales_Rep_ID,\n\tnegate:true,\n\tbroadcast: 'auto')~> Exists1\nExists1 alterRow(updateIf(true())) ~> AlterRowDelFlag\nAlterRowDelFlag derive(Delete_Flg = 'Y',\n\t\tActive_Flag = 'Y') ~> DerivedDelFlag\nSelectRequiredColm sink(allowSchemaDrift: true,\n\tvalidateSchema: false,\n\tinput(\n\t\tSales_Key as integer,\n\t\tSales_Rep_Id as integer,\n\t\tSales_Rep_Name as string,\n\t\tDelete_Flg as string,\n\t\tCreate_Date as timestamp,\n\t\tDate_Last_Modified as timestamp,\n\t\tCreated_By as string,\n\t\tCreated_Timestamp as timestamp,\n\t\tLast_Updated_By as string,\n\t\tLast_Update_Timestamp as timestamp,\n\t\tActive_Flag as string,\n\t\tLoginAccess as string,\n\t\tEmail as string,\n\t\tPhone as string,\n\t\tAddress as string,\n\t\tCity as string,\n\t\tCountry as string\n\t),\n\tformat: 'table',\n\tstore: 'synapseanalytics',\n\tschemaName: 'edl',\n\ttableName: 'Edl_Salesrep',\n\tinsertable: true,\n\tupdateable: false,\n\tdeletable: false,\n\tupsertable: false,\n\tstaged: true,\n\tskipDuplicateMapInputs: true,\n\tskipDuplicateMapOutputs: true,\n\tsaveOrder: 1,\n\terrorHandlingOption: 'stopOnFirstError',\n\tmapColumn(\n\t\tSales_Rep_Id = Sales_Rep_ID,\n\t\tSales_Rep_Name = full_name,\n\t\tDelete_Flg,\n\t\tCreate_Date = create_Date,\n\t\tDate_Last_Modified = date_last_modified,\n\t\tCreated_By,\n\t\tCreated_Timestamp,\n\t\tLast_Updated_By,\n\t\tLast_Update_Timestamp,\n\t\tActive_Flag,\n\t\tLoginAccess = loginaccess,\n\t\tEmail,\n\t\tPhone,\n\t\tAddress,\n\t\tCity,\n\t\tCountry\n\t)) ~> SnkInsert\nSelectRequired sink(allowSchemaDrift: true,\n\tvalidateSchema: false,\n\tinput(\n\t\tSales_Key as integer,\n\t\tSales_Rep_Id as integer,\n\t\tSales_Rep_Name as string,\n\t\tDelete_Flg as string,\n\t\tCreate_Date as timestamp,\n\t\tDate_Last_Modified as timestamp,\n\t\tCreated_By as string,\n\t\tCreated_Timestamp as timestamp,\n\t\tLast_Updated_By as string,\n\t\tLast_Update_Timestamp as timestamp,\n\t\tActive_Flag as string,\n\t\tLoginAccess as string,\n\t\tEmail as string,\n\t\tPhone as string,\n\t\tAddress as string,\n\t\tCity as string,\n\t\tCountry as string\n\t),\n\tformat: 'table',\n\tstore: 'synapseanalytics',\n\tschemaName: 'edl',\n\ttableName: 'Edl_Salesrep',\n\tpreSQLs:['set identity_insert edl.Edl_Salesrep on'],\n\tinsertable: true,\n\tupdateable: true,\n\tdeletable: false,\n\tupsertable: false,\n\tkeys:['Sales_Key'],\n\tpostSQLs:['SET IDENTITY_INSERT edl.Edl_Salesrep OFF\\n\\nupdate dw.[Audit]\\nset Create_Date= (select max(Create_Date) from edl.Edl_Salesrep),\\nLast_Modified_Date= (select max(Date_Last_Modified) from edl.Edl_Salesrep)\\nwhere Subject_Area =\\'Sales Reps\\''],\n\tstaged: true,\n\tskipDuplicateMapInputs: true,\n\tskipDuplicateMapOutputs: true,\n\tsaveOrder: 2,\n\terrorHandlingOption: 'stopOnFirstError',\n\tmapColumn(\n\t\tSales_Key,\n\t\tSales_Rep_Id = Sales_Rep_ID,\n\t\tSales_Rep_Name = full_name,\n\t\tDelete_Flg,\n\t\tCreate_Date = create_Date,\n\t\tDate_Last_Modified = date_last_modified,\n\t\tLast_Updated_By,\n\t\tLast_Update_Timestamp,\n\t\tActive_Flag,\n\t\tLoginAccess = loginaccess,\n\t\tEmail,\n\t\tPhone,\n\t\tAddress,\n\t\tCity,\n\t\tCountry\n\t)) ~> SnkUpdate\nDerivedDelFlag sink(allowSchemaDrift: true,\n\tvalidateSchema: false,\n\tinput(\n\t\tSales_Key as integer,\n\t\tSales_Rep_Id as integer,\n\t\tSales_Rep_Name as string,\n\t\tDelete_Flg as string,\n\t\tCreate_Date as timestamp,\n\t\tDate_Last_Modified as timestamp,\n\t\tCreated_By as string,\n\t\tCreated_Timestamp as timestamp,\n\t\tLast_Updated_By as string,\n\t\tLast_Update_Timestamp as timestamp,\n\t\tActive_Flag as string,\n\t\tLoginAccess as string,\n\t\tEmail as string,\n\t\tPhone as string,\n\t\tAddress as string,\n\t\tCity as string,\n\t\tCountry as string\n\t),\n\tformat: 'table',\n\tstore: 'synapseanalytics',\n\tschemaName: 'edl',\n\ttableName: 'Edl_Salesrep',\n\tpreSQLs:['SET IDENTITY_INSERT edl.edl_salesrep ON'],\n\tinsertable: true,\n\tupdateable: true,\n\tdeletable: false,\n\tupsertable: false,\n\tkeys:['Sales_Key'],\n\tpostSQLs:['SET IDENTITY_INSERT edl.edl_salesrep OFF'],\n\tstaged: true,\n\tskipDuplicateMapInputs: true,\n\tskipDuplicateMapOutputs: true,\n\tsaveOrder: 3,\n\terrorHandlingOption: 'stopOnFirstError') ~> sinkDelFlag"
		}
	}
}