{
	"name": "DfAdlsToEdlReleasePo",
	"properties": {
		"type": "MappingDataFlow",
		"typeProperties": {
			"sources": [
				{
					"dataset": {
						"referenceName": "DsAdls",
						"type": "DatasetReference"
					},
					"name": "SrcReleasePo"
				},
				{
					"linkedService": {
						"referenceName": "LsAzureDb",
						"type": "LinkedServiceReference"
					},
					"name": "SrcAudit"
				},
				{
					"linkedService": {
						"referenceName": "LsAzureDb",
						"type": "LinkedServiceReference"
					},
					"name": "EdlReleasePo"
				}
			],
			"sinks": [
				{
					"linkedService": {
						"referenceName": "LsAzureDb",
						"type": "LinkedServiceReference"
					},
					"name": "sinkEdlReleasepoInsert"
				},
				{
					"linkedService": {
						"referenceName": "LsAzureDb",
						"type": "LinkedServiceReference"
					},
					"name": "sinkEdlReleaseUpd"
				},
				{
					"linkedService": {
						"referenceName": "LsAzureDb",
						"type": "LinkedServiceReference"
					},
					"name": "sinkDelFlag"
				}
			],
			"transformations": [
				{
					"name": "DerivedJoinColumn1"
				},
				{
					"name": "DerivedJoinColumn2"
				},
				{
					"name": "JoinAudit"
				},
				{
					"name": "FilterIncremental"
				},
				{
					"name": "SelectReqdColumns"
				},
				{
					"name": "DerivedAuditColumn"
				},
				{
					"name": "ConditionalSplit1"
				},
				{
					"name": "LkpTgtFtReleasepo"
				},
				{
					"name": "RenameTargetTable"
				},
				{
					"name": "AlterRow1"
				},
				{
					"name": "DerivedColumnUpd"
				},
				{
					"name": "DerTransform"
				},
				{
					"name": "SelectReqdUpd"
				},
				{
					"name": "Exists1"
				},
				{
					"name": "AlterRow2"
				},
				{
					"name": "DerivedColumn2"
				}
			],
			"script": "source(output(\n\t\tTRANSACTION_ID as double,\n\t\tTRANSACTION_LINE_ID as double,\n\t\tMEMO as string,\n\t\tSTICKER_REQUIREMENTS as string,\n\t\tINNER_REQUIREMENTS as string,\n\t\tCUSTOMER_REQUIREMENTS as string,\n\t\tSALES_PROGRAM as string,\n\t\tbuyer_id as double,\n\t\tBUYER_CONFIRMED_ON as timestamp,\n\t\tBUYER_DEPT as string,\n\t\tDEPT__PROGRAM as string,\n\t\tPROGRAM_0 as string,\n\t\tCancelled as string,\n\t\tCONFIDENCE_FACTOR_ID as double,\n\t\tCompany_id as double,\n\t\tItem_ID as double,\n\t\tfinal_destination_id as double,\n\t\tSALES_REP_ID as double,\n\t\toh_ as string,\n\t\tPRICE_STICKER_ID as double,\n\t\tPO as string,\n\t\tRELEASE_ORDER_NUMBER as string,\n\t\tCNTNR_ as string,\n\t\tETD_SHIP_DATE as string,\n\t\tSHIP_DATE_OUTBOUND as string,\n\t\tCANCEL_DATE_OUTBOUND as string,\n\t\tEXPIRATION_DATE as timestamp,\n\t\tITEM_COUNT as integer,\n\t\tINNER_QTY as string,\n\t\trelease_quantity as double,\n\t\tITEM_UNIT_PRICE as string,\n\t\tAMOUNT as double,\n\t\tquantity_received_in_shipment as double,\n\t\tETA_ARRIVAL_DATE as string,\n\t\tCreate_date as timestamp,\n\t\tdate_created as timestamp,\n\t\tdate_last_modified_gmt as timestamp,\n\t\tclosed_script as string\n\t),\n\tallowSchemaDrift: true,\n\tvalidateSchema: false,\n\tignoreNoFilesFound: false,\n\tformat: 'parquet') ~> SrcReleasePo\nsource(output(\n\t\tlast_modified_date as timestamp\n\t),\n\tallowSchemaDrift: true,\n\tvalidateSchema: false,\n\tformat: 'query',\n\tstore: 'synapseanalytics',\n\tquery: 'select last_modified_date from dw.audit where subject_area=\\'ReleasePo\\'',\n\tisolationLevel: 'READ_UNCOMMITTED',\n\tstaged: true) ~> SrcAudit\nsource(output(\n\t\tRelease_Key as integer,\n\t\tTransaction_Id as integer,\n\t\tTransaction_Line_Id as integer,\n\t\tMemo as string,\n\t\tSticker_Requirements as string,\n\t\tInner_Requirements as string,\n\t\tCustomer_Requirements as string,\n\t\tSales_Program as string,\n\t\tBuyer_Dept as string,\n\t\tBuyer_Confirmed_On as timestamp,\n\t\tDept_Program as string,\n\t\tProgram_0 as string,\n\t\tCancelled as string,\n\t\tConfidence_Factor_Id as integer,\n\t\tCompany_Id as integer,\n\t\tItem_Id as integer,\n\t\tLocation_Id as integer,\n\t\tSales_Rep_Id as integer,\n\t\tTranId as string,\n\t\tPrice_Sticker_Id as integer,\n\t\tPo as string,\n\t\tRelease_Order_Number as string,\n\t\tCntnr_ as string,\n\t\tEtd_Ship_Date as string,\n\t\tShip_Date_Outbound as string,\n\t\tCancel_Date_Outbound as string,\n\t\tExpiration_Date as timestamp,\n\t\tItem_Count as integer,\n\t\tInner_Qty as string,\n\t\tRelease_Quantity as string,\n\t\tQuantity_Received_In_Shipment as decimal(19,2),\n\t\tItem_Unit_Price as string,\n\t\tAmount as decimal(19,2),\n\t\tEta_Arrival_Date as string,\n\t\tDelete_Flag as string,\n\t\tActive_Flag as string,\n\t\tCreate_Date as timestamp,\n\t\tDate_Created as timestamp,\n\t\tDate_Last_Modified_Gmt as timestamp,\n\t\tCreated_By as string,\n\t\tCreated_Timestamp as timestamp,\n\t\tLast_Updated_By as string,\n\t\tLast_Update_Timestamp as timestamp,\n\t\tClosed_Script as string\n\t),\n\tallowSchemaDrift: true,\n\tvalidateSchema: false,\n\tformat: 'table',\n\tstore: 'synapseanalytics',\n\tschemaName: 'edl',\n\ttableName: 'Edl_ReleasePo',\n\tisolationLevel: 'READ_UNCOMMITTED',\n\tstaged: true) ~> EdlReleasePo\nSrcAudit derive(DerJoinColumn = 1) ~> DerivedJoinColumn1\nSrcReleasePo derive(JoinColumn2 = 1) ~> DerivedJoinColumn2\nDerivedJoinColumn2, DerivedJoinColumn1 join(JoinColumn2 == DerJoinColumn,\n\tjoinType:'left',\n\tmatchType:'exact',\n\tignoreSpaces: false,\n\tbroadcast: 'auto')~> JoinAudit\nJoinAudit filter(date_last_modified_gmt>last_modified_date) ~> FilterIncremental\nDerivedAuditColumn select(mapColumn(\n\t\tTRANSACTION_ID,\n\t\tTRANSACTION_LINE_ID,\n\t\tMEMO,\n\t\tSTICKER_REQUIREMENTS,\n\t\tINNER_REQUIREMENTS,\n\t\tCUSTOMER_REQUIREMENTS,\n\t\tSALES_PROGRAM,\n\t\tbuyer_id,\n\t\tBUYER_CONFIRMED_ON,\n\t\tBUYER_DEPT,\n\t\tDEPT__PROGRAM,\n\t\tPROGRAM_0,\n\t\tCancelled,\n\t\tCONFIDENCE_FACTOR_ID,\n\t\tCompany_id,\n\t\tItem_ID,\n\t\tfinal_destination_id,\n\t\tSALES_REP_ID,\n\t\toh_,\n\t\tPRICE_STICKER_ID,\n\t\tPO,\n\t\tRELEASE_ORDER_NUMBER,\n\t\tCNTNR_,\n\t\tETD_SHIP_DATE,\n\t\tSHIP_DATE_OUTBOUND,\n\t\tCANCEL_DATE_OUTBOUND,\n\t\tEXPIRATION_DATE,\n\t\tITEM_COUNT,\n\t\tINNER_QTY,\n\t\trelease_quantity,\n\t\tITEM_UNIT_PRICE,\n\t\tAMOUNT,\n\t\tquantity_received_in_shipment,\n\t\tETA_ARRIVAL_DATE,\n\t\tCreate_date,\n\t\tdate_created,\n\t\tdate_last_modified_gmt,\n\t\tJoinColumn2,\n\t\tlast_modified_date,\n\t\tDerJoinColumn,\n\t\tTgt_Release_Key,\n\t\tTgt_Transaction_Id,\n\t\tTgt_Transaction_Line_Id,\n\t\tTgt_Memo,\n\t\tTgt_Sticker_Requirements,\n\t\tTgt_Inner_Requirements,\n\t\tTgt_Customer_Requirements,\n\t\tTgt_Sales_Program,\n\t\tTgt_Buyer_Dept,\n\t\tTgt_Buyer_Confirmed_On,\n\t\tTgt_Dept_Program,\n\t\tTgt_Program_0,\n\t\tTgt_Cancelled,\n\t\tTgt_Confidence_Factor_Id,\n\t\tTgt_Company_Id,\n\t\tTgt_Item_Id,\n\t\tTgt_Location_Id,\n\t\tTgt_Sales_Rep_Id,\n\t\tTgt_TranId,\n\t\tTgt_Price_Sticker_Id,\n\t\tTgt_Po,\n\t\tTgt_Release_Order_Number,\n\t\tTgt_Cntnr_,\n\t\tTgt_Etd_Ship_Date,\n\t\tTgt_Ship_Date_Outbound,\n\t\tTgt_Cancel_Date_Outbound,\n\t\tTgt_Expiration_Date,\n\t\tTgt_Item_Count,\n\t\tTgt_Inner_Qty,\n\t\tTgt_Release_Quantity,\n\t\tTgt_Quantity_Received_In_Shipment,\n\t\tTgt_Item_Unit_Price,\n\t\tTgt_Amount,\n\t\tTgt_Eta_Arrival_Date,\n\t\tTgt_Delete_Flag,\n\t\tTgt_Active_Flag,\n\t\tTgt_Create_Date,\n\t\tTgt_Date_Created,\n\t\tTgt_Date_Last_Modified_Gmt,\n\t\tTgt_Created_By,\n\t\tTgt_Created_Timestamp,\n\t\tTgt_Last_Updated_By,\n\t\tTgt_Last_Update_Timestamp,\n\t\tActive_Flag,\n\t\tDelete_Flag,\n\t\tLocation_ID,\n\t\tCreated_Timestamp,\n\t\tCreated_By,\n\t\tLast_Updated_By,\n\t\tLast_Update_Timestamp,\n\t\tclosed_script\n\t),\n\tskipDuplicateMapInputs: true,\n\tskipDuplicateMapOutputs: true) ~> SelectReqdColumns\nConditionalSplit1@Insert derive(Created_Timestamp = currentTimestamp(),\n\t\tCreated_By = 'ETL',\n\t\tLast_Updated_By = 'ETL',\n\t\tLast_Update_Timestamp = currentTimestamp()) ~> DerivedAuditColumn\nDerTransform split(isNull(Tgt_Release_Key),\n\tnot(isNull(Tgt_Release_Key))&& MEMO !=Tgt_Memo|| STICKER_REQUIREMENTS!=Tgt_Sticker_Requirements||INNER_REQUIREMENTS!=Tgt_Inner_Requirements||CUSTOMER_REQUIREMENTS!=Tgt_Customer_Requirements||SALES_PROGRAM!=Tgt_Sales_Program\r\n||BUYER_DEPT!=Tgt_Buyer_Dept ||BUYER_CONFIRMED_ON!=toDate(Tgt_Buyer_Confirmed_On)||DEPT__PROGRAM!=Tgt_Dept_Program||PROGRAM_0!=Tgt_Program_0||\r\nCancelled!=Tgt_Cancelled||CONFIDENCE_FACTOR_ID!=Tgt_Confidence_Factor_Id||Company_id!=Tgt_Company_Id||Item_ID!=Tgt_Item_Id||final_destination_id!=Tgt_Location_Id||SALES_REP_ID!=Tgt_Sales_Rep_Id||oh_!=Tgt_TranId||PRICE_STICKER_ID!=Tgt_Price_Sticker_Id\r\n||PO!=Tgt_Po||RELEASE_ORDER_NUMBER!=Tgt_Release_Order_Number||CNTNR_!=Tgt_Cntnr_||ETD_SHIP_DATE!=Tgt_Etd_Ship_Date||SHIP_DATE_OUTBOUND!=Tgt_Ship_Date_Outbound||\r\nCANCEL_DATE_OUTBOUND!=Tgt_Cancel_Date_Outbound||EXPIRATION_DATE!=toDate(Tgt_Expiration_Date)||ITEM_COUNT!=Tgt_Item_Count||INNER_QTY!=Tgt_Inner_Qty||toString(release_quantity)!=(Tgt_Release_Quantity)||quantity_received_in_shipment!=Tgt_Quantity_Received_In_Shipment\r\n||ITEM_UNIT_PRICE!=Tgt_Item_Unit_Price||AMOUNT!=Tgt_Amount||ETA_ARRIVAL_DATE!=Tgt_Eta_Arrival_Date||Create_date!=toDate(Tgt_Create_Date)||date_last_modified_gmt!=toDate(Tgt_Date_Last_Modified_Gmt),\n\tdisjoint: false) ~> ConditionalSplit1@(Insert, Update)\nFilterIncremental, RenameTargetTable lookup(TRANSACTION_ID == Tgt_Transaction_Id\n\t&& TRANSACTION_LINE_ID == Tgt_Transaction_Line_Id,\n\tmultiple: false,\n\tpickup: 'any',\n\tbroadcast: 'auto')~> LkpTgtFtReleasepo\nEdlReleasePo select(mapColumn(\n\t\tTgt_Release_Key = Release_Key,\n\t\tTgt_Transaction_Id = Transaction_Id,\n\t\tTgt_Transaction_Line_Id = Transaction_Line_Id,\n\t\tTgt_Memo = Memo,\n\t\tTgt_Sticker_Requirements = Sticker_Requirements,\n\t\tTgt_Inner_Requirements = Inner_Requirements,\n\t\tTgt_Customer_Requirements = Customer_Requirements,\n\t\tTgt_Sales_Program = Sales_Program,\n\t\tTgt_Buyer_Dept = Buyer_Dept,\n\t\tTgt_Buyer_Confirmed_On = Buyer_Confirmed_On,\n\t\tTgt_Dept_Program = Dept_Program,\n\t\tTgt_Program_0 = Program_0,\n\t\tTgt_Cancelled = Cancelled,\n\t\tTgt_Confidence_Factor_Id = Confidence_Factor_Id,\n\t\tTgt_Company_Id = Company_Id,\n\t\tTgt_Item_Id = Item_Id,\n\t\tTgt_Location_Id = Location_Id,\n\t\tTgt_Sales_Rep_Id = Sales_Rep_Id,\n\t\tTgt_TranId = TranId,\n\t\tTgt_Price_Sticker_Id = Price_Sticker_Id,\n\t\tTgt_Po = Po,\n\t\tTgt_Release_Order_Number = Release_Order_Number,\n\t\tTgt_Cntnr_ = Cntnr_,\n\t\tTgt_Etd_Ship_Date = Etd_Ship_Date,\n\t\tTgt_Ship_Date_Outbound = Ship_Date_Outbound,\n\t\tTgt_Cancel_Date_Outbound = Cancel_Date_Outbound,\n\t\tTgt_Expiration_Date = Expiration_Date,\n\t\tTgt_Item_Count = Item_Count,\n\t\tTgt_Inner_Qty = Inner_Qty,\n\t\tTgt_Release_Quantity = Release_Quantity,\n\t\tTgt_Quantity_Received_In_Shipment = Quantity_Received_In_Shipment,\n\t\tTgt_Item_Unit_Price = Item_Unit_Price,\n\t\tTgt_Amount = Amount,\n\t\tTgt_Eta_Arrival_Date = Eta_Arrival_Date,\n\t\tTgt_Delete_Flag = Delete_Flag,\n\t\tTgt_Active_Flag = Active_Flag,\n\t\tTgt_Create_Date = Create_Date,\n\t\tTgt_Date_Created = Date_Created,\n\t\tTgt_Date_Last_Modified_Gmt = Date_Last_Modified_Gmt,\n\t\tTgt_Created_By = Created_By,\n\t\tTgt_Created_Timestamp = Created_Timestamp,\n\t\tTgt_Last_Updated_By = Last_Updated_By,\n\t\tTgt_Last_Update_Timestamp = Last_Update_Timestamp,\n\t\tTgt_Closed_Script = Closed_Script\n\t),\n\tskipDuplicateMapInputs: true,\n\tskipDuplicateMapOutputs: true) ~> RenameTargetTable\nConditionalSplit1@Update alterRow(updateIf(true())) ~> AlterRow1\nAlterRow1 derive(Created_By = 'ETL',\n\t\tCreated_Timestamp = currentTimestamp(),\n\t\tLast_Updated_By = 'ETL',\n\t\tLast_Update_Timestamp = currentTimestamp()) ~> DerivedColumnUpd\nLkpTgtFtReleasepo derive(AMOUNT = toDecimal(AMOUNT),\n\t\trelease_quantity = toString(release_quantity),\n\t\tCreate_date = toDate(left(toString(Create_date),19)),\n\t\tdate_last_modified_gmt = toDate(left(toString(date_last_modified_gmt),19)),\n\t\tdate_created = toDate(left(toString(date_created),19)),\n\t\tEXPIRATION_DATE = toDate(left(toString(EXPIRATION_DATE),19)),\n\t\tBUYER_CONFIRMED_ON = toDate(left(toString(BUYER_CONFIRMED_ON),19)),\n\t\tquantity_received_in_shipment = toDecimal(quantity_received_in_shipment),\n\t\tActive_Flag = 'Y',\n\t\tDelete_Flag = 'N',\n\t\tITEM_COUNT = toInteger(ITEM_COUNT),\n\t\tPRICE_STICKER_ID = toInteger(PRICE_STICKER_ID),\n\t\tTRANSACTION_ID = toInteger(TRANSACTION_ID),\n\t\tTRANSACTION_LINE_ID = toInteger(TRANSACTION_LINE_ID),\n\t\tSALES_REP_ID = toInteger(SALES_REP_ID),\n\t\tItem_ID = toInteger(Item_ID),\n\t\tLocation_ID = toInteger(final_destination_id),\n\t\tCONFIDENCE_FACTOR_ID = toInteger(CONFIDENCE_FACTOR_ID),\n\t\tCompany_id = toInteger(Company_id)) ~> DerTransform\nDerivedColumnUpd select(mapColumn(\n\t\tTRANSACTION_ID,\n\t\tTRANSACTION_LINE_ID,\n\t\tMEMO,\n\t\tSTICKER_REQUIREMENTS,\n\t\tINNER_REQUIREMENTS,\n\t\tCUSTOMER_REQUIREMENTS,\n\t\tSALES_PROGRAM,\n\t\tbuyer_id,\n\t\tBUYER_CONFIRMED_ON,\n\t\tBUYER_DEPT,\n\t\tDEPT__PROGRAM,\n\t\tPROGRAM_0,\n\t\tCancelled,\n\t\tCONFIDENCE_FACTOR_ID,\n\t\tCompany_id,\n\t\tItem_ID,\n\t\tfinal_destination_id,\n\t\tSALES_REP_ID,\n\t\toh_,\n\t\tPRICE_STICKER_ID,\n\t\tPO,\n\t\tRELEASE_ORDER_NUMBER,\n\t\tCNTNR_,\n\t\tETD_SHIP_DATE,\n\t\tSHIP_DATE_OUTBOUND,\n\t\tCANCEL_DATE_OUTBOUND,\n\t\tEXPIRATION_DATE,\n\t\tITEM_COUNT,\n\t\tINNER_QTY,\n\t\trelease_quantity,\n\t\tITEM_UNIT_PRICE,\n\t\tAMOUNT,\n\t\tquantity_received_in_shipment,\n\t\tETA_ARRIVAL_DATE,\n\t\tCreate_date,\n\t\tdate_created,\n\t\tdate_last_modified_gmt,\n\t\tJoinColumn2,\n\t\tlast_modified_date,\n\t\tDerJoinColumn,\n\t\tRelease_Key = Tgt_Release_Key,\n\t\tActive_Flag,\n\t\tDelete_Flag,\n\t\tLocation_ID,\n\t\tCreated_By,\n\t\tCreated_Timestamp,\n\t\tLast_Updated_By,\n\t\tLast_Update_Timestamp\n\t),\n\tskipDuplicateMapInputs: true,\n\tskipDuplicateMapOutputs: true) ~> SelectReqdUpd\nEdlReleasePo, SrcReleasePo exists(EdlReleasePo@Transaction_Id == SrcReleasePo@TRANSACTION_ID,\n\tnegate:true,\n\tbroadcast: 'both')~> Exists1\nExists1 alterRow(updateIf(true())) ~> AlterRow2\nAlterRow2 derive(Active_Flag = 'Y',\n\t\tDelete_Flag = 'Y') ~> DerivedColumn2\nSelectReqdColumns sink(allowSchemaDrift: true,\n\tvalidateSchema: false,\n\tinput(\n\t\tRelease_Key as integer,\n\t\tTransaction_Id as integer,\n\t\tTransaction_Line_Id as integer,\n\t\tMemo as string,\n\t\tSticker_Requirements as string,\n\t\tInner_Requirements as string,\n\t\tCustomer_Requirements as string,\n\t\tSales_Program as string,\n\t\tBuyer_Dept as string,\n\t\tBuyer_Confirmed_On as timestamp,\n\t\tDept_Program as string,\n\t\tProgram_0 as string,\n\t\tCancelled as string,\n\t\tConfidence_Factor_Id as integer,\n\t\tCompany_Id as integer,\n\t\tItem_Id as integer,\n\t\tLocation_Id as integer,\n\t\tSales_Rep_Id as integer,\n\t\tTranId as string,\n\t\tPrice_Sticker_Id as integer,\n\t\tPo as string,\n\t\tRelease_Order_Number as string,\n\t\tCntnr_ as string,\n\t\tEtd_Ship_Date as string,\n\t\tShip_Date_Outbound as string,\n\t\tCancel_Date_Outbound as string,\n\t\tExpiration_Date as timestamp,\n\t\tItem_Count as integer,\n\t\tInner_Qty as string,\n\t\tRelease_Quantity as string,\n\t\tQuantity_Received_In_Shipment as decimal(19,2),\n\t\tItem_Unit_Price as string,\n\t\tAmount as decimal(19,2),\n\t\tEta_Arrival_Date as string,\n\t\tDelete_Flag as string,\n\t\tActive_Flag as string,\n\t\tCreate_Date as timestamp,\n\t\tDate_Created as timestamp,\n\t\tDate_Last_Modified_Gmt as timestamp,\n\t\tCreated_By as string,\n\t\tCreated_Timestamp as timestamp,\n\t\tLast_Updated_By as string,\n\t\tLast_Update_Timestamp as timestamp,\n\t\tClosed_Script as string\n\t),\n\tformat: 'table',\n\tstore: 'synapseanalytics',\n\tschemaName: 'edl',\n\ttableName: 'edl_Releasepo',\n\tinsertable: true,\n\tupdateable: false,\n\tdeletable: false,\n\tupsertable: false,\n\tstaged: true,\n\tskipDuplicateMapInputs: true,\n\tskipDuplicateMapOutputs: true,\n\tsaveOrder: 2,\n\terrorHandlingOption: 'stopOnFirstError',\n\tmapColumn(\n\t\tTransaction_Id = TRANSACTION_ID,\n\t\tTransaction_Line_Id = TRANSACTION_LINE_ID,\n\t\tMemo = MEMO,\n\t\tSticker_Requirements = STICKER_REQUIREMENTS,\n\t\tInner_Requirements = INNER_REQUIREMENTS,\n\t\tCustomer_Requirements = CUSTOMER_REQUIREMENTS,\n\t\tSales_Program = SALES_PROGRAM,\n\t\tBuyer_Dept = BUYER_DEPT,\n\t\tBuyer_Confirmed_On = BUYER_CONFIRMED_ON,\n\t\tDept_Program = DEPT__PROGRAM,\n\t\tProgram_0 = PROGRAM_0,\n\t\tCancelled,\n\t\tConfidence_Factor_Id = CONFIDENCE_FACTOR_ID,\n\t\tCompany_Id = Company_id,\n\t\tItem_Id = Item_ID,\n\t\tLocation_Id = Location_ID,\n\t\tSales_Rep_Id = SALES_REP_ID,\n\t\tTranId = oh_,\n\t\tPrice_Sticker_Id = PRICE_STICKER_ID,\n\t\tPo = PO,\n\t\tRelease_Order_Number = RELEASE_ORDER_NUMBER,\n\t\tCntnr_ = CNTNR_,\n\t\tEtd_Ship_Date = ETD_SHIP_DATE,\n\t\tShip_Date_Outbound = SHIP_DATE_OUTBOUND,\n\t\tCancel_Date_Outbound = CANCEL_DATE_OUTBOUND,\n\t\tExpiration_Date = EXPIRATION_DATE,\n\t\tItem_Count = ITEM_COUNT,\n\t\tInner_Qty = INNER_QTY,\n\t\tRelease_Quantity = release_quantity,\n\t\tQuantity_Received_In_Shipment = quantity_received_in_shipment,\n\t\tItem_Unit_Price = ITEM_UNIT_PRICE,\n\t\tAmount = AMOUNT,\n\t\tEta_Arrival_Date = ETA_ARRIVAL_DATE,\n\t\tDelete_Flag,\n\t\tActive_Flag,\n\t\tCreate_Date = Create_date,\n\t\tDate_Created = date_created,\n\t\tDate_Last_Modified_Gmt = date_last_modified_gmt,\n\t\tCreated_By,\n\t\tCreated_Timestamp,\n\t\tLast_Updated_By,\n\t\tLast_Update_Timestamp,\n\t\tClosed_Script = closed_script\n\t)) ~> sinkEdlReleasepoInsert\nSelectReqdUpd sink(allowSchemaDrift: true,\n\tvalidateSchema: false,\n\tinput(\n\t\tRelease_Key as integer,\n\t\tTransaction_Id as integer,\n\t\tTransaction_Line_Id as integer,\n\t\tMemo as string,\n\t\tSticker_Requirements as string,\n\t\tInner_Requirements as string,\n\t\tCustomer_Requirements as string,\n\t\tSales_Program as string,\n\t\tBuyer_Dept as string,\n\t\tBuyer_Confirmed_On as timestamp,\n\t\tDept_Program as string,\n\t\tProgram_0 as string,\n\t\tCancelled as string,\n\t\tConfidence_Factor_Id as integer,\n\t\tCompany_Id as integer,\n\t\tItem_Id as integer,\n\t\tLocation_Id as integer,\n\t\tSales_Rep_Id as integer,\n\t\tTranId as string,\n\t\tPrice_Sticker_Id as integer,\n\t\tPo as string,\n\t\tRelease_Order_Number as string,\n\t\tCntnr_ as string,\n\t\tEtd_Ship_Date as string,\n\t\tShip_Date_Outbound as string,\n\t\tCancel_Date_Outbound as string,\n\t\tExpiration_Date as timestamp,\n\t\tItem_Count as integer,\n\t\tInner_Qty as string,\n\t\tRelease_Quantity as string,\n\t\tQuantity_Received_In_Shipment as decimal(19,2),\n\t\tItem_Unit_Price as string,\n\t\tAmount as decimal(19,2),\n\t\tEta_Arrival_Date as string,\n\t\tDelete_Flag as string,\n\t\tActive_Flag as string,\n\t\tCreate_Date as timestamp,\n\t\tDate_Created as timestamp,\n\t\tDate_Last_Modified_Gmt as timestamp,\n\t\tCreated_By as string,\n\t\tCreated_Timestamp as timestamp,\n\t\tLast_Updated_By as string,\n\t\tLast_Update_Timestamp as timestamp\n\t),\n\tformat: 'table',\n\tstore: 'synapseanalytics',\n\tschemaName: 'edl',\n\ttableName: 'Edl_ReleasePo',\n\tpreSQLs:['SET Identity_Insert edl.Edl_ReleasePo on'],\n\tinsertable: true,\n\tupdateable: true,\n\tdeletable: false,\n\tupsertable: false,\n\tkeys:['Release_Key'],\n\tpostSQLs:['SET Identity_Insert edl.Edl_ReleasePo off\\nupdate dw.[Audit]\\nset Create_Date= (select max(Create_Date) from edl.edl_ReleasePo),\\nLast_Modified_Date= (select max(Date_Last_Modified_Gmt) from edl.edl_ReleasePo)\\nwhere Subject_Area =\\'ReleasePo\\''],\n\tstaged: true,\n\tskipDuplicateMapInputs: true,\n\tskipDuplicateMapOutputs: true,\n\tsaveOrder: 3,\n\terrorHandlingOption: 'stopOnFirstError',\n\tmapColumn(\n\t\tRelease_Key,\n\t\tTransaction_Id = TRANSACTION_ID,\n\t\tTransaction_Line_Id = TRANSACTION_LINE_ID,\n\t\tMemo = MEMO,\n\t\tSticker_Requirements = STICKER_REQUIREMENTS,\n\t\tInner_Requirements = INNER_REQUIREMENTS,\n\t\tCustomer_Requirements = CUSTOMER_REQUIREMENTS,\n\t\tSales_Program = SALES_PROGRAM,\n\t\tBuyer_Dept = BUYER_DEPT,\n\t\tBuyer_Confirmed_On = BUYER_CONFIRMED_ON,\n\t\tDept_Program = DEPT__PROGRAM,\n\t\tProgram_0 = PROGRAM_0,\n\t\tCancelled,\n\t\tConfidence_Factor_Id = CONFIDENCE_FACTOR_ID,\n\t\tCompany_Id = Company_id,\n\t\tItem_Id = Item_ID,\n\t\tLocation_Id = Location_ID,\n\t\tSales_Rep_Id = SALES_REP_ID,\n\t\tTranId = oh_,\n\t\tPrice_Sticker_Id = PRICE_STICKER_ID,\n\t\tPo = PO,\n\t\tRelease_Order_Number = RELEASE_ORDER_NUMBER,\n\t\tCntnr_ = CNTNR_,\n\t\tEtd_Ship_Date = ETD_SHIP_DATE,\n\t\tShip_Date_Outbound = SHIP_DATE_OUTBOUND,\n\t\tCancel_Date_Outbound = CANCEL_DATE_OUTBOUND,\n\t\tExpiration_Date = EXPIRATION_DATE,\n\t\tItem_Count = ITEM_COUNT,\n\t\tInner_Qty = INNER_QTY,\n\t\tRelease_Quantity = release_quantity,\n\t\tQuantity_Received_In_Shipment = quantity_received_in_shipment,\n\t\tItem_Unit_Price = ITEM_UNIT_PRICE,\n\t\tAmount = AMOUNT,\n\t\tEta_Arrival_Date = ETA_ARRIVAL_DATE,\n\t\tDelete_Flag,\n\t\tActive_Flag,\n\t\tCreate_Date = Create_date,\n\t\tDate_Created = date_created,\n\t\tDate_Last_Modified_Gmt = date_last_modified_gmt,\n\t\tCreated_By,\n\t\tLast_Updated_By,\n\t\tLast_Update_Timestamp\n\t)) ~> sinkEdlReleaseUpd\nDerivedColumn2 sink(allowSchemaDrift: true,\n\tvalidateSchema: false,\n\tinput(\n\t\tRelease_Key as integer,\n\t\tTransaction_Id as integer,\n\t\tTransaction_Line_Id as integer,\n\t\tMemo as string,\n\t\tSticker_Requirements as string,\n\t\tInner_Requirements as string,\n\t\tCustomer_Requirements as string,\n\t\tSales_Program as string,\n\t\tBuyer_Dept as string,\n\t\tBuyer_Confirmed_On as timestamp,\n\t\tDept_Program as string,\n\t\tProgram_0 as string,\n\t\tCancelled as string,\n\t\tConfidence_Factor_Id as integer,\n\t\tCompany_Id as integer,\n\t\tItem_Id as integer,\n\t\tLocation_Id as integer,\n\t\tSales_Rep_Id as integer,\n\t\tTranId as string,\n\t\tPrice_Sticker_Id as integer,\n\t\tPo as string,\n\t\tRelease_Order_Number as string,\n\t\tCntnr_ as string,\n\t\tEtd_Ship_Date as string,\n\t\tShip_Date_Outbound as string,\n\t\tCancel_Date_Outbound as string,\n\t\tExpiration_Date as timestamp,\n\t\tItem_Count as integer,\n\t\tInner_Qty as string,\n\t\tRelease_Quantity as string,\n\t\tQuantity_Received_In_Shipment as decimal(19,2),\n\t\tItem_Unit_Price as string,\n\t\tAmount as decimal(19,2),\n\t\tEta_Arrival_Date as string,\n\t\tDelete_Flag as string,\n\t\tActive_Flag as string,\n\t\tCreate_Date as timestamp,\n\t\tDate_Created as timestamp,\n\t\tDate_Last_Modified_Gmt as timestamp,\n\t\tCreated_By as string,\n\t\tCreated_Timestamp as timestamp,\n\t\tLast_Updated_By as string,\n\t\tLast_Update_Timestamp as timestamp\n\t),\n\tformat: 'table',\n\tstore: 'synapseanalytics',\n\tschemaName: 'edl',\n\ttableName: 'Edl_ReleasePo',\n\tpreSQLs:['set identity_insert edl.edl_ReleasePo on'],\n\tinsertable: true,\n\tupdateable: true,\n\tdeletable: false,\n\tupsertable: false,\n\tkeys:['Release_Key'],\n\tpostSQLs:['set identity_insert edl.edl_ReleasePo off'],\n\tstaged: true,\n\tskipDuplicateMapInputs: true,\n\tskipDuplicateMapOutputs: true,\n\tsaveOrder: 1,\n\terrorHandlingOption: 'stopOnFirstError') ~> sinkDelFlag"
		}
	}
}