{
	"name": "DfAdlsToEdlCustomers",
	"properties": {
		"type": "MappingDataFlow",
		"typeProperties": {
			"sources": [
				{
					"dataset": {
						"referenceName": "DsAdls",
						"type": "DatasetReference"
					},
					"name": "SrcTempCustomers"
				},
				{
					"linkedService": {
						"referenceName": "LsAzureDb",
						"type": "LinkedServiceReference"
					},
					"name": "Audit"
				},
				{
					"linkedService": {
						"referenceName": "LsAzureDb",
						"type": "LinkedServiceReference"
					},
					"name": "TgtDlCustomer"
				}
			],
			"sinks": [
				{
					"linkedService": {
						"referenceName": "LsAzureDb",
						"type": "LinkedServiceReference"
					},
					"name": "SinkEDLCustomersInsert"
				},
				{
					"linkedService": {
						"referenceName": "LsAzureDb",
						"type": "LinkedServiceReference"
					},
					"name": "SinkEDLCustomerUpdate"
				},
				{
					"linkedService": {
						"referenceName": "LsAzureDb",
						"type": "LinkedServiceReference"
					},
					"name": "sinkDeleteflag"
				}
			],
			"transformations": [
				{
					"name": "JoinAudit"
				},
				{
					"name": "DerivedJoinColumn1"
				},
				{
					"name": "DerivedJoinColumn2"
				},
				{
					"name": "FltIncremental"
				},
				{
					"name": "RenamingColumn"
				},
				{
					"name": "LkpDlCustomer"
				},
				{
					"name": "ConditionalInsertUpdate"
				},
				{
					"name": "AuditInsert"
				},
				{
					"name": "AlterRow"
				},
				{
					"name": "DeriverColumnUpdate"
				},
				{
					"name": "SelectRequired"
				},
				{
					"name": "InsertColumns"
				},
				{
					"name": "DerivedColumn2"
				},
				{
					"name": "Exists1"
				},
				{
					"name": "AlterRow1"
				},
				{
					"name": "DercolumnforDelFlag"
				},
				{
					"name": "Select1"
				}
			],
			"script": "source(output(\n\t\tCustomer_ID as double,\n\t\tCompanyName as string,\n\t\tcreate_Date as timestamp,\n\t\tdate_last_modified as timestamp\n\t),\n\tallowSchemaDrift: true,\n\tvalidateSchema: false,\n\tignoreNoFilesFound: false,\n\tformat: 'parquet') ~> SrcTempCustomers\nsource(output(\n\t\tLast_Modified_Date as timestamp\n\t),\n\tallowSchemaDrift: true,\n\tvalidateSchema: false,\n\tformat: 'query',\n\tstore: 'synapseanalytics',\n\tquery: 'select Last_Modified_Date from dw.Audit where Subject_Area=\\'Customers\\'',\n\tisolationLevel: 'NONE',\n\tstaged: true) ~> Audit\nsource(output(\n\t\tCustomer_Key as integer,\n\t\tCustomer_Id as integer,\n\t\tCompany_Name as string,\n\t\tDelete_Flg as string,\n\t\tCreate_Date as timestamp,\n\t\tDate_Last_Modified as timestamp,\n\t\tCreated_By as string,\n\t\tCreated_Timestamp as timestamp,\n\t\tLast_Updated_By as string,\n\t\tLast_Update_Timestamp as timestamp,\n\t\tActive_Flag as string\n\t),\n\tallowSchemaDrift: true,\n\tvalidateSchema: false,\n\tformat: 'table',\n\tstore: 'synapseanalytics',\n\tschemaName: 'edl',\n\ttableName: 'Edl_Customer',\n\tisolationLevel: 'NONE',\n\tstaged: true) ~> TgtDlCustomer\nDerivedJoinColumn1, DerivedJoinColumn2 join(join_column == join_column1,\n\tjoinType:'left',\n\tmatchType:'exact',\n\tignoreSpaces: false,\n\tbroadcast: 'auto')~> JoinAudit\nSelect1 derive(join_column = 1) ~> DerivedJoinColumn1\nAudit derive(join_column1 = 1) ~> DerivedJoinColumn2\nJoinAudit filter(date_last_modified>Last_Modified_Date) ~> FltIncremental\nTgtDlCustomer select(mapColumn(\n\t\tTGT_Customer_Key = Customer_Key,\n\t\tTGT_Customer_Id = Customer_Id,\n\t\tTGT_Company_Name = Company_Name,\n\t\tTGT_Delete_Flg = Delete_Flg,\n\t\tTGT_Create_Date = Create_Date,\n\t\tTGT_Date_Last_Modified = Date_Last_Modified,\n\t\tTGT_Created_By = Created_By,\n\t\tTGT_Created_Timestamp = Created_Timestamp,\n\t\tTGT_Last_Updated_By = Last_Updated_By,\n\t\tTGT_Last_Update_Timestamp = Last_Update_Timestamp,\n\t\tTGT_Active_Flag = Active_Flag\n\t),\n\tskipDuplicateMapInputs: true,\n\tskipDuplicateMapOutputs: true) ~> RenamingColumn\nFltIncremental, RenamingColumn lookup(Customer_ID == TGT_Customer_Id,\n\tmultiple: false,\n\tpickup: 'any',\n\tbroadcast: 'auto')~> LkpDlCustomer\nLkpDlCustomer split(isNull(TGT_Customer_Key),\n\tnot (isNull(TGT_Customer_Key))&&Company_Name!=TGT_Company_Name || date_last_modified != TGT_Date_Last_Modified,\n\tdisjoint: false) ~> ConditionalInsertUpdate@(Insert, Update)\nConditionalInsertUpdate@Insert derive(Created_Timestamp = currentTimestamp(),\n\t\tCustomer_ID = toInteger(Customer_ID),\n\t\tLast_Update_Timestamp = currentTimestamp(),\n\t\tCreated_By = 'ETL',\n\t\tLast_Updated_By = 'ETL',\n\t\tActive_Flag = 'Y',\n\t\tDelete_Flg = 'N') ~> AuditInsert\nConditionalInsertUpdate@Update alterRow(updateIf(true())) ~> AlterRow\nAlterRow derive(Last_Update_Timestamp = currentTimestamp(),\n\t\tCustomer_ID = toInteger(Customer_ID),\n\t\tLast_Updated_By = 'ETL',\n\t\tDelete_Flg = 'N',\n\t\tActive_Flag = 'Y') ~> DeriverColumnUpdate\nDeriverColumnUpdate select(mapColumn(\n\t\tCustomer_Key = TGT_Customer_Key,\n\t\tCustomer_ID,\n\t\tCompany_Name,\n\t\tcreate_Date,\n\t\tdate_last_modified,\n\t\tLast_Modified_Date,\n\t\tActive_Flag,\n\t\tDelete_Flg,\n\t\tLast_Update_Timestamp,\n\t\tLast_Updated_By\n\t),\n\tskipDuplicateMapInputs: true,\n\tskipDuplicateMapOutputs: true) ~> SelectRequired\nAuditInsert select(mapColumn(\n\t\tCustomer_Key = TGT_Customer_Key,\n\t\tCustomer_ID,\n\t\tCompany_Name,\n\t\tcreate_Date,\n\t\tdate_last_modified,\n\t\tLast_Modified_Date,\n\t\tActive_Flag,\n\t\tDelete_Flg,\n\t\tCreated_Timestamp,\n\t\tLast_Update_Timestamp,\n\t\tCreated_By,\n\t\tLast_Updated_By\n\t),\n\tskipDuplicateMapInputs: true,\n\tskipDuplicateMapOutputs: true) ~> InsertColumns\nRenamingColumn derive(Join_Column2 = 2,\n\t\tTGT_Active_Flag = 'N') ~> DerivedColumn2\nTgtDlCustomer, SrcTempCustomers exists(TgtDlCustomer@Customer_Id == SrcTempCustomers@Customer_ID,\n\tnegate:true,\n\tbroadcast: 'auto')~> Exists1\nExists1 alterRow(updateIf(true())) ~> AlterRow1\nAlterRow1 derive(Delete_Flg = 'Y',\n\t\tActive_Flag = 'Y') ~> DercolumnforDelFlag\nSrcTempCustomers select(mapColumn(\n\t\tCustomer_ID,\n\t\tCompany_Name = CompanyName,\n\t\tcreate_Date,\n\t\tdate_last_modified\n\t),\n\tskipDuplicateMapInputs: true,\n\tskipDuplicateMapOutputs: true) ~> Select1\nInsertColumns sink(allowSchemaDrift: true,\n\tvalidateSchema: false,\n\tinput(\n\t\tCustomer_Key as integer,\n\t\tCustomer_Id as integer,\n\t\tCompany_Name as string,\n\t\tDelete_Flg as string,\n\t\tCreate_Date as timestamp,\n\t\tDate_Last_Modified as timestamp,\n\t\tCreated_By as string,\n\t\tCreated_Timestamp as timestamp,\n\t\tLast_Updated_By as string,\n\t\tLast_Update_Timestamp as timestamp,\n\t\tActive_Flag as string\n\t),\n\tformat: 'table',\n\tstore: 'synapseanalytics',\n\tschemaName: 'edl',\n\ttableName: 'Edl_Customer',\n\tinsertable: true,\n\tupdateable: false,\n\tdeletable: false,\n\tupsertable: false,\n\tstaged: true,\n\tskipDuplicateMapInputs: true,\n\tskipDuplicateMapOutputs: true,\n\tsaveOrder: 2,\n\terrorHandlingOption: 'stopOnFirstError',\n\tmapColumn(\n\t\tCustomer_Id = Customer_ID,\n\t\tCompany_Name,\n\t\tDelete_Flg,\n\t\tCreate_Date = create_Date,\n\t\tDate_Last_Modified = date_last_modified,\n\t\tCreated_By,\n\t\tCreated_Timestamp,\n\t\tLast_Updated_By,\n\t\tLast_Update_Timestamp,\n\t\tActive_Flag\n\t)) ~> SinkEDLCustomersInsert\nSelectRequired sink(allowSchemaDrift: true,\n\tvalidateSchema: false,\n\tinput(\n\t\tCustomer_Key as integer,\n\t\tCustomer_Id as integer,\n\t\tCompany_Name as string,\n\t\tDelete_Flg as string,\n\t\tCreate_Date as timestamp,\n\t\tDate_Last_Modified as timestamp,\n\t\tCreated_By as string,\n\t\tCreated_Timestamp as timestamp,\n\t\tLast_Updated_By as string,\n\t\tLast_Update_Timestamp as timestamp,\n\t\tActive_Flag as string\n\t),\n\tformat: 'table',\n\tstore: 'synapseanalytics',\n\tschemaName: 'edl',\n\ttableName: 'Edl_Customer',\n\tpreSQLs:['set identity_insert edl.Edl_Customer on'],\n\tinsertable: true,\n\tupdateable: true,\n\tdeletable: false,\n\tupsertable: false,\n\tkeys:['Customer_Key'],\n\tpostSQLs:['set identity_insert edl.Edl_Customer off\\n\\nupdate dw.Audit\\nset Create_Date= (select max(Create_Date) from edl.Edl_Customer),\\nLast_Modified_Date= (select max(Date_Last_Modified) from edl.Edl_Customer)\\nwhere Subject_Area =\\'Customers\\'\\n'],\n\tstaged: true,\n\tskipDuplicateMapInputs: true,\n\tskipDuplicateMapOutputs: true,\n\tsaveOrder: 3,\n\terrorHandlingOption: 'stopOnFirstError',\n\tmapColumn(\n\t\tCustomer_Key,\n\t\tCustomer_Id = Customer_ID,\n\t\tCompany_Name,\n\t\tDelete_Flg,\n\t\tCreate_Date = create_Date,\n\t\tDate_Last_Modified = date_last_modified,\n\t\tLast_Updated_By,\n\t\tLast_Update_Timestamp,\n\t\tActive_Flag\n\t)) ~> SinkEDLCustomerUpdate\nDercolumnforDelFlag sink(allowSchemaDrift: true,\n\tvalidateSchema: false,\n\tinput(\n\t\tCustomer_Key as integer,\n\t\tCustomer_Id as integer,\n\t\tCompany_Name as string,\n\t\tDelete_Flg as string,\n\t\tCreate_Date as timestamp,\n\t\tDate_Last_Modified as timestamp,\n\t\tCreated_By as string,\n\t\tCreated_Timestamp as timestamp,\n\t\tLast_Updated_By as string,\n\t\tLast_Update_Timestamp as timestamp,\n\t\tActive_Flag as string\n\t),\n\tformat: 'table',\n\tstore: 'synapseanalytics',\n\tschemaName: 'edl',\n\ttableName: 'Edl_Customer',\n\tpreSQLs:['set identity_insert edl.Edl_Customer on'],\n\tinsertable: true,\n\tupdateable: true,\n\tdeletable: false,\n\tupsertable: false,\n\tkeys:['Customer_Key'],\n\tpostSQLs:['set identity_insert edl.Edl_Customer off'],\n\tstaged: true,\n\tskipDuplicateMapInputs: true,\n\tskipDuplicateMapOutputs: true,\n\tsaveOrder: 1,\n\terrorHandlingOption: 'stopOnFirstError') ~> sinkDeleteflag"
		}
	}
}