{
	"name": "DfAdlsToEdlLocations",
	"properties": {
		"type": "MappingDataFlow",
		"typeProperties": {
			"sources": [
				{
					"dataset": {
						"referenceName": "DsAdls",
						"type": "DatasetReference"
					},
					"name": "SrcLocations"
				},
				{
					"linkedService": {
						"referenceName": "LsAzureDb",
						"type": "LinkedServiceReference"
					},
					"name": "AuditColmn"
				},
				{
					"linkedService": {
						"referenceName": "LsAzureDb",
						"type": "LinkedServiceReference"
					},
					"name": "SrcTgt"
				}
			],
			"sinks": [
				{
					"linkedService": {
						"referenceName": "LsAzureDb",
						"type": "LinkedServiceReference"
					},
					"name": "SnkInsert"
				},
				{
					"linkedService": {
						"referenceName": "LsAzureDb",
						"type": "LinkedServiceReference"
					},
					"name": "SnkUpdate"
				},
				{
					"linkedService": {
						"referenceName": "LsAzureDb",
						"type": "LinkedServiceReference"
					},
					"name": "sinkDelFlag"
				}
			],
			"transformations": [
				{
					"name": "JoinColSRC1"
				},
				{
					"name": "JoinAudit"
				},
				{
					"name": "JoinLocAudit"
				},
				{
					"name": "FilterIncremental"
				},
				{
					"name": "DerivedFlagColumns"
				},
				{
					"name": "LkpDlLocations"
				},
				{
					"name": "RenamingColmns"
				},
				{
					"name": "insertUpdate"
				},
				{
					"name": "AuditInsert"
				},
				{
					"name": "requiredColumns"
				},
				{
					"name": "Alter"
				},
				{
					"name": "ExtraCols"
				},
				{
					"name": "RequiredColumnsUpdate"
				},
				{
					"name": "Exists1"
				},
				{
					"name": "AlterRowDelFlag"
				},
				{
					"name": "DerivedColumnDelFlag"
				}
			],
			"script": "source(output(\n\t\tLocation_ID as double,\n\t\tName as string,\n\t\tcity as string,\n\t\tcountry as string,\n\t\tstate as string,\n\t\tzipcode as string,\n\t\tDate_Last_Modified as timestamp\n\t),\n\tallowSchemaDrift: true,\n\tvalidateSchema: false,\n\tignoreNoFilesFound: false,\n\tformat: 'parquet',\n\twildcardPaths:['Stage/Live/Locations/']) ~> SrcLocations\nsource(output(\n\t\tlast_modified_date as timestamp\n\t),\n\tallowSchemaDrift: true,\n\tvalidateSchema: false,\n\tformat: 'query',\n\tstore: 'synapseanalytics',\n\tquery: 'select last_modified_date from dw.audit where subject_area=\\'Locations\\'',\n\tisolationLevel: 'READ_UNCOMMITTED',\n\tstaged: true) ~> AuditColmn\nsource(output(\n\t\tLocation_Key as integer,\n\t\tLocation_Id as integer,\n\t\tName as string,\n\t\tDelete_Flg as string,\n\t\tDate_Last_Modified as timestamp,\n\t\tCreated_By as string,\n\t\tCreated_Timestamp as timestamp,\n\t\tLast_Updated_By as string,\n\t\tLast_Update_Timestamp as timestamp,\n\t\tActive_Flag as string,\n\t\tCity as string,\n\t\tCountry as string,\n\t\tState as string,\n\t\tZipcode as string\n\t),\n\tallowSchemaDrift: true,\n\tvalidateSchema: false,\n\tformat: 'table',\n\tstore: 'synapseanalytics',\n\tschemaName: 'edl',\n\ttableName: 'Edl_Location',\n\tisolationLevel: 'READ_UNCOMMITTED',\n\tstaged: true) ~> SrcTgt\nSrcLocations derive(join_Col_Loc = 1) ~> JoinColSRC1\nAuditColmn derive(joinAduditCol = 1) ~> JoinAudit\nJoinColSRC1, JoinAudit join(join_Col_Loc == joinAduditCol,\n\tjoinType:'left',\n\tmatchType:'exact',\n\tignoreSpaces: false,\n\tbroadcast: 'auto')~> JoinLocAudit\nJoinLocAudit filter(Date_Last_Modified>last_modified_date) ~> FilterIncremental\nFilterIncremental derive(Active_Flag = 'Y',\n\t\tDelete_Flg = 'N') ~> DerivedFlagColumns\nDerivedFlagColumns, RenamingColmns lookup(Location_ID == TGT_Location_Id,\n\tmultiple: false,\n\tpickup: 'any',\n\tbroadcast: 'auto')~> LkpDlLocations\nSrcTgt select(mapColumn(\n\t\tTGT_Location_Key = Location_Key,\n\t\tTGT_Location_Id = Location_Id,\n\t\tTGT_Name = Name,\n\t\tTGT_Delete_Flg = Delete_Flg,\n\t\tTGT_Date_Last_Modified = Date_Last_Modified,\n\t\tTGT_Created_By = Created_By,\n\t\tTGT_Created_Timestamp = Created_Timestamp,\n\t\tTGT_Last_Updated_By = Last_Updated_By,\n\t\tTGT_Last_Update_Timestamp = Last_Update_Timestamp,\n\t\tTGT_Active_Flag = Active_Flag,\n\t\tTGT_City = City,\n\t\tTGT_Country = Country,\n\t\tTGT_State = State,\n\t\tTGT_Zipcode = Zipcode\n\t),\n\tskipDuplicateMapInputs: true,\n\tskipDuplicateMapOutputs: true) ~> RenamingColmns\nLkpDlLocations split(isNull(TGT_Location_Key),\n\tnot (isNull(TGT_Location_Key))&&Name!=TGT_Name || Date_Last_Modified != TGT_Date_Last_Modified,\n\tdisjoint: false) ~> insertUpdate@(Insert, Update)\ninsertUpdate@Insert derive(Created_Timestamp = currentTimestamp(),\n\t\tLast_Update_Timestamp = currentTimestamp(),\n\t\tCreated_By = 'ETL',\n\t\tLast_Updated_By = 'ETL') ~> AuditInsert\nAuditInsert select(mapColumn(\n\t\tLocation_ID,\n\t\tName,\n\t\tcity,\n\t\tcountry,\n\t\tstate,\n\t\tzipcode,\n\t\tDate_Last_Modified,\n\t\tlast_modified_date,\n\t\tActive_Flag,\n\t\tDelete_Flg,\n\t\tCreated_Timestamp,\n\t\tLast_Update_Timestamp,\n\t\tCreated_By,\n\t\tLast_Updated_By\n\t),\n\tskipDuplicateMapInputs: true,\n\tskipDuplicateMapOutputs: true) ~> requiredColumns\ninsertUpdate@Update alterRow(updateIf(true())) ~> Alter\nAlter derive(Last_Update_Timestamp = currentTimestamp(),\n\t\tLast_Updated_By = 'ETL') ~> ExtraCols\nExtraCols select(mapColumn(\n\t\tLocation_Key = TGT_Location_Key,\n\t\tLocation_ID,\n\t\tName,\n\t\tcity,\n\t\tcountry,\n\t\tstate,\n\t\tzipcode,\n\t\tDate_Last_Modified,\n\t\tlast_modified_date,\n\t\tActive_Flag,\n\t\tDelete_Flg,\n\t\tLast_Update_Timestamp,\n\t\tLast_Updated_By\n\t),\n\tskipDuplicateMapInputs: true,\n\tskipDuplicateMapOutputs: true) ~> RequiredColumnsUpdate\nSrcTgt, SrcLocations exists(SrcTgt@Location_Id == SrcLocations@Location_ID,\n\tnegate:true,\n\tbroadcast: 'auto')~> Exists1\nExists1 alterRow(updateIf(true())) ~> AlterRowDelFlag\nAlterRowDelFlag derive(Delete_Flg = 'Y',\n\t\tActive_Flag = 'Y') ~> DerivedColumnDelFlag\nrequiredColumns sink(allowSchemaDrift: true,\n\tvalidateSchema: false,\n\tinput(\n\t\tLocation_Key as integer,\n\t\tLocation_Id as integer,\n\t\tName as string,\n\t\tDelete_Flg as string,\n\t\tDate_Last_Modified as timestamp,\n\t\tCreated_By as string,\n\t\tCreated_Timestamp as timestamp,\n\t\tLast_Updated_By as string,\n\t\tLast_Update_Timestamp as timestamp,\n\t\tActive_Flag as string,\n\t\tCity as string,\n\t\tCountry as string,\n\t\tState as string,\n\t\tZipcode as string\n\t),\n\tformat: 'table',\n\tstore: 'synapseanalytics',\n\tschemaName: 'edl',\n\ttableName: 'Edl_Location',\n\tinsertable: true,\n\tupdateable: false,\n\tdeletable: false,\n\tupsertable: false,\n\tstaged: true,\n\tskipDuplicateMapInputs: true,\n\tskipDuplicateMapOutputs: true,\n\tsaveOrder: 1,\n\terrorHandlingOption: 'stopOnFirstError',\n\tmapColumn(\n\t\tLocation_Id = Location_ID,\n\t\tName,\n\t\tDelete_Flg,\n\t\tDate_Last_Modified,\n\t\tCreated_By,\n\t\tCreated_Timestamp,\n\t\tLast_Updated_By,\n\t\tLast_Update_Timestamp,\n\t\tActive_Flag,\n\t\tCity = city,\n\t\tCountry = country,\n\t\tState = state,\n\t\tZipcode = zipcode\n\t)) ~> SnkInsert\nRequiredColumnsUpdate sink(allowSchemaDrift: true,\n\tvalidateSchema: false,\n\tinput(\n\t\tLocation_Key as integer,\n\t\tLocation_Id as integer,\n\t\tName as string,\n\t\tDelete_Flg as string,\n\t\tDate_Last_Modified as timestamp,\n\t\tCreated_By as string,\n\t\tCreated_Timestamp as timestamp,\n\t\tLast_Updated_By as string,\n\t\tLast_Update_Timestamp as timestamp,\n\t\tActive_Flag as string,\n\t\tCity as string,\n\t\tCountry as string,\n\t\tState as string,\n\t\tZipcode as string\n\t),\n\tformat: 'table',\n\tstore: 'synapseanalytics',\n\tschemaName: 'edl',\n\ttableName: 'Edl_Location',\n\tpreSQLs:['SET IDENTITY_INSERT edl.EDL_LOCATION ON'],\n\tinsertable: true,\n\tupdateable: true,\n\tdeletable: false,\n\tupsertable: false,\n\tkeys:['Location_Key'],\n\tpostSQLs:['SET IDENTITY_INSERT edl.EDL_LOCATION OFF\\n\\nupdate dw.[Audit]\\nset create_date= (select max(create_date) from edl.EDL_LOCATION),\\nlast_modified_date= (select max(date_last_modified) from edl.EDL_LOCATION)\\nwhere subject_Area =\\'Locations\\''],\n\tstaged: true,\n\tskipDuplicateMapInputs: true,\n\tskipDuplicateMapOutputs: true,\n\tsaveOrder: 2,\n\terrorHandlingOption: 'stopOnFirstError',\n\tmapColumn(\n\t\tLocation_Key,\n\t\tLocation_Id = Location_ID,\n\t\tName,\n\t\tDelete_Flg,\n\t\tDate_Last_Modified,\n\t\tLast_Updated_By,\n\t\tLast_Update_Timestamp,\n\t\tActive_Flag,\n\t\tCity = city,\n\t\tCountry = country,\n\t\tState = state,\n\t\tZipcode = zipcode\n\t)) ~> SnkUpdate\nDerivedColumnDelFlag sink(allowSchemaDrift: true,\n\tvalidateSchema: false,\n\tformat: 'table',\n\tstore: 'synapseanalytics',\n\tschemaName: 'edl',\n\ttableName: 'EDL_LOCATION',\n\tpreSQLs:[' SET IDENTITY_INSERT edl.Edl_Location ON\\n'],\n\tinsertable: true,\n\tupdateable: true,\n\tdeletable: false,\n\tupsertable: false,\n\tkeys:['Location_Key'],\n\tpostSQLs:[' SET IDENTITY_INSERT edl.Edl_Location OFF'],\n\tstaged: true,\n\tskipDuplicateMapInputs: true,\n\tskipDuplicateMapOutputs: true,\n\tsaveOrder: 3,\n\terrorHandlingOption: 'stopOnFirstError') ~> sinkDelFlag"
		}
	}
}