{
	"name": "DfEdlToStgPurchaseOrder_copy",
	"properties": {
		"type": "MappingDataFlow",
		"typeProperties": {
			"sources": [
				{
					"linkedService": {
						"referenceName": "LsAzureDb",
						"type": "LinkedServiceReference"
					},
					"name": "SrcEdlEstimate"
				}
			],
			"sinks": [
				{
					"linkedService": {
						"referenceName": "LsAzureDb",
						"type": "LinkedServiceReference"
					},
					"name": "sinkStgPurchaseorder"
				}
			],
			"transformations": [
				{
					"name": "DerMonthETd"
				},
				{
					"name": "SelectReqd"
				},
				{
					"name": "select1"
				},
				{
					"name": "filter1"
				}
			],
			"script": "source(output(\n\t\tPurchase_Purchase_Order_key as integer,\n\t\tPurchase_Transaction_Id as integer,\n\t\tPurchase_Transaction_Line_Id as integer,\n\t\tPurchase_Memo_Descr as string,\n\t\tPurchase_Sticker_Requirement_Descr as string,\n\t\tPurchase_Inner_Requirement_Descr as string,\n\t\tPurchase_Customer_Requirement_Descr as string,\n\t\tPurchase_Sales_Program_Descr as string,\n\t\tPurchase_Buyer_Dept_Descr as string,\n\t\tPurchase_Buyer_Confirmed_On as timestamp,\n\t\tPurchase_Dept_Program_Descr as string,\n\t\tPurchase_Program_Descr as string,\n\t\tPurchase_Cancelled_Descr as string,\n\t\tPurchase_Sticker_Requirement_Purchase_Descr as string,\n\t\tPurchase_Confidence_Factor_Descr as string,\n\t\tPurchase_Level_Descr as string,\n\t\tPurchase_Final_Destination_Container as string,\n\t\tPurchase_Price_Sticker_Descr as string,\n\t\tPurchase_Customer_key as integer,\n\t\tPurchase_Item_key as integer,\n\t\tPurchase_Sales_Rep_key as integer,\n\t\tPurchase_Location_key as integer,\n\t\tPurchase_Document_Nbr as string,\n\t\tPurchase_Price_Sticker_Id as decimal(19,2),\n\t\tPurchase_Po_Nbr as integer,\n\t\tPurchase_Release_Order_Nbr as string,\n\t\tPurchase_Cntnr_nbr as string,\n\t\tPurchase_Etd_Ship_Dt as string,\n\t\tPurchase_Ship_Outbound_Dt as string,\n\t\tPurchase_Cancel_Outbound_Dt as string,\n\t\tPurchase_Expiration_Dt as timestamp,\n\t\tPurchase_Eta_Arrival_Date as string,\n\t\tPurchase_Month_Ship_Dt as string,\n\t\tPurchase_Etd_Dt as timestamp,\n\t\tPurchase_Month_Etd_Dt as string,\n\t\tPurchase_Ms_Domestic_Ship_Date as timestamp,\n\t\tPurchase_Ms_Domestic_Cancel_Date as timestamp,\n\t\tPurchase_Quantity_Received_In_Shipment as decimal(19,2),\n\t\tPurchase_Item_Qty as decimal(19,2),\n\t\tPurchase_Inner_Qty as string,\n\t\tPurchase_Release_Qty as decimal(19,2),\n\t\tPurchase_Item_Unit_Price as string,\n\t\tPurchase_Amount as decimal(19,2),\n\t\tPurchase_Delete_Flg as string,\n\t\tPurchase_Create_Date as timestamp,\n\t\tPurchase_Date_Created as timestamp,\n\t\tPurchase_Date_Last_Modified_Gmt as timestamp,\n\t\tPurchase_Created_By as string,\n\t\tPurchase_Created_Timestamp as timestamp,\n\t\tPurchase_Last_Updated_By as string,\n\t\tPurchase_Last_Update_Timestamp as timestamp,\n\t\tEstimate_Estimate_Key as integer,\n\t\tEstimate_Transaction_Id as integer,\n\t\tEstimate_Transaction_Line_Id as integer,\n\t\tEstimate_Memo as string,\n\t\tEstimate_Sticker_Requirements as string,\n\t\tEstimate_Inner_Requirements as string,\n\t\tEstimate_Customer_Requirements as string,\n\t\tEstimate_Sales_Program as string,\n\t\tEstimate_Buyer_Dept as string,\n\t\tEstimate_Buyer_Confirmed_On as timestamp,\n\t\tEstimate_Dept_Program as string,\n\t\tEstimate_Program_0 as string,\n\t\tEstimate_Cancelled as string,\n\t\tEstimate_Confidence_Factor_Id as integer,\n\t\tEstimate_Company_Id as integer,\n\t\tEstimate_Item_Id as integer,\n\t\tEstimate_Location_Id as integer,\n\t\tEstimate_Sales_Rep_Id as integer,\n\t\tEstimate_TranId as string,\n\t\tEstimate_Price_Sticker_Id as integer,\n\t\tEstimate_Po as string,\n\t\tEstimate_Release_Order_Number as string,\n\t\tEstimate_Cntnr_ as string,\n\t\tEstimate_Etd_Ship_Date as string,\n\t\tEstimate_Ship_Date_Outbound as string,\n\t\tEstimate_Cancel_Date_Outbound as string,\n\t\tEstimate_Expiration_Date as timestamp,\n\t\tEstimate_Item_Count as integer,\n\t\tEstimate_Inner_Qty as string,\n\t\tEstimate_Release_Quantity as string,\n\t\tEstimate_Quantity_Received_In_Shipment as decimal(19,2),\n\t\tEstimate_Item_Unit_Price as string,\n\t\tEstimate_Amount as decimal(19,2),\n\t\tEstimate_Eta_Arrival_Date as string,\n\t\tEstimate_Delete_Flag as string,\n\t\tEstimate_Active_Flag as string,\n\t\tEstimate_Create_Date as timestamp,\n\t\tEstimate_Date_Created as timestamp,\n\t\tEstimate_Date_Last_Modified_Gmt as timestamp,\n\t\tEstimate_Created_By as string,\n\t\tEstimate_Created_Timestamp as timestamp,\n\t\tEstimate_Last_Updated_By as string,\n\t\tEstimate_Last_Update_Timestamp as timestamp,\n\t\tEstimate_Closed_Script as string\n\t),\n\tallowSchemaDrift: true,\n\tvalidateSchema: false,\n\tformat: 'query',\n\tstore: 'synapseanalytics',\n\tquery: ' select\\na.Purchase_Order_key As Purchase_Purchase_Order_key\\n,a.Transaction_Id As Purchase_Transaction_Id\\n,a.Transaction_Line_Id As Purchase_Transaction_Line_Id\\n,a.Memo_Descr As Purchase_Memo_Descr\\n,a.Sticker_Requirement_Descr As Purchase_Sticker_Requirement_Descr\\n,a.Inner_Requirement_Descr As Purchase_Inner_Requirement_Descr\\n,a.Customer_Requirement_Descr As Purchase_Customer_Requirement_Descr\\n,a.Sales_Program_Descr As Purchase_Sales_Program_Descr\\n,a.Buyer_Dept_Descr As Purchase_Buyer_Dept_Descr\\n,a.Buyer_Confirmed_On As Purchase_Buyer_Confirmed_On\\n,a.Dept_Program_Descr As Purchase_Dept_Program_Descr\\n,a.Program_Descr As Purchase_Program_Descr\\n,a.Cancelled_Descr As Purchase_Cancelled_Descr\\n,a.Sticker_Requirement_Purchase_Descr As Purchase_Sticker_Requirement_Purchase_Descr\\n,a.Confidence_Factor_Descr As Purchase_Confidence_Factor_Descr\\n,a.Level_Descr As Purchase_Level_Descr\\n,a.Final_Destination_Container As Purchase_Final_Destination_Container\\n,a.Price_Sticker_Descr As Purchase_Price_Sticker_Descr\\n,a.Customer_key As Purchase_Customer_key\\n,a.Item_key As Purchase_Item_key\\n,a.Sales_Rep_key As Purchase_Sales_Rep_key\\n,a.Location_key As Purchase_Location_key\\n,a.Document_Nbr As Purchase_Document_Nbr\\n,a.Price_Sticker_Id As Purchase_Price_Sticker_Id\\n,a.Po_Nbr As Purchase_Po_Nbr\\n,a.Release_Order_Nbr As Purchase_Release_Order_Nbr\\n,a.Cntnr_nbr As Purchase_Cntnr_nbr\\n,a.Etd_Ship_Dt As Purchase_Etd_Ship_Dt\\n,a.Ship_Outbound_Dt As Purchase_Ship_Outbound_Dt\\n,a.Cancel_Outbound_Dt As Purchase_Cancel_Outbound_Dt\\n,a.Expiration_Dt As Purchase_Expiration_Dt\\n,a.Eta_Arrival_Date As Purchase_Eta_Arrival_Date\\n,a.Month_Ship_Dt As Purchase_Month_Ship_Dt\\n,a.Etd_Dt As Purchase_Etd_Dt\\n,a.Month_Etd_Dt As Purchase_Month_Etd_Dt\\n,a.Ms_Domestic_Ship_Date As Purchase_Ms_Domestic_Ship_Date\\n,a.Ms_Domestic_Cancel_Date As Purchase_Ms_Domestic_Cancel_Date\\n,a.Quantity_Received_In_Shipment As Purchase_Quantity_Received_In_Shipment\\n,a.Item_Qty As Purchase_Item_Qty\\n,a.Inner_Qty As Purchase_Inner_Qty\\n,a.Release_Qty As Purchase_Release_Qty\\n,a.Item_Unit_Price As Purchase_Item_Unit_Price\\n,a.Amount As Purchase_Amount\\n,a.Delete_Flg As Purchase_Delete_Flg\\n,a.Create_Date As Purchase_Create_Date\\n,a.Date_Created As Purchase_Date_Created\\n,a.Date_Last_Modified_Gmt As Purchase_Date_Last_Modified_Gmt\\n,a.Created_By As Purchase_Created_By\\n,a.Created_Timestamp As Purchase_Created_Timestamp\\n,a.Last_Updated_By As Purchase_Last_Updated_By\\n,a.Last_Update_Timestamp As Purchase_Last_Update_Timestamp\\n\\n,b.Estimate_Key As Estimate_Estimate_Key\\n,b.Transaction_Id As Estimate_Transaction_Id\\n,b.Transaction_Line_Id As Estimate_Transaction_Line_Id\\n,b.Memo As Estimate_Memo\\n,b.Sticker_Requirements As Estimate_Sticker_Requirements\\n,b.Inner_Requirements As Estimate_Inner_Requirements\\n,b.Customer_Requirements As Estimate_Customer_Requirements\\n,b.Sales_Program As Estimate_Sales_Program\\n,b.Buyer_Dept As Estimate_Buyer_Dept\\n,b.Buyer_Confirmed_On As Estimate_Buyer_Confirmed_On\\n,b.Dept_Program As Estimate_Dept_Program\\n,b.Program_0 As Estimate_Program_0\\n,b.Cancelled As Estimate_Cancelled\\n,b.Confidence_Factor_Id As Estimate_Confidence_Factor_Id\\n,b.Company_Id As Estimate_Company_Id\\n,b.Item_Id As Estimate_Item_Id\\n,b.Location_Id As Estimate_Location_Id\\n,b.Sales_Rep_Id As Estimate_Sales_Rep_Id\\n,b.TranId As Estimate_TranId\\n,b.Price_Sticker_Id As Estimate_Price_Sticker_Id\\n,b.Po As Estimate_Po\\n,b.Release_Order_Number As Estimate_Release_Order_Number\\n,b.Cntnr_ As Estimate_Cntnr_\\n,b.Etd_Ship_Date As Estimate_Etd_Ship_Date\\n,b.Ship_Date_Outbound As Estimate_Ship_Date_Outbound\\n,b.Cancel_Date_Outbound As Estimate_Cancel_Date_Outbound\\n,b.Expiration_Date As Estimate_Expiration_Date\\n,b.Item_Count As Estimate_Item_Count\\n,b.Inner_Qty As Estimate_Inner_Qty\\n,b.Release_Quantity As Estimate_Release_Quantity\\n,b.Quantity_Received_In_Shipment As Estimate_Quantity_Received_In_Shipment\\n,b.Item_Unit_Price As Estimate_Item_Unit_Price\\n,b.Amount As Estimate_Amount\\n,b.Eta_Arrival_Date As Estimate_Eta_Arrival_Date\\n,b.Delete_Flag As Estimate_Delete_Flag\\n,b.Active_Flag As Estimate_Active_Flag\\n,b.Create_Date As Estimate_Create_Date\\n,b.Date_Created As Estimate_Date_Created\\n,b.Date_Last_Modified_Gmt As Estimate_Date_Last_Modified_Gmt\\n,b.Created_By As Estimate_Created_By\\n,b.Created_Timestamp As Estimate_Created_Timestamp\\n,b.Last_Updated_By As Estimate_Last_Updated_By\\n,b.Last_Update_Timestamp As Estimate_Last_Update_Timestamp\\n,b.Closed_Script As Estimate_Closed_Script\\nfrom [dw].[Ft_Purchaseorder_bkp_09_sb] a,[edl].[Edl_Estimate_bkp_09_sb] b\\n\twhere a.transaction_id=b.transaction_id\\n\tand a.transaction_line_id=b.transaction_line_id\\nand isnull(a.release_order_nbr,\\'UNKNOWN\\') != isnull(b.release_order_number,\\'UNKNOWN\\') \\n\\n \\n\\n',\n\tisolationLevel: 'READ_UNCOMMITTED',\n\tstaged: true) ~> SrcEdlEstimate\nselect1 derive(created_By = 'ETL',\n\t\tcreated_Timestamp = currentTimestamp(),\n\t\tLast_Updated_By = 'ETL',\n\t\tLast_Update_Timestamp = currentTimestamp()) ~> DerMonthETd\nDerMonthETd select(mapColumn(\n\t\tTransaction_Id = Purchase_Transaction_Id,\n\t\tTransaction_Line_Id = Purchase_Transaction_Line_Id,\n\t\tMemo_Descr = Purchase_Memo_Descr,\n\t\tSticker_Requirement_Descr = Purchase_Sticker_Requirement_Descr,\n\t\tInner_Requirement_Descr = Purchase_Inner_Requirement_Descr,\n\t\tCustomer_Requirement_Descr = Purchase_Customer_Requirement_Descr,\n\t\tSales_Program_Descr = Purchase_Sales_Program_Descr,\n\t\tBuyer_Dept_Descr = Purchase_Buyer_Dept_Descr,\n\t\tBuyer_Confirmed_On = Purchase_Buyer_Confirmed_On,\n\t\tDept_Program_Descr = Purchase_Dept_Program_Descr,\n\t\tProgram_Descr = Purchase_Program_Descr,\n\t\tCancelled_Descr = Purchase_Cancelled_Descr,\n\t\tSticker_Requirement_Purchase_Descr = Purchase_Sticker_Requirement_Purchase_Descr,\n\t\tConfidence_Factor_Descr = Purchase_Confidence_Factor_Descr,\n\t\tLevel_Descr = Purchase_Level_Descr,\n\t\tFinal_Destination_Container = Purchase_Final_Destination_Container,\n\t\tPrice_Sticker_Descr = Purchase_Price_Sticker_Descr,\n\t\tCustomer_key = Purchase_Customer_key,\n\t\tItem_key = Purchase_Item_key,\n\t\tSales_Rep_key = Purchase_Sales_Rep_key,\n\t\tLocation_key = Purchase_Location_key,\n\t\tDocument_Nbr = Purchase_Document_Nbr,\n\t\tPrice_Sticker_Id = Purchase_Price_Sticker_Id,\n\t\tPo_Nbr = Purchase_Po_Nbr,\n\t\tCntnr_nbr = Purchase_Cntnr_nbr,\n\t\tEtd_Ship_Dt = Purchase_Etd_Ship_Dt,\n\t\tShip_Outbound_Dt = Purchase_Ship_Outbound_Dt,\n\t\tCancel_Outbound_Dt = Purchase_Cancel_Outbound_Dt,\n\t\tExpiration_Dt = Purchase_Expiration_Dt,\n\t\tEta_Arrival_Date = Purchase_Eta_Arrival_Date,\n\t\tMonth_Ship_Dt = Purchase_Month_Ship_Dt,\n\t\tEtd_Dt = Purchase_Etd_Dt,\n\t\tMonth_Etd_Dt = Purchase_Month_Etd_Dt,\n\t\tMs_Domestic_Ship_Date = Purchase_Ms_Domestic_Ship_Date,\n\t\tMs_Domestic_Cancel_Date = Purchase_Ms_Domestic_Cancel_Date,\n\t\tQuantity_Received_In_Shipment = Purchase_Quantity_Received_In_Shipment,\n\t\tItem_Qty = Purchase_Item_Qty,\n\t\tInner_Qty = Purchase_Inner_Qty,\n\t\tRelease_Qty = Purchase_Release_Qty,\n\t\tItem_Unit_Price = Purchase_Item_Unit_Price,\n\t\tAmount = Purchase_Amount,\n\t\tDelete_Flg = Purchase_Delete_Flg,\n\t\tCreate_Date = Purchase_Create_Date,\n\t\tDate_Created = Purchase_Date_Created,\n\t\tDate_Last_Modified_Gmt = Purchase_Date_Last_Modified_Gmt,\n\t\tRelease_Order_Number = Estimate_Release_Order_Number,\n\t\tClosed_Script = Estimate_Closed_Script,\n\t\tcreated_By,\n\t\tcreated_Timestamp,\n\t\tLast_Updated_By,\n\t\tLast_Update_Timestamp\n\t),\n\tskipDuplicateMapInputs: true,\n\tskipDuplicateMapOutputs: true) ~> SelectReqd\nfilter1 select(mapColumn(\n\t\tPurchase_Purchase_Order_key,\n\t\tPurchase_Transaction_Id,\n\t\tPurchase_Transaction_Line_Id,\n\t\tPurchase_Memo_Descr,\n\t\tPurchase_Sticker_Requirement_Descr,\n\t\tPurchase_Inner_Requirement_Descr,\n\t\tPurchase_Customer_Requirement_Descr,\n\t\tPurchase_Sales_Program_Descr,\n\t\tPurchase_Buyer_Dept_Descr,\n\t\tPurchase_Buyer_Confirmed_On,\n\t\tPurchase_Dept_Program_Descr,\n\t\tPurchase_Program_Descr,\n\t\tPurchase_Cancelled_Descr,\n\t\tPurchase_Sticker_Requirement_Purchase_Descr,\n\t\tPurchase_Confidence_Factor_Descr,\n\t\tPurchase_Level_Descr,\n\t\tPurchase_Final_Destination_Container,\n\t\tPurchase_Price_Sticker_Descr,\n\t\tPurchase_Customer_key,\n\t\tPurchase_Item_key,\n\t\tPurchase_Sales_Rep_key,\n\t\tPurchase_Location_key,\n\t\tPurchase_Document_Nbr,\n\t\tPurchase_Price_Sticker_Id,\n\t\tPurchase_Po_Nbr,\n\t\tPurchase_Release_Order_Nbr,\n\t\tPurchase_Cntnr_nbr,\n\t\tPurchase_Etd_Ship_Dt,\n\t\tPurchase_Ship_Outbound_Dt,\n\t\tPurchase_Cancel_Outbound_Dt,\n\t\tPurchase_Expiration_Dt,\n\t\tPurchase_Eta_Arrival_Date,\n\t\tPurchase_Month_Ship_Dt,\n\t\tPurchase_Etd_Dt,\n\t\tPurchase_Month_Etd_Dt,\n\t\tPurchase_Ms_Domestic_Ship_Date,\n\t\tPurchase_Ms_Domestic_Cancel_Date,\n\t\tPurchase_Quantity_Received_In_Shipment,\n\t\tPurchase_Item_Qty,\n\t\tPurchase_Inner_Qty,\n\t\tPurchase_Release_Qty,\n\t\tPurchase_Item_Unit_Price,\n\t\tPurchase_Amount,\n\t\tPurchase_Delete_Flg,\n\t\tPurchase_Create_Date,\n\t\tPurchase_Date_Created,\n\t\tPurchase_Date_Last_Modified_Gmt,\n\t\tPurchase_Created_By,\n\t\tPurchase_Created_Timestamp,\n\t\tPurchase_Last_Updated_By,\n\t\tPurchase_Last_Update_Timestamp,\n\t\tEstimate_Release_Order_Number,\n\t\tEstimate_Closed_Script\n\t),\n\tskipDuplicateMapInputs: true,\n\tskipDuplicateMapOutputs: true) ~> select1\nSrcEdlEstimate filter(Estimate_Closed_Script=='T') ~> filter1\nSelectReqd sink(allowSchemaDrift: true,\n\tvalidateSchema: false,\n\tinput(\n\t\tTransaction_Id as integer,\n\t\tTransaction_Line_Id as integer,\n\t\tMemo_Descr as string,\n\t\tSticker_Requirement_Descr as string,\n\t\tInner_Requirement_Descr as string,\n\t\tCustomer_Requirement_Descr as string,\n\t\tSales_Program_Descr as string,\n\t\tBuyer_Dept_descr as string,\n\t\tBuyer_Confirmed_On as timestamp,\n\t\tDept_Program_Descr as string,\n\t\tProgram_Descr as string,\n\t\tCancelled_Descr as string,\n\t\tSticker_Requirement_Purchase_Descr as string,\n\t\tConfidence_Factor_Descr as string,\n\t\tLevel_Descr as string,\n\t\tFinal_Destination_Container as string,\n\t\tPrice_Sticker_Descr as string,\n\t\tCustomer_key as integer,\n\t\tItem_key as integer,\n\t\tSales_Rep_key as integer,\n\t\tLocation_key as integer,\n\t\tDocument_Nbr as string,\n\t\tPrice_Sticker_Id as decimal(19,2),\n\t\tPo_Nbr as integer,\n\t\tRelease_Order_Nbr as string,\n\t\tCntnr_Nbr as string,\n\t\tEtd_Ship_Dt as string,\n\t\tShip_Outbound_Dt as string,\n\t\tCancel_Outbound_Dt as string,\n\t\tExpiration_Dt as timestamp,\n\t\tEta_Arrival_Date as string,\n\t\tMonth_Ship_Dt as string,\n\t\tEtd_Dt as timestamp,\n\t\tMonth_Etd_Dt as string,\n\t\tMs_Domestic_Ship_Date as timestamp,\n\t\tMs_Domestic_Cancel_Date as timestamp,\n\t\tItem_Qty as decimal(19,2),\n\t\tInner_Qty as string,\n\t\tRelease_Qty as decimal(19,2),\n\t\tItem_Unit_Price as string,\n\t\tAmount as decimal(19,2),\n\t\tDelete_Flg as string,\n\t\tCreate_Date as timestamp,\n\t\tDate_Created as timestamp,\n\t\tDate_Last_Modified_Gmt as timestamp,\n\t\tCreated_By as string,\n\t\tCreated_Timestamp as timestamp,\n\t\tLast_Updated_By as string,\n\t\tLast_Update_Timestamp as timestamp,\n\t\tQuantity_Received_In_Shipment as decimal(19,2),\n\t\tclosed_script as string\n\t),\n\tformat: 'table',\n\tstore: 'synapseanalytics',\n\tschemaName: 'stage',\n\ttableName: 'Stg_Purchaseorder_09_bkp_sb',\n\tinsertable: true,\n\tupdateable: false,\n\tdeletable: false,\n\tupsertable: false,\n\tstaged: true,\n\tskipDuplicateMapInputs: true,\n\tskipDuplicateMapOutputs: true,\n\terrorHandlingOption: 'stopOnFirstError',\n\tmapColumn(\n\t\tTransaction_Id,\n\t\tTransaction_Line_Id,\n\t\tMemo_Descr,\n\t\tSticker_Requirement_Descr,\n\t\tInner_Requirement_Descr,\n\t\tCustomer_Requirement_Descr,\n\t\tSales_Program_Descr,\n\t\tBuyer_Dept_descr = Buyer_Dept_Descr,\n\t\tBuyer_Confirmed_On,\n\t\tDept_Program_Descr,\n\t\tProgram_Descr,\n\t\tCancelled_Descr,\n\t\tSticker_Requirement_Purchase_Descr,\n\t\tConfidence_Factor_Descr,\n\t\tLevel_Descr,\n\t\tFinal_Destination_Container,\n\t\tPrice_Sticker_Descr,\n\t\tCustomer_key,\n\t\tItem_key,\n\t\tSales_Rep_key,\n\t\tLocation_key,\n\t\tDocument_Nbr,\n\t\tPrice_Sticker_Id,\n\t\tPo_Nbr,\n\t\tRelease_Order_Nbr = Release_Order_Number,\n\t\tCntnr_Nbr = Cntnr_nbr,\n\t\tEtd_Ship_Dt,\n\t\tShip_Outbound_Dt,\n\t\tCancel_Outbound_Dt,\n\t\tExpiration_Dt,\n\t\tEta_Arrival_Date,\n\t\tMonth_Ship_Dt,\n\t\tEtd_Dt,\n\t\tMonth_Etd_Dt,\n\t\tMs_Domestic_Ship_Date,\n\t\tMs_Domestic_Cancel_Date,\n\t\tItem_Qty,\n\t\tInner_Qty,\n\t\tRelease_Qty,\n\t\tItem_Unit_Price,\n\t\tAmount,\n\t\tDelete_Flg,\n\t\tCreate_Date,\n\t\tDate_Created,\n\t\tDate_Last_Modified_Gmt,\n\t\tCreated_By = created_By,\n\t\tCreated_Timestamp = created_Timestamp,\n\t\tLast_Updated_By,\n\t\tLast_Update_Timestamp,\n\t\tQuantity_Received_In_Shipment,\n\t\tclosed_script = Closed_Script\n\t)) ~> sinkStgPurchaseorder"
		}
	}
}