{
	"name": "DfEdlToStgLocations",
	"properties": {
		"type": "MappingDataFlow",
		"typeProperties": {
			"sources": [
				{
					"linkedService": {
						"referenceName": "LsAzureDb",
						"type": "LinkedServiceReference"
					},
					"name": "SrcEdlLocations"
				}
			],
			"sinks": [
				{
					"linkedService": {
						"referenceName": "LsAzureDb",
						"type": "LinkedServiceReference"
					},
					"name": "SinkStgLocations"
				}
			],
			"transformations": [
				{
					"name": "FilterActiveflag"
				}
			],
			"script": "source(output(\n\t\tLocation_Key as integer,\n\t\tLocation_Id as integer,\n\t\tName as string,\n\t\tDelete_Flg as string,\n\t\tDate_Last_Modified as timestamp,\n\t\tCreated_By as string,\n\t\tCreated_Timestamp as timestamp,\n\t\tLast_Updated_By as string,\n\t\tLast_Update_Timestamp as timestamp,\n\t\tActive_Flag as string,\n\t\tCity as string,\n\t\tCountry as string,\n\t\tState as string,\n\t\tZipcode as string\n\t),\n\tallowSchemaDrift: true,\n\tvalidateSchema: false,\n\tformat: 'table',\n\tstore: 'synapseanalytics',\n\tschemaName: 'edl',\n\ttableName: 'EDL_LOCATION',\n\tisolationLevel: 'READ_UNCOMMITTED',\n\tstaged: true) ~> SrcEdlLocations\nSrcEdlLocations filter(Active_Flag=='Y') ~> FilterActiveflag\nFilterActiveflag sink(allowSchemaDrift: true,\n\tvalidateSchema: false,\n\tinput(\n\t\tLocation_Id as integer,\n\t\tLocation_Name as string,\n\t\tLocation_Country as string,\n\t\tLocation_City as string,\n\t\tLocation_State as string,\n\t\tLocation_Zipcode as string,\n\t\tCreate_Date as timestamp,\n\t\tDate_Last_Modified as timestamp,\n\t\tDelete_Flg as string\n\t),\n\tformat: 'table',\n\tstore: 'synapseanalytics',\n\tschemaName: 'stage',\n\ttableName: 'STG_LOCATION',\n\tinsertable: true,\n\tupdateable: false,\n\tdeletable: false,\n\tupsertable: false,\n\ttruncate: true,\n\tstaged: true,\n\tskipDuplicateMapInputs: true,\n\tskipDuplicateMapOutputs: true,\n\terrorHandlingOption: 'stopOnFirstError',\n\tmapColumn(\n\t\tLocation_Id,\n\t\tLocation_Name = Name,\n\t\tLocation_Country = Country,\n\t\tLocation_City = City,\n\t\tLocation_State = State,\n\t\tLocation_Zipcode = Zipcode,\n\t\tDate_Last_Modified,\n\t\tDelete_Flg\n\t)) ~> SinkStgLocations"
		}
	}
}