{
	"name": "DfEdlToStgSalesReps",
	"properties": {
		"type": "MappingDataFlow",
		"typeProperties": {
			"sources": [
				{
					"linkedService": {
						"referenceName": "LsAzureDb",
						"type": "LinkedServiceReference"
					},
					"name": "SrcEdlSalesReps"
				}
			],
			"sinks": [
				{
					"linkedService": {
						"referenceName": "LsAzureDb",
						"type": "LinkedServiceReference"
					},
					"name": "SinkStgSalesReps"
				}
			],
			"transformations": [
				{
					"name": "FilterActiveflag"
				}
			],
			"script": "source(output(\n\t\tSales_Key as integer,\n\t\tSales_Rep_Id as integer,\n\t\tSales_Rep_Name as string,\n\t\tDelete_Flg as string,\n\t\tCreate_Date as timestamp,\n\t\tDate_Last_Modified as timestamp,\n\t\tCreated_By as string,\n\t\tCreated_Timestamp as timestamp,\n\t\tLast_Updated_By as string,\n\t\tLast_Update_Timestamp as timestamp,\n\t\tActive_Flag as string,\n\t\tLoginAccess as string,\n\t\tEmail as string,\n\t\tPhone as string,\n\t\tAddress as string,\n\t\tCity as string,\n\t\tCountry as string\n\t),\n\tallowSchemaDrift: true,\n\tvalidateSchema: false,\n\tformat: 'table',\n\tstore: 'synapseanalytics',\n\tschemaName: 'edl',\n\ttableName: 'Edl_SalesRep',\n\tisolationLevel: 'READ_UNCOMMITTED',\n\tstaged: true) ~> SrcEdlSalesReps\nSrcEdlSalesReps filter(Active_Flag=='Y') ~> FilterActiveflag\nFilterActiveflag sink(allowSchemaDrift: true,\n\tvalidateSchema: false,\n\tinput(\n\t\tSales_Rep_ID as integer,\n\t\tSales_Rep_Name as string,\n\t\tSales_Rep_Address as string,\n\t\tSales_Rep_City as string,\n\t\tSales_Rep_Country as string,\n\t\tSales_Rep_Email as string,\n\t\tSales_Rep_Loginaccess as string,\n\t\tSales_Rep_Phone as string,\n\t\tCreate_Date as timestamp,\n\t\tDate_Last_Modified as timestamp,\n\t\tDelete_Flg as string\n\t),\n\tformat: 'table',\n\tstore: 'synapseanalytics',\n\tschemaName: 'stage',\n\ttableName: 'Stg_SalesRep',\n\tpreSQLs:['Truncate table stage.stg_Salesrep'],\n\tinsertable: true,\n\tupdateable: false,\n\tdeletable: false,\n\tupsertable: false,\n\ttruncate: true,\n\tstaged: true,\n\tskipDuplicateMapInputs: true,\n\tskipDuplicateMapOutputs: true,\n\terrorHandlingOption: 'stopOnFirstError',\n\tmapColumn(\n\t\tSales_Rep_ID = Sales_Rep_Id,\n\t\tSales_Rep_Name,\n\t\tSales_Rep_Address = Address,\n\t\tSales_Rep_City = City,\n\t\tSales_Rep_Country = Country,\n\t\tSales_Rep_Email = Email,\n\t\tSales_Rep_Loginaccess = LoginAccess,\n\t\tSales_Rep_Phone = Phone,\n\t\tCreate_Date,\n\t\tDate_Last_Modified,\n\t\tDelete_Flg\n\t)) ~> SinkStgSalesReps"
		}
	}
}