{
	"name": "DfEdlToStgProduct",
	"properties": {
		"type": "MappingDataFlow",
		"typeProperties": {
			"sources": [
				{
					"linkedService": {
						"referenceName": "LsAzureDb",
						"type": "LinkedServiceReference"
					},
					"name": "SrcEDLProduct"
				}
			],
			"sinks": [
				{
					"linkedService": {
						"referenceName": "LsAzureDb",
						"type": "LinkedServiceReference"
					},
					"name": "SinkStgProduct"
				}
			],
			"transformations": [
				{
					"name": "Filter"
				}
			],
			"script": "source(output(\n\t\tItem_key as integer,\n\t\tItem_Id as integer,\n\t\tGeneric_Description as string,\n\t\tPurchaseDescription as string,\n\t\tArtwork as string,\n\t\tColor as string,\n\t\tPackage_Type as string,\n\t\tSpecial_Requirements as string,\n\t\tCase_Pack as decimal(19,2),\n\t\tFull_Name as string,\n\t\tDisplay_Name as string,\n\t\tAccount_Manager_Name as string,\n\t\tBrand_Name as string,\n\t\tBrand_Manager_Name as string,\n\t\tItem_Status as string,\n\t\tItem_Type as string,\n\t\tMaker_Name as string,\n\t\tProduct_Manager_Name as string,\n\t\tMaster_Carton_Rqmnts as string,\n\t\tTrade_Partner_Name as string,\n\t\tPart_Of_Assembly_Item as string,\n\t\tType_Name as string,\n\t\tTrade_Partner_Code as string,\n\t\tVendorName as string,\n\t\tUPC as string,\n\t\tQunatityOnHand as decimal(19,2),\n\t\tSSCC14 as string,\n\t\tMaster_Carton_Markings_Item_N as string,\n\t\tDelete_Flg as string,\n\t\tCreate_Date as timestamp,\n\t\tDate_Last_Modified as timestamp,\n\t\tCreated_By as string,\n\t\tCreated_Timestamp as timestamp,\n\t\tLast_Updated_By as string,\n\t\tLast_Update_Timestamp as timestamp,\n\t\tActive_Flag as string\n\t),\n\tallowSchemaDrift: true,\n\tvalidateSchema: false,\n\tformat: 'table',\n\tstore: 'synapseanalytics',\n\tschemaName: 'edl',\n\ttableName: 'Edl_product',\n\tisolationLevel: 'READ_UNCOMMITTED',\n\tstaged: true) ~> SrcEDLProduct\nSrcEDLProduct filter(Active_Flag=='Y') ~> Filter\nFilter sink(allowSchemaDrift: true,\n\tvalidateSchema: false,\n\tinput(\n\t\tItem_Id as integer,\n\t\tItem_Descr as string,\n\t\tBrand_Descr as string,\n\t\tArtwork_Descr as string,\n\t\tColor_Descr as string,\n\t\tPackage_Type_Descr as string,\n\t\tSpecial_Req_Descr as string,\n\t\tCase_Pack_Descr as decimal(19,2),\n\t\tFull_Name_Descr as string,\n\t\tDisplay_Name_Descr as string,\n\t\tAccount_Manager_Name as string,\n\t\tBrand_Name as string,\n\t\tBrand_Manager_Name as string,\n\t\tItem_Status_Descr as string,\n\t\tItem_Type_Descr as string,\n\t\tMaker_Name as string,\n\t\tProduct_Manager_Name as string,\n\t\tMaster_Carton_Req_Descr as string,\n\t\tTrade_Partner_Name as string,\n\t\tPart_Of_Assembly_Item as string,\n\t\tType_Name as string,\n\t\tTrade_Partner_Cd as string,\n\t\tVendor_Name as string,\n\t\tUPC_Nbr as string,\n\t\tOn_Hand_Quantity as decimal(19,2),\n\t\tSSCC14_Nbr as string,\n\t\tMaster_Carton_Item_Nbr as string,\n\t\tDelete_Flg as string,\n\t\tCreate_Date as timestamp,\n\t\tDate_Last_Modified as timestamp\n\t),\n\tformat: 'table',\n\tstore: 'synapseanalytics',\n\tschemaName: 'stage',\n\ttableName: 'Stg_Product',\n\tpreSQLs:['Truncate table stage.Stg_Product\\n'],\n\tinsertable: true,\n\tupdateable: false,\n\tdeletable: false,\n\tupsertable: false,\n\ttruncate: true,\n\tstaged: true,\n\tskipDuplicateMapInputs: true,\n\tskipDuplicateMapOutputs: true,\n\tsaveOrder: 1,\n\terrorHandlingOption: 'stopOnFirstError',\n\tmapColumn(\n\t\tItem_Id,\n\t\tItem_Descr = Generic_Description,\n\t\tBrand_Descr = PurchaseDescription,\n\t\tArtwork_Descr = Artwork,\n\t\tColor_Descr = Color,\n\t\tPackage_Type_Descr = Package_Type,\n\t\tSpecial_Req_Descr = Special_Requirements,\n\t\tCase_Pack_Descr = Case_Pack,\n\t\tFull_Name_Descr = Full_Name,\n\t\tDisplay_Name_Descr = Display_Name,\n\t\tAccount_Manager_Name,\n\t\tBrand_Name,\n\t\tBrand_Manager_Name,\n\t\tItem_Status_Descr = Item_Status,\n\t\tItem_Type_Descr = Item_Type,\n\t\tMaker_Name,\n\t\tProduct_Manager_Name,\n\t\tMaster_Carton_Req_Descr = Master_Carton_Rqmnts,\n\t\tTrade_Partner_Name,\n\t\tPart_Of_Assembly_Item,\n\t\tType_Name,\n\t\tTrade_Partner_Cd = Trade_Partner_Code,\n\t\tVendor_Name = VendorName,\n\t\tUPC_Nbr = UPC,\n\t\tOn_Hand_Quantity = QunatityOnHand,\n\t\tSSCC14_Nbr = SSCC14,\n\t\tMaster_Carton_Item_Nbr = Master_Carton_Markings_Item_N,\n\t\tDelete_Flg,\n\t\tCreate_Date,\n\t\tDate_Last_Modified\n\t)) ~> SinkStgProduct"
		}
	}
}