{
	"name": "DfEdlToStgCustomers",
	"properties": {
		"type": "MappingDataFlow",
		"typeProperties": {
			"sources": [
				{
					"linkedService": {
						"referenceName": "LsAzureDb",
						"type": "LinkedServiceReference"
					},
					"name": "SrcEdlCustomers"
				}
			],
			"sinks": [
				{
					"linkedService": {
						"referenceName": "LsAzureDb",
						"type": "LinkedServiceReference"
					},
					"name": "SinkStgCustomers"
				}
			],
			"transformations": [
				{
					"name": "FilterActiveflag"
				}
			],
			"script": "source(output(\n\t\tCustomer_Key as integer,\n\t\tCustomer_Id as integer,\n\t\tCompany_Name as string,\n\t\tDelete_Flg as string,\n\t\tCreate_Date as timestamp,\n\t\tDate_Last_Modified as timestamp,\n\t\tCreated_By as string,\n\t\tCreated_Timestamp as timestamp,\n\t\tLast_Updated_By as string,\n\t\tLast_Update_Timestamp as timestamp,\n\t\tActive_Flag as string\n\t),\n\tallowSchemaDrift: true,\n\tvalidateSchema: false,\n\tformat: 'table',\n\tstore: 'synapseanalytics',\n\tschemaName: 'edl',\n\ttableName: 'Edl_Customer',\n\tisolationLevel: 'NONE',\n\tstaged: true) ~> SrcEdlCustomers\nSrcEdlCustomers filter(Active_Flag=='Y') ~> FilterActiveflag\nFilterActiveflag sink(allowSchemaDrift: true,\n\tvalidateSchema: false,\n\tinput(\n\t\tCustomer_ID as integer,\n\t\tCompany_Name as string,\n\t\tDelete_Flg as string,\n\t\tCreate_Date as timestamp,\n\t\tDate_Last_Modified as timestamp\n\t),\n\tformat: 'table',\n\tstore: 'synapseanalytics',\n\tschemaName: 'stage',\n\ttableName: 'stg_customer',\n\tinsertable: true,\n\tupdateable: false,\n\tdeletable: false,\n\tupsertable: false,\n\ttruncate: true,\n\tstaged: true,\n\tskipDuplicateMapInputs: true,\n\tskipDuplicateMapOutputs: true,\n\terrorHandlingOption: 'stopOnFirstError',\n\tmapColumn(\n\t\tCustomer_ID = Customer_Id,\n\t\tCompany_Name,\n\t\tDelete_Flg,\n\t\tCreate_Date,\n\t\tDate_Last_Modified\n\t)) ~> SinkStgCustomers"
		}
	}
}