{
	"name": "DfEdlToStgPurchaseOrder",
	"properties": {
		"type": "MappingDataFlow",
		"typeProperties": {
			"sources": [
				{
					"linkedService": {
						"referenceName": "LsAzureDb",
						"type": "LinkedServiceReference"
					},
					"name": "SrcEdlEstimate"
				},
				{
					"linkedService": {
						"referenceName": "LsAzureDb",
						"type": "LinkedServiceReference"
					},
					"name": "SrcDmLocation"
				},
				{
					"linkedService": {
						"referenceName": "LsAzureDb",
						"type": "LinkedServiceReference"
					},
					"name": "SrcDmProduct"
				},
				{
					"linkedService": {
						"referenceName": "LsAzureDb",
						"type": "LinkedServiceReference"
					},
					"name": "SrcDmCustomer"
				},
				{
					"linkedService": {
						"referenceName": "LsAzureDb",
						"type": "LinkedServiceReference"
					},
					"name": "SrcDmSalesReps"
				}
			],
			"sinks": [
				{
					"linkedService": {
						"referenceName": "LsAzureDb",
						"type": "LinkedServiceReference"
					},
					"name": "sinkStgPurchaseorder"
				}
			],
			"transformations": [
				{
					"name": "FltActiveFlag"
				},
				{
					"name": "DerReqdColumns"
				},
				{
					"name": "SelectReqdLocation"
				},
				{
					"name": "JoinLocations"
				},
				{
					"name": "DerMonthETd"
				},
				{
					"name": "JoinCustomers"
				},
				{
					"name": "JoinItems"
				},
				{
					"name": "JoinSalesRep"
				},
				{
					"name": "SelectReqdColumns"
				},
				{
					"name": "SelectReqd"
				},
				{
					"name": "SelectReqdProduct"
				},
				{
					"name": "SelectCustomers"
				},
				{
					"name": "SelectSalesReps"
				},
				{
					"name": "DerivedId"
				},
				{
					"name": "FilterReleaseOrderNumber"
				}
			],
			"script": "source(output(\n\t\tEstimate_Key as integer,\n\t\tTransaction_Id as integer,\n\t\tTransaction_Line_Id as integer,\n\t\tMemo as string,\n\t\tSticker_Requirements as string,\n\t\tInner_Requirements as string,\n\t\tCustomer_Requirements as string,\n\t\tSales_Program as string,\n\t\tBuyer_Dept as string,\n\t\tBuyer_Confirmed_On as timestamp,\n\t\tDept_Program as string,\n\t\tProgram_0 as string,\n\t\tCancelled as string,\n\t\tConfidence_Factor_Id as integer,\n\t\tCompany_Id as integer,\n\t\tItem_Id as integer,\n\t\tLocation_Id as integer,\n\t\tSales_Rep_Id as integer,\n\t\tTranId as string,\n\t\tPrice_Sticker_Id as integer,\n\t\tPo as string,\n\t\tRelease_Order_Number as string,\n\t\tCntnr_ as string,\n\t\tEtd_Ship_Date as string,\n\t\tShip_Date_Outbound as string,\n\t\tCancel_Date_Outbound as string,\n\t\tExpiration_Date as timestamp,\n\t\tItem_Count as integer,\n\t\tInner_Qty as string,\n\t\tRelease_Quantity as string,\n\t\tQuantity_Received_In_Shipment as decimal(19,2),\n\t\tItem_Unit_Price as string,\n\t\tAmount as decimal(19,2),\n\t\tEta_Arrival_Date as string,\n\t\tDelete_Flag as string,\n\t\tActive_Flag as string,\n\t\tCreate_Date as timestamp,\n\t\tDate_Created as timestamp,\n\t\tDate_Last_Modified_Gmt as timestamp,\n\t\tCreated_By as string,\n\t\tCreated_Timestamp as timestamp,\n\t\tLast_Updated_By as string,\n\t\tLast_Update_Timestamp as timestamp,\n\t\tClosed_Script as string\n\t),\n\tallowSchemaDrift: true,\n\tvalidateSchema: false,\n\tformat: 'table',\n\tstore: 'synapseanalytics',\n\tschemaName: 'edl',\n\ttableName: 'edl_Estimate',\n\tisolationLevel: 'READ_UNCOMMITTED',\n\tstaged: true) ~> SrcEdlEstimate\nsource(output(\n\t\tLocation_Key as integer,\n\t\tLocation_Id as integer,\n\t\tLocation_Name as string,\n\t\tLocation_Country as string,\n\t\tLocation_City as string,\n\t\tLocation_State as string,\n\t\tLocation_Zipcode as string,\n\t\tDate_Last_Modified as timestamp,\n\t\tDelete_Flg as string,\n\t\tCreated_By as string,\n\t\tCreated_Timestamp as timestamp,\n\t\tLast_Updated_By as string,\n\t\tLast_Update_Timestamp as timestamp\n\t),\n\tallowSchemaDrift: true,\n\tvalidateSchema: false,\n\tformat: 'table',\n\tstore: 'synapseanalytics',\n\tschemaName: 'dw',\n\ttableName: 'Dm_Location',\n\tisolationLevel: 'READ_UNCOMMITTED',\n\tstaged: true) ~> SrcDmLocation\nsource(output(\n\t\tItem_Key as integer,\n\t\tItem_Id as integer,\n\t\tItem_Descr as string,\n\t\tBrand_Descr as string,\n\t\tArtwork_Descr as string,\n\t\tColor_Descr as string,\n\t\tPackage_Type_Descr as string,\n\t\tSpecial_Req_Descr as string,\n\t\tCase_Pack_Descr as decimal(19,2),\n\t\tFull_Name_Descr as string,\n\t\tDisplay_Name_Descr as string,\n\t\tAccount_Manager_Name as string,\n\t\tBrand_Name as string,\n\t\tBrand_Manager_Name as string,\n\t\tItem_Status_Descr as string,\n\t\tItem_Type_Descr as string,\n\t\tMaker_Name as string,\n\t\tProduct_Manager_Name as string,\n\t\tMaster_Carton_Req_Descr as string,\n\t\tTrade_Partner_Name as string,\n\t\tPart_Of_Assembly_Item as string,\n\t\tType_Name as string,\n\t\tTrade_Partner_Cd as string,\n\t\tVendor_Name as string,\n\t\tUPC_Nbr as string,\n\t\tOn_Hand_Quantity as decimal(19,2),\n\t\tSSCC14_Nbr as string,\n\t\tMaster_Carton_Item_Nbr as string,\n\t\tCreate_Date as timestamp,\n\t\tDate_Last_Modified as timestamp,\n\t\tDelete_Flg as string,\n\t\tCreated_By as string,\n\t\tCreated_Timestamp as timestamp,\n\t\tLast_Updated_By as string,\n\t\tLast_Update_Timestamp as timestamp\n\t),\n\tallowSchemaDrift: true,\n\tvalidateSchema: false,\n\tformat: 'table',\n\tstore: 'synapseanalytics',\n\tschemaName: 'dw',\n\ttableName: 'Dm_product',\n\tisolationLevel: 'READ_UNCOMMITTED',\n\tstaged: true) ~> SrcDmProduct\nsource(output(\n\t\tCustomer_Key as integer,\n\t\tCustomer_Id as integer,\n\t\tCompany_Name as string,\n\t\tDelete_Flg as string,\n\t\tCreate_Date as timestamp,\n\t\tDate_Last_Modified as timestamp,\n\t\tCreated_By as string,\n\t\tCreated_Timestamp as timestamp,\n\t\tLast_Updated_By as string,\n\t\tLast_Update_Timestamp as timestamp\n\t),\n\tallowSchemaDrift: true,\n\tvalidateSchema: false,\n\tformat: 'table',\n\tstore: 'synapseanalytics',\n\tschemaName: 'dw',\n\ttableName: 'dm_customer',\n\tisolationLevel: 'READ_UNCOMMITTED',\n\tstaged: true) ~> SrcDmCustomer\nsource(output(\n\t\tSales_Rep_key as integer,\n\t\tSales_Rep_Id as integer,\n\t\tSales_Rep_Name as string,\n\t\tSales_Rep_Address as string,\n\t\tSales_Rep_City as string,\n\t\tSales_Rep_Country as string,\n\t\tSales_Rep_Email as string,\n\t\tSales_Rep_Loginaccess as string,\n\t\tSales_Rep_Phone as string,\n\t\tCreate_Date as timestamp,\n\t\tDate_Last_Modified as timestamp,\n\t\tDelete_Flg as string,\n\t\tCreated_By as string,\n\t\tCreated_Timestamp as timestamp,\n\t\tLast_Updated_By as string,\n\t\tLast_Update_Timestamp as timestamp\n\t),\n\tallowSchemaDrift: true,\n\tvalidateSchema: false,\n\tformat: 'table',\n\tstore: 'synapseanalytics',\n\tschemaName: 'dw',\n\ttableName: 'Dm_Salesrep',\n\tisolationLevel: 'READ_UNCOMMITTED',\n\tstaged: true) ~> SrcDmSalesReps\nSelectReqdColumns filter(Active_Flag=='Y') ~> FltActiveFlag\nFltActiveFlag derive(ETD_dt = iif(\r\n    like(Location_Name,'%DotCom Distribution - Edison NJ%'), subDays(toDate(Ship_Date_Outbound,'MM/dd/yy', 'en-US'),66),\r\n    iif(like(Location_Name,'%Berkley%'), subDays(toDate(Ship_Date_Outbound,'MM/dd/yy', 'en-US'),59),\r\n    iif(like(Location_Name,'%POE China%'), subDays(toDate(Ship_Date_Outbound,'MM/dd/yy', 'en-US'),14),\r\n    iif(like(Location_Name,'%POE OAK%'), subDays(toDate(Ship_Date_Outbound,'MM/dd/yy', 'en-US'),59),\r\n    iif(like(Location_Name,'%POE Vietnam%'), subDays(toDate(Ship_Date_Outbound,'MM/dd/yy', 'en-US'),14)\r\n    ,subDays(toDate(Ship_Date_Outbound,'MM/dd/yy', 'en-US'),45)\r\n\r\n))))),\n\t\tItem_Count = abs(Item_Count),\n\t\tAmount = abs(Amount),\n\t\tEtd_Ship_Date = toString(toDate(Etd_Ship_Date,'MM/dd/yy')),\n\t\tMonth_Ship_dt = toString(year(toDate(Ship_Date_Outbound ,'MM/dd/yyyy', 'en-US')))+'-'+toString(month(toDate(Ship_Date_Outbound,'MM/dd/yyyy', 'en-US'))),\n\t\tMS_Domestic_Ship_Date = iif(\r\n    like(Location_Name,'%POE China%'), addDays(toDate(Etd_Ship_Date,'MM/dd/yy', 'en-US'),0),\r\n    iif(like(Location_Name,'%POE China 1%'), addDays(toDate(Etd_Ship_Date,'MM/dd/yy', 'en-US'),0),\r\n\tiif(like(Location_Name,'%POE Guanzhou%'), addDays(toDate(Etd_Ship_Date,'MM/dd/yy', 'en-US'),0),\r\n\tiif(like(Location_Name,'%POE Ningbo%'), addDays(toDate(Etd_Ship_Date,'MM/dd/yy', 'en-US'),0),\r\n\tiif(like(Location_Name,'%POE Shantou%'), addDays(toDate(Etd_Ship_Date,'MM/dd/yy', 'en-US'),0),\r\n\tiif(like(Location_Name,'%POE Shenzhen%'), addDays(toDate(Etd_Ship_Date,'MM/dd/yy', 'en-US'),0),\r\n\tiif(like(Location_Name,'%POE Toronto%'), addDays(toDate(Etd_Ship_Date,'MM/dd/yy', 'en-US'),0),\r\n\tiif(like(Location_Name,'%POE Vietnam%'), addDays(toDate(Etd_Ship_Date,'MM/dd/yy', 'en-US'),0),\r\n\tiif(like(Location_Name,'%POE Xiamen%'), addDays(toDate(Etd_Ship_Date,'MM/dd/yy', 'en-US'),0),\r\n\tiif(like(Location_Name,'%Sinotrans - Shenzhen%'), addDays(toDate(Etd_Ship_Date,'MM/dd/yy', 'en-US'),0),\r\n\t\r\n\tiif(like(Location_Name,'%POE LA/LB%'), addDays(toDate(Etd_Ship_Date,'MM/dd/yy', 'en-US'),30),\r\n\t\r\n\tiif(like(Location_Name,'%POE - Chicago%'), addDays(toDate(Etd_Ship_Date,'MM/dd/yy', 'en-US'),40),\r\n\tiif(like(Location_Name,'%POE Charleston%'), addDays(toDate(Etd_Ship_Date,'MM/dd/yy', 'en-US'),40),\r\n\tiif(like(Location_Name,'%POE NY/NJ%'), addDays(toDate(Etd_Ship_Date,'MM/dd/yy', 'en-US'),40),\r\n\tiif(like(Location_Name,'%POE OAK%'), addDays(toDate(Etd_Ship_Date,'MM/dd/yy', 'en-US'),40),\r\n\tiif(like(Location_Name,'%POE SAV%'), addDays(toDate(Etd_Ship_Date,'MM/dd/yy', 'en-US'),40),\r\n\t\r\n\tiif(like(Location_Name,'%Berkley%'), addDays(toDate(Etd_Ship_Date,'MM/dd/yy', 'en-US'),55),\r\n\tiif(like(Location_Name,'%California Multimodal, LLC%'), addDays(toDate(Etd_Ship_Date,'MM/dd/yy', 'en-US'),55),\r\n\tiif(like(Location_Name,'%DotCom Distribution - Edison NJ%'), addDays(toDate(Etd_Ship_Date,'MM/dd/yy', 'en-US'),55),\r\n\tiif(like(Location_Name,'%eCommerce%'), addDays(toDate(Etd_Ship_Date,'MM/dd/yy', 'en-US'),55),\r\n\tiif(like(Location_Name,'%eCommerce - Available%'), addDays(toDate(Etd_Ship_Date,'MM/dd/yy', 'en-US'),55),\r\n\tiif(like(Location_Name,'%eCommerce - Motivational%'), addDays(toDate(Etd_Ship_Date,'MM/dd/yy', 'en-US'),55),\r\n\tiif(like(Location_Name,'%Fitzmark%'), addDays(toDate(Etd_Ship_Date,'MM/dd/yy', 'en-US'),55),\r\n\tiif(like(Location_Name,'%Flex Logistics, Inc.%'), addDays(toDate(Etd_Ship_Date,'MM/dd/yy', 'en-US'),55),\r\n\tiif(like(Location_Name,'%Foothill Ranch%'), addDays(toDate(Etd_Ship_Date,'MM/dd/yy', 'en-US'),55),\r\n\tiif(like(Location_Name,'%Hanover%'), addDays(toDate(Etd_Ship_Date,'MM/dd/yy', 'en-US'),55),\r\n\tiif(like(Location_Name,'%Irvine%'), addDays(toDate(Etd_Ship_Date,'MM/dd/yy', 'en-US'),55),\r\n\tiif(like(Location_Name,'%Mainfreight Inc.%'), addDays(toDate(Etd_Ship_Date,'MM/dd/yy', 'en-US'),55),\r\n\tiif(like(Location_Name,'%Motivational%'), addDays(toDate(Etd_Ship_Date,'MM/dd/yy', 'en-US'),55),\r\n\tiif(like(Location_Name,'%Motivational Fern%'), addDays(toDate(Etd_Ship_Date,'MM/dd/yy', 'en-US'),55),\r\n\tiif(like(Location_Name,'%Motivational Mountain%'), addDays(toDate(Etd_Ship_Date,'MM/dd/yy', 'en-US'),55),\r\n\tiif(like(Location_Name,'%OC Arc%'), addDays(toDate(Etd_Ship_Date,'MM/dd/yy', 'en-US'),55),\r\n\tiif(like(Location_Name,'%Pacer Distribution Services, In%'), addDays(toDate(Etd_Ship_Date,'MM/dd/yy', 'en-US'),55),\r\n\tiif(like(Location_Name,'%Pacific%'), addDays(toDate(Etd_Ship_Date,'MM/dd/yy', 'en-US'),55),\r\n\tiif(like(Location_Name,'%Savannah GA%'), addDays(toDate(Etd_Ship_Date,'MM/dd/yy', 'en-US'),55),\r\n\tiif(like(Location_Name,'%St. George Logistics%'), addDays(toDate(Etd_Ship_Date,'MM/dd/yy', 'en-US'),55),\r\n\tiif(like(Location_Name,'%St. George Logistics Fontana%'), addDays(toDate(Etd_Ship_Date,'MM/dd/yy', 'en-US'),55),\r\n\tiif(like(Location_Name,'%States Logistics Services%'), addDays(toDate(Etd_Ship_Date,'MM/dd/yy', 'en-US'),55),\r\n\tiif(like(Location_Name,'%TriPAQ - Ontario CA%'), addDays(toDate(Etd_Ship_Date,'MM/dd/yy', 'en-US'),55),\r\n\tiif(like(Location_Name,'%Universal Wilkes Co. Inc.%'), addDays(toDate(Etd_Ship_Date,'MM/dd/yy', 'en-US'),55),\r\n\tiif(like(Location_Name,'%Universal Wilkes Inc. Chino%'), addDays(toDate(Etd_Ship_Date,'MM/dd/yy', 'en-US'),55),\r\n\tiif(like(Location_Name,'%World Pack%'), addDays(toDate(Etd_Ship_Date,'MM/dd/yy', 'en-US'),55),\r\n\tiif(like(Location_Name,'%World Pack Irwindale%'), addDays(toDate(Etd_Ship_Date,'MM/dd/yy', 'en-US'),55),\r\n\tiif(like(Location_Name,'%GADC%'), addDays(toDate(Etd_Ship_Date,'MM/dd/yy', 'en-US'),55)\r\n    ,toDate('')\r\n\r\n)))))))))))))))))))))))))))))))))))))))))))),\n\t\tMS_Domestic_Cancel_Date = iif(\r\n    like(Location_Name,'%POE China%'), addDays(toDate(Etd_Ship_Date,'MM/dd/yy', 'en-US'),0),\r\n    iif(like(Location_Name,'%POE China 1%'), addDays(toDate(Etd_Ship_Date,'MM/dd/yy', 'en-US'),0),\r\n\tiif(like(Location_Name,'%POE Guanzhou%'), addDays(toDate(Etd_Ship_Date,'MM/dd/yy', 'en-US'),0),\r\n\tiif(like(Location_Name,'%POE Ningbo%'), addDays(toDate(Etd_Ship_Date,'MM/dd/yy', 'en-US'),0),\r\n\tiif(like(Location_Name,'%POE Shantou%'), addDays(toDate(Etd_Ship_Date,'MM/dd/yy', 'en-US'),0),\r\n\tiif(like(Location_Name,'%POE Shenzhen%'), addDays(toDate(Etd_Ship_Date,'MM/dd/yy', 'en-US'),0),\r\n\tiif(like(Location_Name,'%POE Toronto%'), addDays(toDate(Etd_Ship_Date,'MM/dd/yy', 'en-US'),0),\r\n\tiif(like(Location_Name,'%POE Vietnam%'), addDays(toDate(Etd_Ship_Date,'MM/dd/yy', 'en-US'),0),\r\n\tiif(like(Location_Name,'%POE Xiamen%'), addDays(toDate(Etd_Ship_Date,'MM/dd/yy', 'en-US'),0),\r\n\tiif(like(Location_Name,'%Sinotrans - Shenzhen%'), addDays(toDate(Etd_Ship_Date,'MM/dd/yy', 'en-US'),0),\r\n\t\r\n\tiif(like(Location_Name,'%POE LA/LB%'), addDays(toDate(Etd_Ship_Date,'MM/dd/yy', 'en-US'),45),\r\n\t\r\n\tiif(like(Location_Name,'%POE - Chicago%'), addDays(toDate(Etd_Ship_Date,'MM/dd/yy', 'en-US'),55),\r\n\tiif(like(Location_Name,'%POE Charleston%'), addDays(toDate(Etd_Ship_Date,'MM/dd/yy', 'en-US'),55),\r\n\tiif(like(Location_Name,'%POE NY/NJ%'), addDays(toDate(Etd_Ship_Date,'MM/dd/yy', 'en-US'),55),\r\n\tiif(like(Location_Name,'%POE OAK%'), addDays(toDate(Etd_Ship_Date,'MM/dd/yy', 'en-US'),55),\r\n\tiif(like(Location_Name,'%POE SAV%'), addDays(toDate(Etd_Ship_Date,'MM/dd/yy', 'en-US'),55),\r\n\t\r\n\tiif(like(Location_Name,'%Berkley%'), addDays(toDate(Etd_Ship_Date,'MM/dd/yy', 'en-US'),60),\r\n\tiif(like(Location_Name,'%California Multimodal, LLC%'), addDays(toDate(Etd_Ship_Date,'MM/dd/yy', 'en-US'),60),\r\n\tiif(like(Location_Name,'%DotCom Distribution - Edison NJ%'), addDays(toDate(Etd_Ship_Date,'MM/dd/yy', 'en-US'),60),\r\n\tiif(like(Location_Name,'%eCommerce%'), addDays(toDate(Etd_Ship_Date,'MM/dd/yy', 'en-US'),60),\r\n\tiif(like(Location_Name,'%eCommerce - Available%'), addDays(toDate(Etd_Ship_Date,'MM/dd/yy', 'en-US'),60),\r\n\tiif(like(Location_Name,'%eCommerce - Motivational%'), addDays(toDate(Etd_Ship_Date,'MM/dd/yy', 'en-US'),60),\r\n\tiif(like(Location_Name,'%Fitzmark%'), addDays(toDate(Etd_Ship_Date,'MM/dd/yy', 'en-US'),60),\r\n\tiif(like(Location_Name,'%Flex Logistics, Inc.%'), addDays(toDate(Etd_Ship_Date,'MM/dd/yy', 'en-US'),60),\r\n\tiif(like(Location_Name,'%Foothill Ranch%'), addDays(toDate(Etd_Ship_Date,'MM/dd/yy', 'en-US'),60),\r\n\tiif(like(Location_Name,'%Hanover%'), addDays(toDate(Etd_Ship_Date,'MM/dd/yy', 'en-US'),60),\r\n\tiif(like(Location_Name,'%Irvine%'), addDays(toDate(Etd_Ship_Date,'MM/dd/yy', 'en-US'),60),\r\n\tiif(like(Location_Name,'%Mainfreight Inc.%'), addDays(toDate(Etd_Ship_Date,'MM/dd/yy', 'en-US'),60),\r\n\tiif(like(Location_Name,'%Motivational%'), addDays(toDate(Etd_Ship_Date,'MM/dd/yy', 'en-US'),60),\r\n\tiif(like(Location_Name,'%Motivational Fern%'), addDays(toDate(Etd_Ship_Date,'MM/dd/yy', 'en-US'),60),\r\n\tiif(like(Location_Name,'%Motivational Mountain%'), addDays(toDate(Etd_Ship_Date,'MM/dd/yy', 'en-US'),60),\r\n\tiif(like(Location_Name,'%OC Arc%'), addDays(toDate(Etd_Ship_Date,'MM/dd/yy', 'en-US'),60),\r\n\tiif(like(Location_Name,'%Pacer Distribution Services, In%'), addDays(toDate(Etd_Ship_Date,'MM/dd/yy', 'en-US'),60),\r\n\tiif(like(Location_Name,'%Pacific%'), addDays(toDate(Etd_Ship_Date,'MM/dd/yy', 'en-US'),60),\r\n\tiif(like(Location_Name,'%Savannah GA%'), addDays(toDate(Etd_Ship_Date,'MM/dd/yy', 'en-US'),60),\r\n\tiif(like(Location_Name,'%St. George Logistics%'), addDays(toDate(Etd_Ship_Date,'MM/dd/yy', 'en-US'),60),\r\n\tiif(like(Location_Name,'%St. George Logistics Fontana%'), addDays(toDate(Etd_Ship_Date,'MM/dd/yy', 'en-US'),60),\r\n\tiif(like(Location_Name,'%States Logistics Services%'), addDays(toDate(Etd_Ship_Date,'MM/dd/yy', 'en-US'),60),\r\n\tiif(like(Location_Name,'%TriPAQ - Ontario CA%'), addDays(toDate(Etd_Ship_Date,'MM/dd/yy', 'en-US'),60),\r\n\tiif(like(Location_Name,'%Universal Wilkes Co. Inc.%'), addDays(toDate(Etd_Ship_Date,'MM/dd/yy', 'en-US'),60),\r\n\tiif(like(Location_Name,'%Universal Wilkes Inc. Chino%'), addDays(toDate(Etd_Ship_Date,'MM/dd/yy', 'en-US'),60),\r\n\tiif(like(Location_Name,'%World Pack%'), addDays(toDate(Etd_Ship_Date,'MM/dd/yy', 'en-US'),60),\r\n\tiif(like(Location_Name,'%World Pack Irwindale%'), addDays(toDate(Etd_Ship_Date,'MM/dd/yy', 'en-US'),60),\r\n\tiif(like(Location_Name,'%GADC%'), addDays(toDate(Etd_Ship_Date,'MM/dd/yy', 'en-US'),60)\r\n    ,toDate('')\r\n\r\n)))))))))))))))))))))))))))))))))))))))))))),\n\t\tSticker_Requirement_Purchase_descr = iif(\r\n    isNull(Sticker_Requirements), 'No Stickers', iif(isNull(Inner_Requirements),concat(Sticker_Requirements,'-',Customer_Requirements),\r\n    iif(isNull(Customer_Requirements),concat(Sticker_Requirements,'-',Inner_Requirements),concat(Sticker_Requirements,'-',Inner_Requirements,'-',Customer_Requirements)))),\n\t\tConfidence_Factor_descr = iif(toString(Confidence_Factor_Id)=='1','25%',\r\niif(toString(Confidence_Factor_Id)=='2','50%',\r\niif(toString(Confidence_Factor_Id)=='3','75%',\r\niif(toString(Confidence_Factor_Id)=='4','90%',\r\niif(toString(Confidence_Factor_Id)=='5','Dropped',\r\niif(toString(Confidence_Factor_Id)=='6','Actual',\r\niif(toString(Confidence_Factor_Id)=='7','90%-Pre',\r\niif(toString(Confidence_Factor_Id)=='8','90%-Releases',toString(Confidence_Factor_Id)\r\n))))))))) ~> DerReqdColumns\nSrcDmLocation select(mapColumn(\n\t\tLocation_key = Location_Key,\n\t\tLocation_Id,\n\t\tLocation_Name,\n\t\tLocation_City\n\t),\n\tskipDuplicateMapInputs: true,\n\tskipDuplicateMapOutputs: true) ~> SelectReqdLocation\nDerivedId, SelectReqdLocation join(Der_Location_Id == SelectReqdLocation@Location_Id,\n\tjoinType:'left',\n\tmatchType:'exact',\n\tignoreSpaces: false,\n\tbroadcast: 'auto')~> JoinLocations\nDerReqdColumns derive(Month_ETD_dt = toString(year(ETD_dt))+'-'+toString(month(ETD_dt)),\n\t\tItem_Unit_Price = replace(Item_Unit_Price,'%',''),\n\t\tPo = toInteger(Po),\n\t\tRelease_quantity = toDecimal(Release_Quantity),\n\t\tLevel_Descr = iif(Confidence_Factor_descr=='75%','Pending Confirmation',iif(Confidence_Factor_descr=='90%','Pending Approval',\r\niif(Confidence_Factor_descr=='Actual','Confirmed',iif(Confidence_Factor_descr=='90%-Pre','Confirmed',\r\niif(Confidence_Factor_descr=='90%-Releases','Confirmed',''\r\n\r\n))\r\n))),\n\t\tPrice_Sticker_Desc = iif(like(Sticker_Requirements,'%$%'),substring(Sticker_Requirements,instr(Sticker_Requirements,'$'), \r\ninstr(Sticker_Requirements, ' ')),'No Sticker'),\n\t\tFinal_Destination_Container = Location_City+'-'+Location_Name,\n\t\tPrice_Sticker_Id = toDecimal(Price_Sticker_Id),\n\t\tcreated_By = 'ETL',\n\t\tcreated_Timestamp = currentTimestamp(),\n\t\tLast_Updated_By = 'ETL',\n\t\tLast_Update_Timestamp = currentTimestamp()) ~> DerMonthETd\nJoinLocations, SelectCustomers join(Der_Customer_Id == Customer_Id,\n\tjoinType:'left',\n\tmatchType:'exact',\n\tignoreSpaces: false,\n\tbroadcast: 'auto')~> JoinCustomers\nJoinCustomers, SelectReqdProduct join(Der_Item_Id == SelectReqdProduct@Item_Id,\n\tjoinType:'left',\n\tmatchType:'exact',\n\tignoreSpaces: false,\n\tbroadcast: 'auto')~> JoinItems\nJoinItems, SelectSalesReps join(Der_Sales_Rep_Id == SelectSalesReps@Sales_Rep_Id,\n\tjoinType:'left',\n\tmatchType:'exact',\n\tignoreSpaces: false,\n\tbroadcast: 'auto')~> JoinSalesRep\nJoinSalesRep select(mapColumn(\n\t\tTransaction_Id,\n\t\tLocation_City,\n\t\tTransaction_Line_Id,\n\t\tMemo,\n\t\tSticker_Requirements,\n\t\tInner_Requirements,\n\t\tCustomer_Requirements,\n\t\tSales_Program,\n\t\tBuyer_Dept,\n\t\tBuyer_Confirmed_On,\n\t\tDept_Program,\n\t\tProgram_0,\n\t\tCancelled,\n\t\tConfidence_Factor_Id,\n\t\tCompany_Id = Der_Customer_Id,\n\t\tItem_Id = Der_Item_Id,\n\t\tLocation_Id = Der_Location_Id,\n\t\tSales_Rep_Id = Der_Sales_Rep_Id,\n\t\tTranId,\n\t\tPrice_Sticker_Id,\n\t\tPo,\n\t\tRelease_Order_Number,\n\t\tCntnr_,\n\t\tEtd_Ship_Date,\n\t\tShip_Date_Outbound,\n\t\tCancel_Date_Outbound,\n\t\tExpiration_Date,\n\t\tItem_Count,\n\t\tInner_Qty,\n\t\tRelease_Quantity,\n\t\tQuantity_Received_In_Shipment,\n\t\tItem_Unit_Price,\n\t\tAmount,\n\t\tEta_Arrival_Date,\n\t\tDelete_Flag,\n\t\tActive_Flag,\n\t\tCreate_Date,\n\t\tDate_Created,\n\t\tDate_Last_Modified_Gmt,\n\t\tCreated_By,\n\t\tCreated_Timestamp,\n\t\tLast_Updated_By,\n\t\tLast_Update_Timestamp,\n\t\tLocation_key,\n\t\tLocation_Name,\n\t\tCustomer_Key,\n\t\tItem_Key,\n\t\tSales_Rep_key,\n\t\tClosed_Script\n\t),\n\tskipDuplicateMapInputs: true,\n\tskipDuplicateMapOutputs: true) ~> SelectReqdColumns\nDerMonthETd select(mapColumn(\n\t\tTransaction_Id,\n\t\tTransaction_Line_Id,\n\t\tMemo_Descr = Memo,\n\t\tSticker_Requirement_Descr = Sticker_Requirements,\n\t\tInner_Requirement_Descr = Inner_Requirements,\n\t\tCustomer_Requirement_Descr = Customer_Requirements,\n\t\tSales_Program_Descr = Sales_Program,\n\t\tBuyer_Dept_descr = Buyer_Dept,\n\t\tBuyer_Confirmed_On,\n\t\tDept_Program_Descr = Dept_Program,\n\t\tProgram_Descr = Program_0,\n\t\tCancelled_Descr = Cancelled,\n\t\tDocument_Nbr = TranId,\n\t\tPrice_Sticker_Id,\n\t\tPo_Nbr = Po,\n\t\tRelease_Order_Nbr = Release_Order_Number,\n\t\tCntnr_Nbr = Cntnr_,\n\t\tEtd_Ship_Dt = Etd_Ship_Date,\n\t\tShip_Outbound_Dt = Ship_Date_Outbound,\n\t\tCancel_Outbound_Dt = Cancel_Date_Outbound,\n\t\tExpiration_Dt = Expiration_Date,\n\t\tItem_Qty = Item_Count,\n\t\tInner_Qty,\n\t\tQuantity_Received_In_Shipment,\n\t\tItem_Unit_Price,\n\t\tAmount,\n\t\tEta_Arrival_Date,\n\t\tDelete_Flg = Delete_Flag,\n\t\tActive_Flag,\n\t\tCreate_Date,\n\t\tDate_Created,\n\t\tDate_Last_Modified_Gmt,\n\t\tLast_Updated_By,\n\t\tLast_Update_Timestamp,\n\t\tLocation_key,\n\t\tLocation_Name,\n\t\tCustomer_Key,\n\t\tItem_Key,\n\t\tSales_Rep_key,\n\t\tEtd_Dt = ETD_dt,\n\t\tMonth_Ship_Dt = Month_Ship_dt,\n\t\tMS_Domestic_Ship_Date,\n\t\tMS_Domestic_Cancel_Date,\n\t\tSticker_Requirement_Purchase_descr,\n\t\tConfidence_Factor_descr,\n\t\tMonth_Etd_Dt = Month_ETD_dt,\n\t\tMonth_Ship_Dt = Month_Ship_dt,\n\t\tRelease_Qty = DerMonthETd@Release_quantity,\n\t\tLevel_Descr,\n\t\tPrice_Sticker_Descr = Price_Sticker_Desc,\n\t\tFinal_Destination_Container,\n\t\tcreated_By = DerMonthETd@created_By,\n\t\tcreated_Timestamp = DerMonthETd@created_Timestamp,\n\t\tClosed_Script\n\t),\n\tskipDuplicateMapInputs: true,\n\tskipDuplicateMapOutputs: true) ~> SelectReqd\nSrcDmProduct select(mapColumn(\n\t\tItem_Key,\n\t\tItem_Id\n\t),\n\tskipDuplicateMapInputs: true,\n\tskipDuplicateMapOutputs: true) ~> SelectReqdProduct\nSrcDmCustomer select(mapColumn(\n\t\tCustomer_Key,\n\t\tCustomer_Id\n\t),\n\tskipDuplicateMapInputs: true,\n\tskipDuplicateMapOutputs: true) ~> SelectCustomers\nSrcDmSalesReps select(mapColumn(\n\t\tSales_Rep_key,\n\t\tSales_Rep_Id\n\t),\n\tskipDuplicateMapInputs: true,\n\tskipDuplicateMapOutputs: true) ~> SelectSalesReps\nFilterReleaseOrderNumber derive(Der_Location_Id = iifNull(Location_Id, -1, Location_Id),\n\t\tDer_Item_Id = iifNull(Item_Id, -1, Item_Id),\n\t\tDer_Customer_Id = iifNull(Company_Id, -1, Company_Id),\n\t\tDer_Sales_Rep_Id = iifNull(Sales_Rep_Id, -1, Sales_Rep_Id)) ~> DerivedId\nSrcEdlEstimate filter(not(isNull(Release_Order_Number))) ~> FilterReleaseOrderNumber\nSelectReqd sink(allowSchemaDrift: true,\n\tvalidateSchema: false,\n\tinput(\n\t\tTransaction_Id as integer,\n\t\tTransaction_Line_Id as integer,\n\t\tMemo_Descr as string,\n\t\tSticker_Requirement_Descr as string,\n\t\tInner_Requirement_Descr as string,\n\t\tCustomer_Requirement_Descr as string,\n\t\tSales_Program_Descr as string,\n\t\tBuyer_Dept_descr as string,\n\t\tBuyer_Confirmed_On as timestamp,\n\t\tDept_Program_Descr as string,\n\t\tProgram_Descr as string,\n\t\tCancelled_Descr as string,\n\t\tSticker_Requirement_Purchase_Descr as string,\n\t\tConfidence_Factor_Descr as string,\n\t\tLevel_Descr as string,\n\t\tFinal_Destination_Container as string,\n\t\tPrice_Sticker_Descr as string,\n\t\tCustomer_key as integer,\n\t\tItem_key as integer,\n\t\tSales_Rep_key as integer,\n\t\tLocation_key as integer,\n\t\tDocument_Nbr as string,\n\t\tPrice_Sticker_Id as decimal(19,2),\n\t\tPo_Nbr as integer,\n\t\tRelease_Order_Nbr as string,\n\t\tCntnr_Nbr as string,\n\t\tEtd_Ship_Dt as string,\n\t\tShip_Outbound_Dt as string,\n\t\tCancel_Outbound_Dt as string,\n\t\tExpiration_Dt as timestamp,\n\t\tEta_Arrival_Date as string,\n\t\tMonth_Ship_Dt as string,\n\t\tEtd_Dt as timestamp,\n\t\tMonth_Etd_Dt as string,\n\t\tMs_Domestic_Ship_Date as timestamp,\n\t\tMs_Domestic_Cancel_Date as timestamp,\n\t\tItem_Qty as decimal(19,2),\n\t\tInner_Qty as string,\n\t\tRelease_Qty as decimal(19,2),\n\t\tItem_Unit_Price as string,\n\t\tAmount as decimal(19,2),\n\t\tDelete_Flg as string,\n\t\tCreate_Date as timestamp,\n\t\tDate_Created as timestamp,\n\t\tDate_Last_Modified_Gmt as timestamp,\n\t\tCreated_By as string,\n\t\tCreated_Timestamp as timestamp,\n\t\tLast_Updated_By as string,\n\t\tLast_Update_Timestamp as timestamp,\n\t\tQuantity_Received_In_Shipment as decimal(19,2),\n\t\tClosed_Script as string\n\t),\n\tformat: 'table',\n\tstore: 'synapseanalytics',\n\tschemaName: 'stage',\n\ttableName: 'Stg_PurchaseOrder',\n\tpreSQLs:['TRUNCATE TABLE  stage.Stg_PurchaseOrder'],\n\tinsertable: true,\n\tupdateable: false,\n\tdeletable: false,\n\tupsertable: false,\n\tstaged: true,\n\tskipDuplicateMapInputs: true,\n\tskipDuplicateMapOutputs: true,\n\terrorHandlingOption: 'stopOnFirstError',\n\tmapColumn(\n\t\tTransaction_Id,\n\t\tTransaction_Line_Id,\n\t\tMemo_Descr,\n\t\tSticker_Requirement_Descr,\n\t\tInner_Requirement_Descr,\n\t\tCustomer_Requirement_Descr,\n\t\tSales_Program_Descr,\n\t\tBuyer_Dept_descr,\n\t\tBuyer_Confirmed_On,\n\t\tDept_Program_Descr,\n\t\tProgram_Descr,\n\t\tCancelled_Descr,\n\t\tSticker_Requirement_Purchase_Descr = Sticker_Requirement_Purchase_descr,\n\t\tConfidence_Factor_Descr = Confidence_Factor_descr,\n\t\tLevel_Descr,\n\t\tFinal_Destination_Container,\n\t\tPrice_Sticker_Descr,\n\t\tCustomer_key = Customer_Key,\n\t\tItem_key = Item_Key,\n\t\tSales_Rep_key,\n\t\tLocation_key,\n\t\tDocument_Nbr,\n\t\tPrice_Sticker_Id,\n\t\tPo_Nbr,\n\t\tRelease_Order_Nbr,\n\t\tCntnr_Nbr,\n\t\tEtd_Ship_Dt,\n\t\tShip_Outbound_Dt,\n\t\tCancel_Outbound_Dt,\n\t\tExpiration_Dt,\n\t\tEta_Arrival_Date,\n\t\tMonth_Ship_Dt,\n\t\tEtd_Dt,\n\t\tMonth_Etd_Dt,\n\t\tMs_Domestic_Ship_Date = MS_Domestic_Ship_Date,\n\t\tMs_Domestic_Cancel_Date = MS_Domestic_Cancel_Date,\n\t\tItem_Qty,\n\t\tInner_Qty,\n\t\tRelease_Qty,\n\t\tItem_Unit_Price,\n\t\tAmount,\n\t\tDelete_Flg,\n\t\tCreate_Date,\n\t\tDate_Created,\n\t\tDate_Last_Modified_Gmt,\n\t\tCreated_By = created_By,\n\t\tCreated_Timestamp = created_Timestamp,\n\t\tLast_Updated_By,\n\t\tLast_Update_Timestamp,\n\t\tQuantity_Received_In_Shipment,\n\t\tClosed_Script\n\t)) ~> sinkStgPurchaseorder"
		}
	}
}