{
	"name": "DfFtEstimateReleaseComb",
	"properties": {
		"type": "MappingDataFlow",
		"typeProperties": {
			"sources": [
				{
					"linkedService": {
						"referenceName": "LsAzureDb",
						"type": "LinkedServiceReference"
					},
					"name": "SrcFctEstimateReleaseComb"
				}
			],
			"sinks": [
				{
					"linkedService": {
						"referenceName": "LsAzureDb",
						"type": "LinkedServiceReference"
					},
					"name": "SinkFctEstimateReleaseComb"
				}
			],
			"transformations": [],
			"script": "source(output(\n\t\tRN as long,\n\t\ttransaction_id as integer,\n\t\ttransaction_line_id as integer,\n\t\tdocument_nbr as string,\n\t\tpo_nbr as integer,\n\t\titem_key as integer,\n\t\titem as string,\n\t\tchild_item as string,\n\t\titem_unit_price as string,\n\t\textended_price as decimal(38,4),\n\t\textended_price_total as decimal(38,4),\n\t\tprice_sticker as string,\n\t\tpo_qty as decimal(19,2),\n\t\tpo_total as decimal(38,2),\n\t\tship_date as string,\n\t\tcancel_date as string,\n\t\trelease_order_nbr as string,\n\t\trelease_qty as decimal(19,2),\n\t\tRLS_TOTAL as decimal(38,2),\n\t\tbuyer_dept as string,\n\t\tcustomer_key as integer,\n\t\tdept_program as string,\n\t\tetd_ship_date as string,\n\t\tMS_domestic_ship_date as timestamp,\n\t\tMS_domestic_cancel_date as timestamp,\n\t\tETA_Arrival_date as string,\n\t\tContainer_nbr as string,\n\t\tFinal_Destination_Container as string,\n\t\tSales_program as string,\n\t\tquantity_fulfilled as decimal(19,2),\n\t\tpo_status as integer,\n\t\trelease_status as integer,\n\t\tPO_confidence_factor as string,\n\t\tRelease_Confidence_factor as string,\n\t\tPO_level_descr as string,\n\t\trelease_level_descr as string\n\t),\n\tallowSchemaDrift: true,\n\tvalidateSchema: false,\n\tformat: 'table',\n\tstore: 'synapseanalytics',\n\tschemaName: 'dw',\n\ttableName: 'Ft_EstimateRelease_Comb',\n\tisolationLevel: 'READ_UNCOMMITTED',\n\tstaged: true) ~> SrcFctEstimateReleaseComb\nSrcFctEstimateReleaseComb sink(allowSchemaDrift: true,\n\tvalidateSchema: false,\n\tinput(\n\t\tRN as long,\n\t\ttransaction_id as integer,\n\t\ttransaction_line_id as integer,\n\t\tdocument_nbr as string,\n\t\tpo_nbr as integer,\n\t\titem_key as integer,\n\t\titem as string,\n\t\tchild_item as string,\n\t\titem_unit_price as string,\n\t\textended_price as decimal(38,4),\n\t\textended_price_total as decimal(38,4),\n\t\tprice_sticker as string,\n\t\tpo_qty as decimal(19,2),\n\t\tpo_total as decimal(38,2),\n\t\tship_date as string,\n\t\tcancel_date as string,\n\t\trelease_order_nbr as string,\n\t\trelease_qty as decimal(19,2),\n\t\tRLS_TOTAL as decimal(38,2),\n\t\tbuyer_dept as string,\n\t\tcustomer_key as integer,\n\t\tdept_program as string,\n\t\tetd_ship_date as string,\n\t\tMS_domestic_ship_date as timestamp,\n\t\tMS_domestic_cancel_date as timestamp,\n\t\tETA_Arrival_date as string,\n\t\tContainer_nbr as string,\n\t\tFinal_Destination_Container as string,\n\t\tSales_program as string,\n\t\tquantity_fulfilled as decimal(19,2),\n\t\tpo_status as integer,\n\t\trelease_status as integer,\n\t\tPO_confidence_factor as string,\n\t\tRelease_Confidence_factor as string,\n\t\tPO_level_descr as string,\n\t\trelease_level_descr as string\n\t),\n\tformat: 'table',\n\tstore: 'synapseanalytics',\n\tschemaName: 'dw',\n\ttableName: 'Ft_EstimateRelease_Comb',\n\tpreSQLs:['truncate table dw.Ft_EstimateRelease_Comb'],\n\tinsertable: true,\n\tupdateable: false,\n\tdeletable: false,\n\tupsertable: false,\n\tpostSQLs:['insert into dw.Ft_EstimateRelease_Comb\\nselect \\nisnull(a.rn,b.rn2) as RN\\n,isnull(a.transaction_id,b.transaction_id) as transaction_id\\n,isnull(a.transaction_line_id,b.transaction_line_id) as transaction_line_id\\n,isnull(a.document_nbr,b.document_nbr) as document_nbr\\n,isnull(a.PO,0) as po_nbr\\n,isnull(a.item_key,b.item_key) as item_key\\n,isnull(a.item,b.display_name_descr) as item\\n,isnull(a.child_item,b.vendor_name) as child_item\\n,isnull(item_unit_price,0) as item_unit_price\\n,isnull(a.extended_price,0) as extended_price\\n,SUM(isnull(a.extended_price,0)) OVER (\\nPARTITION BY isnull(a.child_item,a.item),a.transaction_id ORDER BY a.transaction_line_id\\n) AS extended_price_total\\n,isnull(a.price_sticker,\\'No Sticker\\') as price_sticker\\n,isnull(item_count,0) as po_qty\\n,SUM(isnull(a.item_count,0)) OVER (\\nPARTITION BY isnull(a.child_item,a.item),a.transaction_id ORDER BY a.transaction_line_id\\n) AS po_total\\n,isnull(a.ship_date_outbound,\\'NULL\\') as ship_date\\n,isnull(a.cancel_date_outbound,\\'NULL\\') as cancel_date\\n,isnull(b.Release_Order_nbr,0) as release_order_nbr\\n,isnull(b.Release_qty,0) as release_qty\\n,SUM(isnull(b.Release_qty,0)) OVER (\\nPARTITION BY isnull(a.child_item,a.item),a.transaction_id ORDER BY a.transaction_line_id\\n) AS RLS_TOTAL\\n,isnull(b.buyer,a.buyer_dept) as buyer_dept\\n,isnull(a.customer_key,b.customer_key) as customer_key\\n,isnull(b.dept_program_descr,a.dept_program_descr) as dept_program\\n,isnull(b.ETD_Ship_dt,\\'NULL\\') as etd_ship_date\\n,b.MS_Domestic_Ship_Date as MS_domestic_ship_date\\n,b.MS_Domestic_Cancel_Date as MS_domestic_cancel_date\\n,b.ETA_Arrival_Date as ETA_Arrival_date\\n,isnull(b.CNTNR_nbr,\\'NULL\\') as Container_nbr\\n,isnull(b.Final_Destination_Container,\\'NULL\\') as Final_Destination_Container\\n,isnull(b.Sales_Program,\\'NULL\\') as Sales_program\\n,b.quantity_fulfilled\\n,a.Confidence_Factor_descr  as PO_confidence_factor\\n,b.confidence_factor as Release_Confidence_factor\\n,a.level_descr as PO_level_descr\\n,b.level_descr as release_level_descr\\nfrom\\n(SELECT Row_number() OVER (\\nPARTITION BY isnull(dm_product.vendor_name,dm_product.display_name_descr),ft_estimate.transaction_id\\nORDER BY ft_estimate.transaction_line_id\\n) AS RN\\n,ft_estimate.transaction_id\\n,ft_estimate.transaction_line_id\\n,ft_estimate.document_nbr\\n,po_nbr AS PO\\n,ft_estimate.item_key\\n,dm_product.display_name_descr AS Item\\n,isnull(dm_product.vendor_name,\\'UNKNOWN\\') AS Child_item\\n,dm_product.item_descr AS Generic_Decsription\\n,ft_estimate.item_unit_price\\n,ft_estimate.price_sticker_Descr AS price_sticker\\n,ft_estimate.Item_qty AS item_count\\n,ft_estimate.item_unit_price * ft_estimate.Item_qty as extended_price\\n,ft_estimate.Ship_Outbound_dt as ship_date_outbound\\n,ft_estimate.Cancel_Outbound_dt as cancel_date_outbound\\n,ft_estimate.Buyer_Dept_descr AS Buyer_dept\\n,ft_estimate.customer_key\\n,ft_estimate.Dept_Program_descr\\n,ft_estimate.sales_program_descr\\n,ft_estimate.confidence_factor_descr\\n,ft_estimate.level_descr\\nFROM dw.ft_estimate\\nleft join dw.dm_Product on dm_product.item_key=ft_estimate.item_key\\n) A\\nfull outer join(\\nSELECT Row_number() OVER (\\nPARTITION BY isnull(dm_product.vendor_name,dm_product.display_name_descr),ft_estimate.transaction_id\\nORDER BY ft_estimate.ETD_Ship_dt,ft_estimate.transaction_line_id\\n) AS RN2\\n,ft_estimate.transaction_id\\n,ft_estimate.transaction_line_id\\n,ft_estimate.document_nbr\\n,ft_estimate.Release_qty\\n,ft_estimate.Release_Order_nbr\\n,dm_product.item_key\\n,dm_product.display_name_descr\\n,isnull(dm_product.vendor_name,\\'UNKNOWN\\') as vendor_name\\n,dm_product.item_descr AS Generic_Decsription\\n,ft_estimate.ETD_Ship_dt\\n,ft_estimate.MS_Domestic_Ship_Date\\n,ft_estimate.MS_Domestic_Cancel_Date\\n,ft_estimate.ETA_Arrival_Date\\n,ft_estimate.CNTNR_nbr\\n,ft_estimate.Final_Destination_Container\\n,ft_estimate.Buyer_Dept_descr AS Buyer_dept\\n,ft_estimate.customer_key\\n,isnull(ft_estimate.Dept_Program_descr,Buyer_Dept_program.dept_program_descr) as dept_program_descr\\n,isnull(ft_estimate.Buyer_Dept_descr,Buyer_Dept_program.buyer_dept_descr) AS Buyer\\n,ft_estimate.Sales_Program_descr AS Sales_Program\\n,ft_estimate.Confidence_Factor_descr AS Confidence_Factor\\n,ft_estimate.level_descr as level_descr\\n,ft_estimate.quantity_received_in_shipment as quantity_fulfilled\\nFROM dw.ft_purchaseorder as ft_estimate\\nLEFT JOIN dw.dm_product ON ft_estimate.item_key = dm_product.item_key\\nLEFT JOIN (select distinct transaction_id,ft_estimate.item_key,buyer_dept_descr,dept_program_descr\\nFROM  dw.ft_estimate) Buyer_Dept_program\\non ft_estimate.transaction_id=Buyer_Dept_program.transaction_id\\nand ft_estimate.item_key=Buyer_Dept_program.item_key\\n) b\\non\\n(B.RN2) = (A.RN)\\nAND\\n(a.item)=(b.display_name_descr)\\nand a.child_item=b.vendor_name\\nand (a.transaction_id)=(b.transaction_id)'],\n\tstaged: true,\n\tskipDuplicateMapInputs: true,\n\tskipDuplicateMapOutputs: true,\n\terrorHandlingOption: 'stopOnFirstError') ~> SinkFctEstimateReleaseComb"
		}
	}
}