{
	"name": "DfGADCOrders_Prod",
	"properties": {
		"type": "MappingDataFlow",
		"typeProperties": {
			"sources": [
				{
					"dataset": {
						"referenceName": "GADC_DS",
						"type": "DatasetReference"
					},
					"name": "SourceCSV"
				}
			],
			"sinks": [
				{
					"dataset": {
						"referenceName": "GADC_DS",
						"type": "DatasetReference"
					},
					"name": "SinkCSV"
				}
			],
			"transformations": [
				{
					"name": "Replacing"
				}
			],
			"scriptLines": [
				"source(output(",
				"          Name as string,",
				"          sales_order_number as string,",
				"          po_number as string,",
				"          item_number as string,",
				"          generic_description as string,",
				"          quantity as short,",
				"          case_pack as short,",
				"          quantity_fulfilled as short,",
				"          quantity_open as short,",
				"          custbody_koerber_load_id as string,",
				"          requested_ship_date as string,",
				"          item_rate as double,",
				"          total_amount as double,",
				"          open_amount as double,",
				"          start_date as string,",
				"          latest_delivery_date as string,",
				"          cancel_date as string,",
				"          shipping_address as string,",
				"          actual_ship_date as string,",
				"          status as string,",
				"          Date_Closed as string",
				"     ),",
				"     allowSchemaDrift: true,",
				"     validateSchema: false,",
				"     ignoreNoFilesFound: false,",
				"     multiLineRow: true,",
				"     wildcardPaths:['st-gadcci-prd-westus2-001/netsuite/Orders/csv_Netsuite Orders.csv']) ~> SourceCSV",
				"SourceCSV derive(shipping_address = replace(replace(replace(replace(shipping_address, '\\r\\n', ' '),'\"',''),'\\n',' '),'\\r',' '),",
				"          quantity_fulfilled = replace(toString(quantity_fulfilled), '', '0'),",
				"          generic_description = replace(generic_description,'\"','@inch@')) ~> Replacing",
				"Replacing sink(allowSchemaDrift: true,",
				"     validateSchema: false,",
				"     partitionFileNames:['csv_Netsuite Orders.csv'],",
				"     skipDuplicateMapInputs: true,",
				"     skipDuplicateMapOutputs: true,",
				"     quoteAll: true,",
				"     partitionBy('hash', 1)) ~> SinkCSV"
			]
		}
	}
}