{
	"name": "DfPySrc",
	"properties": {
		"type": "MappingDataFlow",
		"typeProperties": {
			"sources": [
				{
					"dataset": {
						"referenceName": "SrcPy",
						"type": "DatasetReference"
					},
					"name": "SrcPy"
				}
			],
			"sinks": [
				{
					"linkedService": {
						"referenceName": "LsAzureDb",
						"type": "LinkedServiceReference"
					},
					"name": "SnkFtEstimateReleaseStatus"
				}
			],
			"transformations": [],
			"script": "source(output(\n\t\tDocument_Nbr as string,\n\t\tParent_Item as string,\n\t\tChild_Item as string,\n\t\tPo_Qty as integer,\n\t\tPo_Date as date,\n\t\tPo_Nbr as integer,\n\t\tPo_Total as double,\n\t\tRelease_Total as double,\n\t\tRelease_Order_Nbr as string,\n\t\tRelease_Qty as integer,\n\t\tRelease_Date as date,\n\t\tRN as short,\n\t\tRelease_Status as string,\n\t\tPo_Status as string,\n\t\tItem_Key as string\n\t),\n\tallowSchemaDrift: true,\n\tvalidateSchema: false,\n\tignoreNoFilesFound: false) ~> SrcPy\nSrcPy sink(allowSchemaDrift: true,\n\tvalidateSchema: false,\n\tinput(\n\t\tDocument_Nbr as string,\n\t\tParent_Item as string,\n\t\tChild_Item as string,\n\t\tPo_Qty as decimal(19,2),\n\t\tPo_Date as date,\n\t\tPo_Nbr as integer,\n\t\tRelease_Order_Nbr as string,\n\t\tRelease_Qty as decimal(19,2),\n\t\tRelease_Date as date,\n\t\tRN as long,\n\t\tPo_Total as decimal(38,2),\n\t\tRelease_Total as decimal(38,2),\n\t\tPo_Status as string,\n\t\tRelease_Status as string\n\t),\n\tformat: 'table',\n\tstore: 'synapseanalytics',\n\tschemaName: 'dw',\n\ttableName: 'Ft_EstimateRelease_Status',\n\tinsertable: true,\n\tupdateable: false,\n\tdeletable: false,\n\tupsertable: false,\n\ttruncate: true,\n\tpostSQLs:['UPDATE\\na\\nSET\\na.release_status = b.release_Status,\\na.po_status=b.po_status\\nFROM\\ndw.ft_estimaterelease_combo a\\nINNER JOIN\\ndw.Ft_EstimateRelease_combo_Snapshot b\\nON\\na.document_nbr=b.document_nbr\\nand a.parent_item=b.parent_item\\nand a.child_item=b.child_item\\nand a.rn=b.rn\\n\\nUPDATE\\na\\nSET\\na.release_status = b.release_Status,\\na.po_status=b.po_status\\nFROM\\ndw.ft_estimaterelease_combo a\\nINNER JOIN\\ndw.ft_estimaterelease_status b\\nON\\na.document_nbr=b.document_nbr\\nand a.parent_item=b.parent_item\\nand a.child_item=b.child_item\\nand a.rn=b.rn'],\n\tstaged: true,\n\tskipDuplicateMapInputs: true,\n\tskipDuplicateMapOutputs: true,\n\terrorHandlingOption: 'stopOnFirstError',\n\tmapColumn(\n\t\tDocument_Nbr,\n\t\tParent_Item,\n\t\tChild_Item,\n\t\tPo_Qty,\n\t\tPo_Date,\n\t\tPo_Nbr,\n\t\tRelease_Order_Nbr,\n\t\tRelease_Qty,\n\t\tRelease_Date,\n\t\tRN,\n\t\tPo_Total,\n\t\tRelease_Total,\n\t\tPo_Status,\n\t\tRelease_Status\n\t)) ~> SnkFtEstimateReleaseStatus"
		}
	}
}