{
	"name": "DfPySrcAll",
	"properties": {
		"type": "MappingDataFlow",
		"typeProperties": {
			"sources": [
				{
					"dataset": {
						"referenceName": "SrcPy",
						"type": "DatasetReference"
					},
					"name": "SrcPy"
				}
			],
			"sinks": [
				{
					"linkedService": {
						"referenceName": "LsAzureDb",
						"type": "LinkedServiceReference"
					},
					"name": "SnkDb"
				}
			],
			"transformations": [],
			"script": "source(output(\n\t\tRN as short,\n\t\tTransaction_Id as integer,\n\t\tTransaction_Line_Id as short,\n\t\tDocument_Nbr as string,\n\t\tPo_Nbr as short,\n\t\tItem_Key as integer,\n\t\tParent_Item as integer,\n\t\tChild_Item as string,\n\t\tItem_Descr as string,\n\t\tItem_Unit_Price as double,\n\t\tExtended_Price as double,\n\t\tExtended_Price_Total as double,\n\t\tPrice_Sticker as string,\n\t\tPo_Qty as short,\n\t\tPo_Total as double,\n\t\tShip_Date_Outbound as string,\n\t\tPo_Date as date,\n\t\tCancel_Date_Outbound as string,\n\t\tRelease_Order_Nbr as string,\n\t\tRelease_Qty as short,\n\t\tRelease_Total as double,\n\t\tBuyer_Dept as string,\n\t\tCustomer_Key as short,\n\t\tLocation_key as short,\n\t\tSales_Rep_Key as short,\n\t\tDept_Program as string,\n\t\tEtd_Ship_Date as date,\n\t\tMS_domestic_ship_Date_Old as date,\n\t\tRelease_Date as date,\n\t\tCancel_Date as date,\n\t\tMS_domestic_cancel_date_Old as date,\n\t\tEta_Arrival_Date as string,\n\t\tArrival_Date as date,\n\t\tContainer_Nbr as string,\n\t\tFinal_Destination_Container as string,\n\t\tSales_Program as string,\n\t\tQuantity_Fulfilled as double,\n\t\tPo_Status as string,\n\t\tRelease_Status as string,\n\t\tPo_confidence_Factor as string,\n\t\tRelease_Confidence_Factor as string,\n\t\tPo_Level_Descr as string,\n\t\tRelease_Level_Descr as string,\n\t\tDate_Last_Modified as date,\n\t\tDifference_Total as double\n\t),\n\tallowSchemaDrift: true,\n\tvalidateSchema: false,\n\tignoreNoFilesFound: false) ~> SrcPy\nSrcPy sink(allowSchemaDrift: true,\n\tvalidateSchema: false,\n\tinput(\n\t\tRN as long,\n\t\tTransaction_Id as integer,\n\t\tTransaction_Line_Id as integer,\n\t\tDocument_Nbr as string,\n\t\tPo_Nbr as integer,\n\t\tItem_Key as integer,\n\t\tParent_Item as string,\n\t\tChild_Item as string,\n\t\tItem_Descr as string,\n\t\tItem_Unit_Price as string,\n\t\tExtended_Price as decimal(38,4),\n\t\tExtended_Price_Total as decimal(38,4),\n\t\tPrice_Sticker as string,\n\t\tPo_Qty as decimal(19,2),\n\t\tPo_Total as decimal(38,2),\n\t\tShip_Date_Outbound as string,\n\t\tPo_Date as date,\n\t\tCancel_Date_Outbound as string,\n\t\tRelease_Order_Nbr as string,\n\t\tRelease_Qty as decimal(19,2),\n\t\tRelease_Total as decimal(38,2),\n\t\tBuyer_Dept as string,\n\t\tCustomer_Key as integer,\n\t\tLocation_key as integer,\n\t\tSales_Rep_Key as integer,\n\t\tDept_Program as string,\n\t\tEtd_Ship_Date as string,\n\t\tMS_domestic_ship_Date_Old as timestamp,\n\t\tRelease_Date as date,\n\t\tCancel_Date as date,\n\t\tMS_domestic_cancel_date_Old as timestamp,\n\t\tEta_Arrival_Date as string,\n\t\tArrival_Date as date,\n\t\tContainer_Nbr as string,\n\t\tFinal_Destination_Container as string,\n\t\tSales_Program as string,\n\t\tQuantity_Fulfilled as decimal(19,2),\n\t\tPo_Status as string,\n\t\tRelease_Status as string,\n\t\tPo_confidence_Factor as string,\n\t\tRelease_Confidence_Factor as string,\n\t\tPo_Level_Descr as string,\n\t\tRelease_Level_Descr as string,\n\t\tDate_Last_Modified as timestamp,\n\t\tDifference_Total as decimal(38,2)\n\t),\n\tformat: 'table',\n\tstore: 'synapseanalytics',\n\tschemaName: 'dbo',\n\ttableName: 'Ft_EstimateRelease_Combopy',\n\tinsertable: true,\n\tupdateable: false,\n\tdeletable: false,\n\tupsertable: false,\n\tstaged: true,\n\tskipDuplicateMapInputs: true,\n\tskipDuplicateMapOutputs: true,\n\terrorHandlingOption: 'stopOnFirstError',\n\tmapColumn(\n\t\tRN,\n\t\tTransaction_Id,\n\t\tTransaction_Line_Id,\n\t\tDocument_Nbr,\n\t\tPo_Nbr,\n\t\tItem_Key,\n\t\tParent_Item,\n\t\tChild_Item,\n\t\tItem_Descr,\n\t\tItem_Unit_Price,\n\t\tExtended_Price,\n\t\tExtended_Price_Total,\n\t\tPrice_Sticker,\n\t\tPo_Qty,\n\t\tPo_Total,\n\t\tShip_Date_Outbound,\n\t\tPo_Date,\n\t\tCancel_Date_Outbound,\n\t\tRelease_Order_Nbr,\n\t\tRelease_Qty,\n\t\tRelease_Total,\n\t\tBuyer_Dept,\n\t\tCustomer_Key,\n\t\tLocation_key,\n\t\tSales_Rep_Key,\n\t\tDept_Program,\n\t\tEtd_Ship_Date,\n\t\tMS_domestic_ship_Date_Old,\n\t\tRelease_Date,\n\t\tCancel_Date,\n\t\tMS_domestic_cancel_date_Old,\n\t\tEta_Arrival_Date,\n\t\tArrival_Date,\n\t\tContainer_Nbr,\n\t\tFinal_Destination_Container,\n\t\tSales_Program,\n\t\tQuantity_Fulfilled,\n\t\tPo_Status,\n\t\tRelease_Status,\n\t\tPo_confidence_Factor,\n\t\tRelease_Confidence_Factor,\n\t\tPo_Level_Descr,\n\t\tRelease_Level_Descr,\n\t\tDate_Last_Modified,\n\t\tDifference_Total\n\t)) ~> SnkDb"
		}
	}
}