{
	"name": "DfStgToDmSalesReps",
	"properties": {
		"type": "MappingDataFlow",
		"typeProperties": {
			"sources": [
				{
					"linkedService": {
						"referenceName": "LsAzureDb",
						"type": "LinkedServiceReference"
					},
					"name": "srcStgSalesRep"
				},
				{
					"linkedService": {
						"referenceName": "LsAzureDb",
						"type": "LinkedServiceReference"
					},
					"name": "srcTgtSalesRep"
				}
			],
			"sinks": [
				{
					"linkedService": {
						"referenceName": "LsAzureDb",
						"type": "LinkedServiceReference"
					},
					"name": "sinkLTSalesRepsInsert"
				},
				{
					"linkedService": {
						"referenceName": "LsAzureDb",
						"type": "LinkedServiceReference"
					},
					"name": "sinkLTSalesRepupdate"
				}
			],
			"transformations": [
				{
					"name": "SelectReqdSourceColumns"
				},
				{
					"name": "Renamingcolumns"
				},
				{
					"name": "Lookup"
				},
				{
					"name": "ConditionalSplit1"
				},
				{
					"name": "DerivedColumnInsert"
				},
				{
					"name": "RequiredColumnsInsert"
				},
				{
					"name": "AlterRow"
				},
				{
					"name": "DerivedColumnUpdate"
				},
				{
					"name": "requiredColumnsupdate"
				}
			],
			"script": "source(output(\n\t\tSales_Rep_ID as integer,\n\t\tSales_Rep_Name as string,\n\t\tSales_Rep_Address as string,\n\t\tSales_Rep_City as string,\n\t\tSales_Rep_Country as string,\n\t\tSales_Rep_Email as string,\n\t\tSales_Rep_Loginaccess as string,\n\t\tSales_Rep_Phone as string,\n\t\tCreate_Date as timestamp,\n\t\tDate_Last_Modified as timestamp,\n\t\tDelete_Flg as string\n\t),\n\tallowSchemaDrift: false,\n\tvalidateSchema: false,\n\tformat: 'table',\n\tstore: 'synapseanalytics',\n\tschemaName: 'stage',\n\ttableName: 'Stg_SalesRep',\n\tisolationLevel: 'READ_UNCOMMITTED',\n\tstaged: true) ~> srcStgSalesRep\nsource(output(\n\t\tSales_Rep_key as integer,\n\t\tSales_Rep_Id as integer,\n\t\tSales_Rep_Name as string,\n\t\tSales_Rep_Address as string,\n\t\tSales_Rep_City as string,\n\t\tSales_Rep_Country as string,\n\t\tSales_Rep_Email as string,\n\t\tSales_Rep_Loginaccess as string,\n\t\tSales_Rep_Phone as string,\n\t\tCreate_Date as timestamp,\n\t\tDate_Last_Modified as timestamp,\n\t\tDelete_Flg as string,\n\t\tCreated_By as string,\n\t\tCreated_Timestamp as timestamp,\n\t\tLast_Updated_By as string,\n\t\tLast_Update_Timestamp as timestamp\n\t),\n\tallowSchemaDrift: true,\n\tvalidateSchema: false,\n\tformat: 'table',\n\tstore: 'synapseanalytics',\n\tschemaName: 'dw',\n\ttableName: 'Dm_SalesRep',\n\tisolationLevel: 'READ_UNCOMMITTED',\n\tstaged: true) ~> srcTgtSalesRep\nsrcStgSalesRep select(mapColumn(\n\t\tSales_Rep_ID,\n\t\tSales_Rep_Name,\n\t\tSales_Rep_Address,\n\t\tSales_Rep_City,\n\t\tSales_Rep_Country,\n\t\tSales_Rep_Email,\n\t\tSales_Rep_Loginaccess,\n\t\tSales_Rep_Phone,\n\t\tCreate_Date,\n\t\tDate_Last_Modified,\n\t\tDelete_Flg\n\t),\n\tskipDuplicateMapInputs: true,\n\tskipDuplicateMapOutputs: true) ~> SelectReqdSourceColumns\nsrcTgtSalesRep select(mapColumn(\n\t\tTGT_Sales_Rep_key = Sales_Rep_key,\n\t\tTGT_Sales_Rep_Id = Sales_Rep_Id,\n\t\tTGT_Sales_Rep_Name = Sales_Rep_Name,\n\t\tTGT_Sales_Rep_Address = Sales_Rep_Address,\n\t\tTGT_Sales_Rep_City = Sales_Rep_City,\n\t\tTGT_Sales_Rep_Country = Sales_Rep_Country,\n\t\tTGT_Sales_Rep_Email = Sales_Rep_Email,\n\t\tTGT_Sales_Rep_Loginaccess = Sales_Rep_Loginaccess,\n\t\tTGT_Sales_Rep_Phone = Sales_Rep_Phone,\n\t\tTGT_Create_Date = Create_Date,\n\t\tTGT_Date_Last_Modified = Date_Last_Modified,\n\t\tTGT_Delete_Flg = Delete_Flg,\n\t\tTGT_Created_By = Created_By,\n\t\tTGT_Created_Timestamp = Created_Timestamp,\n\t\tTGT_Last_Updated_By = Last_Updated_By,\n\t\tTGT_Last_Update_Timestamp = Last_Update_Timestamp\n\t),\n\tskipDuplicateMapInputs: true,\n\tskipDuplicateMapOutputs: true) ~> Renamingcolumns\nSelectReqdSourceColumns, Renamingcolumns lookup(Sales_Rep_ID == TGT_Sales_Rep_Id,\n\tmultiple: false,\n\tpickup: 'any',\n\tbroadcast: 'auto')~> Lookup\nLookup split(isNull(TGT_Sales_Rep_key),\n\tnot(isNull((TGT_Sales_Rep_key)))&&Sales_Rep_Name!=TGT_Sales_Rep_Name || Delete_Flg!=TGT_Delete_Flg || Date_Last_Modified !=TGT_Date_Last_Modified,\n\tdisjoint: false) ~> ConditionalSplit1@(insert, update)\nConditionalSplit1@insert derive(Created_By = 'ETL',\n\t\tCreated_Timestamp = currentTimestamp(),\n\t\tLast_Updated_By = 'ETL',\n\t\tLast_Update_Timestamp = currentTimestamp()) ~> DerivedColumnInsert\nDerivedColumnInsert select(mapColumn(\n\t\tSales_Rep_ID,\n\t\tSales_Rep_Name,\n\t\tSales_Rep_Address,\n\t\tSales_Rep_City,\n\t\tSales_Rep_Country,\n\t\tSales_Rep_Email,\n\t\tSales_Rep_Loginaccess,\n\t\tSales_Rep_Phone,\n\t\tCreate_Date,\n\t\tDate_Last_Modified,\n\t\tDelete_Flg,\n\t\tTGT_Sales_Rep_key,\n\t\tTGT_Sales_Rep_Name,\n\t\tTGT_Sales_Rep_Address,\n\t\tTGT_Delete_Flg,\n\t\tTGT_Created_By,\n\t\tTGT_Created_Timestamp,\n\t\tTGT_Last_Updated_By,\n\t\tTGT_Last_Update_Timestamp,\n\t\tCreated_By,\n\t\tCreated_Timestamp,\n\t\tLast_Updated_By,\n\t\tLast_Update_Timestamp\n\t),\n\tskipDuplicateMapInputs: true,\n\tskipDuplicateMapOutputs: true) ~> RequiredColumnsInsert\nConditionalSplit1@update alterRow(updateIf(true())) ~> AlterRow\nAlterRow derive(Last_Updated_By = 'ETL',\n\t\tLast_Update_Timestamp = currentTimestamp()) ~> DerivedColumnUpdate\nDerivedColumnUpdate select(mapColumn(\n\t\tSales_Rep_ID,\n\t\tSales_Rep_Name,\n\t\tSales_Rep_Address,\n\t\tSales_Rep_City,\n\t\tSales_Rep_Country,\n\t\tSales_Rep_Email,\n\t\tSales_Rep_Loginaccess,\n\t\tSales_Rep_Phone,\n\t\tCreate_Date,\n\t\tDate_Last_Modified,\n\t\tDelete_Flg,\n\t\tSales_Rep_key = TGT_Sales_Rep_key,\n\t\tTGT_Sales_Rep_Name,\n\t\tTGT_Sales_Rep_Address,\n\t\tTGT_Delete_Flg,\n\t\tTGT_Created_By,\n\t\tTGT_Created_Timestamp,\n\t\tTGT_Last_Updated_By,\n\t\tTGT_Last_Update_Timestamp,\n\t\tLast_Updated_By,\n\t\tLast_Update_Timestamp\n\t),\n\tskipDuplicateMapInputs: true,\n\tskipDuplicateMapOutputs: true) ~> requiredColumnsupdate\nRequiredColumnsInsert sink(allowSchemaDrift: true,\n\tvalidateSchema: false,\n\tinput(\n\t\tSales_Rep_key as integer,\n\t\tSales_Rep_Id as integer,\n\t\tSales_Rep_Name as string,\n\t\tSales_Rep_Address as string,\n\t\tSales_Rep_City as string,\n\t\tSales_Rep_Country as string,\n\t\tSales_Rep_Email as string,\n\t\tSales_Rep_Loginaccess as string,\n\t\tSales_Rep_Phone as string,\n\t\tCreate_Date as timestamp,\n\t\tDate_Last_Modified as timestamp,\n\t\tDelete_Flg as string,\n\t\tCreated_By as string,\n\t\tCreated_Timestamp as timestamp,\n\t\tLast_Updated_By as string,\n\t\tLast_Update_Timestamp as timestamp\n\t),\n\tformat: 'table',\n\tstore: 'synapseanalytics',\n\tschemaName: 'dw',\n\ttableName: 'Dm_SalesRep',\n\tinsertable: true,\n\tupdateable: false,\n\tdeletable: false,\n\tupsertable: false,\n\tstaged: true,\n\tskipDuplicateMapInputs: true,\n\tskipDuplicateMapOutputs: true,\n\tsaveOrder: 1,\n\terrorHandlingOption: 'stopOnFirstError',\n\tmapColumn(\n\t\tSales_Rep_Id = Sales_Rep_ID,\n\t\tSales_Rep_Name,\n\t\tSales_Rep_Address,\n\t\tSales_Rep_City,\n\t\tSales_Rep_Country,\n\t\tSales_Rep_Email,\n\t\tSales_Rep_Loginaccess,\n\t\tSales_Rep_Phone,\n\t\tCreate_Date,\n\t\tDate_Last_Modified,\n\t\tDelete_Flg,\n\t\tCreated_By,\n\t\tCreated_Timestamp,\n\t\tLast_Updated_By,\n\t\tLast_Update_Timestamp\n\t)) ~> sinkLTSalesRepsInsert\nrequiredColumnsupdate sink(allowSchemaDrift: true,\n\tvalidateSchema: false,\n\tinput(\n\t\tSales_Rep_key as integer,\n\t\tSales_Rep_Id as integer,\n\t\tSales_Rep_Name as string,\n\t\tSales_Rep_Address as string,\n\t\tSales_Rep_City as string,\n\t\tSales_Rep_Country as string,\n\t\tSales_Rep_Email as string,\n\t\tSales_Rep_Loginaccess as string,\n\t\tSales_Rep_Phone as string,\n\t\tCreate_Date as timestamp,\n\t\tDate_Last_Modified as timestamp,\n\t\tDelete_Flg as string,\n\t\tCreated_By as string,\n\t\tCreated_Timestamp as timestamp,\n\t\tLast_Updated_By as string,\n\t\tLast_Update_Timestamp as timestamp\n\t),\n\tformat: 'table',\n\tstore: 'synapseanalytics',\n\tschemaName: 'dw',\n\ttableName: 'Dm_SalesRep',\n\tpreSQLs:['SET IDENTITY_INSERT dw.Dm_SalesRep ON'],\n\tinsertable: true,\n\tupdateable: true,\n\tdeletable: false,\n\tupsertable: false,\n\tkeys:['Sales_Rep_key'],\n\tpostSQLs:['SET IDENTITY_INSERT dw.Dm_SalesRep OFF\\n\\nupdate EDL.Edl_Salesrep\\nset active_flag=\\'N\\''],\n\tstaged: true,\n\tskipDuplicateMapInputs: true,\n\tskipDuplicateMapOutputs: true,\n\tsaveOrder: 2,\n\terrorHandlingOption: 'stopOnFirstError',\n\tmapColumn(\n\t\tSales_Rep_key,\n\t\tSales_Rep_Id = Sales_Rep_ID,\n\t\tSales_Rep_Name,\n\t\tSales_Rep_Address,\n\t\tSales_Rep_City,\n\t\tSales_Rep_Country,\n\t\tSales_Rep_Email,\n\t\tSales_Rep_Loginaccess,\n\t\tSales_Rep_Phone,\n\t\tCreate_Date,\n\t\tDate_Last_Modified,\n\t\tDelete_Flg,\n\t\tLast_Updated_By,\n\t\tLast_Update_Timestamp\n\t)) ~> sinkLTSalesRepupdate"
		}
	}
}