{
	"name": "DfStgToDmLocations",
	"properties": {
		"type": "MappingDataFlow",
		"typeProperties": {
			"sources": [
				{
					"linkedService": {
						"referenceName": "LsAzureDb",
						"type": "LinkedServiceReference"
					},
					"name": "SrcStgLocations"
				},
				{
					"linkedService": {
						"referenceName": "LsAzureDb",
						"type": "LinkedServiceReference"
					},
					"name": "sourcTgtLTLocations"
				}
			],
			"sinks": [
				{
					"linkedService": {
						"referenceName": "LsAzureDb",
						"type": "LinkedServiceReference"
					},
					"name": "SinkDLocationsInsert"
				},
				{
					"linkedService": {
						"referenceName": "LsAzureDb",
						"type": "LinkedServiceReference"
					},
					"name": "SinkLTLocations"
				}
			],
			"transformations": [
				{
					"name": "SelectReqdSourceColumns"
				},
				{
					"name": "RenameLtLocations"
				},
				{
					"name": "LkpTgtLocations"
				},
				{
					"name": "ConditionalSplit1"
				},
				{
					"name": "DerAuditColumnInsert"
				},
				{
					"name": "SelectReqdInsert"
				},
				{
					"name": "AlterRow"
				},
				{
					"name": "DerivedColumnUpdate"
				},
				{
					"name": "SelectRequiredUpdate"
				}
			],
			"script": "source(output(\n\t\tLocation_Id as integer,\n\t\tLocation_Name as string,\n\t\tLocation_Country as string,\n\t\tLocation_City as string,\n\t\tLocation_State as string,\n\t\tLocation_Zipcode as string,\n\t\tCreate_Date as timestamp,\n\t\tDate_Last_Modified as timestamp,\n\t\tDelete_Flg as string\n\t),\n\tallowSchemaDrift: true,\n\tvalidateSchema: false,\n\tformat: 'table',\n\tstore: 'synapseanalytics',\n\tschemaName: 'stage',\n\ttableName: 'STG_LOCATION',\n\tisolationLevel: 'READ_UNCOMMITTED',\n\tstaged: true) ~> SrcStgLocations\nsource(output(\n\t\tLocation_Key as integer,\n\t\tLocation_Id as integer,\n\t\tLocation_Name as string,\n\t\tLocation_Country as string,\n\t\tLocation_City as string,\n\t\tLocation_State as string,\n\t\tLocation_Zipcode as string,\n\t\tDate_Last_Modified as timestamp,\n\t\tDelete_Flg as string,\n\t\tCreated_By as string,\n\t\tCreated_Timestamp as timestamp,\n\t\tLast_Updated_By as string,\n\t\tLast_Update_Timestamp as timestamp\n\t),\n\tallowSchemaDrift: true,\n\tvalidateSchema: false,\n\tformat: 'table',\n\tstore: 'synapseanalytics',\n\tschemaName: 'dw',\n\ttableName: 'Dm_Location',\n\tisolationLevel: 'READ_UNCOMMITTED',\n\tstaged: true) ~> sourcTgtLTLocations\nSrcStgLocations select(mapColumn(\n\t\tLocation_Id,\n\t\tLocation_Name,\n\t\tLocation_Country,\n\t\tLocation_City,\n\t\tLocation_State,\n\t\tLocation_Zipcode,\n\t\tCreate_Date,\n\t\tDate_Last_Modified,\n\t\tDelete_Flg\n\t),\n\tskipDuplicateMapInputs: true,\n\tskipDuplicateMapOutputs: true) ~> SelectReqdSourceColumns\nsourcTgtLTLocations select(mapColumn(\n\t\tTGT_Location_Key = Location_Key,\n\t\tTGT_Location_Id = Location_Id,\n\t\tTGT_Location_Name = Location_Name,\n\t\tTGT_Location_Country = Location_Country,\n\t\tTGT_Location_City = Location_City,\n\t\tTGT_Location_State = Location_State,\n\t\tTGT_Location_Zipcode = Location_Zipcode,\n\t\tTGT_Date_Last_Modified = Date_Last_Modified,\n\t\tTGT_Delete_Flg = Delete_Flg,\n\t\tTGT_Created_By = Created_By,\n\t\tTGT_Created_Timestamp = Created_Timestamp,\n\t\tTGT_Last_Updated_By = Last_Updated_By,\n\t\tTGT_Last_Update_Timestamp = Last_Update_Timestamp\n\t),\n\tskipDuplicateMapInputs: true,\n\tskipDuplicateMapOutputs: true) ~> RenameLtLocations\nSelectReqdSourceColumns, RenameLtLocations lookup(Location_Id == TGT_Location_Id,\n\tmultiple: false,\n\tpickup: 'any',\n\tbroadcast: 'auto')~> LkpTgtLocations\nLkpTgtLocations split(isNull(TGT_Location_Key),\n\tnot(isNull((TGT_Location_Key)))&&Location_Name!=TGT_Location_Name || Delete_Flg!=TGT_Delete_Flg || Date_Last_Modified != TGT_Date_Last_Modified,\n\tdisjoint: false) ~> ConditionalSplit1@(Insert, Update)\nConditionalSplit1@Insert derive(Created_By = 'ETL',\n\t\tCreated_Timestamp = currentTimestamp(),\n\t\tLast_Updated_By = 'ETL',\n\t\tLast_Update_Timestamp = currentTimestamp()) ~> DerAuditColumnInsert\nDerAuditColumnInsert select(mapColumn(\n\t\tLocation_Id,\n\t\tLocation_Name,\n\t\tLocation_Country,\n\t\tLocation_City,\n\t\tLocation_State,\n\t\tLocation_Zipcode,\n\t\tCreate_Date,\n\t\tDate_Last_Modified,\n\t\tDelete_Flg,\n\t\tCreated_By,\n\t\tCreated_Timestamp,\n\t\tLast_Updated_By,\n\t\tLast_Update_Timestamp\n\t),\n\tskipDuplicateMapInputs: true,\n\tskipDuplicateMapOutputs: true) ~> SelectReqdInsert\nConditionalSplit1@Update alterRow(updateIf(true())) ~> AlterRow\nAlterRow derive(Last_Updated_By = 'ETL',\n\t\tLast_Update_Timestamp = currentTimestamp()) ~> DerivedColumnUpdate\nDerivedColumnUpdate select(mapColumn(\n\t\tLocation_Key = TGT_Location_Key,\n\t\tLocation_Id,\n\t\tLocation_Name,\n\t\tLocation_Country,\n\t\tLocation_City,\n\t\tLocation_State,\n\t\tLocation_Zipcode,\n\t\tCreate_Date,\n\t\tDate_Last_Modified,\n\t\tDelete_Flg,\n\t\tLast_Updated_By,\n\t\tLast_Update_Timestamp\n\t),\n\tskipDuplicateMapInputs: true,\n\tskipDuplicateMapOutputs: true) ~> SelectRequiredUpdate\nSelectReqdInsert sink(allowSchemaDrift: true,\n\tvalidateSchema: false,\n\tinput(\n\t\tLocation_Key as integer,\n\t\tLocation_Id as integer,\n\t\tLocation_Name as string,\n\t\tLocation_Country as string,\n\t\tLocation_City as string,\n\t\tLocation_State as string,\n\t\tLocation_Zipcode as string,\n\t\tDate_Last_Modified as timestamp,\n\t\tDelete_Flg as string,\n\t\tCreated_By as string,\n\t\tCreated_Timestamp as timestamp,\n\t\tLast_Updated_By as string,\n\t\tLast_Update_Timestamp as timestamp\n\t),\n\tformat: 'table',\n\tstore: 'synapseanalytics',\n\tschemaName: 'dw',\n\ttableName: 'Dm_Location',\n\tinsertable: true,\n\tupdateable: false,\n\tdeletable: false,\n\tupsertable: false,\n\tstaged: true,\n\tskipDuplicateMapInputs: true,\n\tskipDuplicateMapOutputs: true,\n\tsaveOrder: 1,\n\terrorHandlingOption: 'stopOnFirstError',\n\tmapColumn(\n\t\tLocation_Id,\n\t\tLocation_Name,\n\t\tLocation_Country,\n\t\tLocation_City,\n\t\tLocation_State,\n\t\tLocation_Zipcode,\n\t\tDate_Last_Modified,\n\t\tDelete_Flg,\n\t\tCreated_By,\n\t\tCreated_Timestamp,\n\t\tLast_Updated_By,\n\t\tLast_Update_Timestamp\n\t)) ~> SinkDLocationsInsert\nSelectRequiredUpdate sink(allowSchemaDrift: true,\n\tvalidateSchema: false,\n\tinput(\n\t\tLocation_Key as integer,\n\t\tLocation_Id as integer,\n\t\tLocation_Name as string,\n\t\tLocation_Country as string,\n\t\tLocation_City as string,\n\t\tLocation_State as string,\n\t\tLocation_Zipcode as string,\n\t\tDate_Last_Modified as timestamp,\n\t\tDelete_Flg as string,\n\t\tCreated_By as string,\n\t\tCreated_Timestamp as timestamp,\n\t\tLast_Updated_By as string,\n\t\tLast_Update_Timestamp as timestamp\n\t),\n\tformat: 'table',\n\tstore: 'synapseanalytics',\n\tschemaName: 'dw',\n\ttableName: 'Dm_Location',\n\tpreSQLs:['SET IDENTITY_INSERT dw.Dm_Location ON'],\n\tinsertable: true,\n\tupdateable: true,\n\tdeletable: false,\n\tupsertable: false,\n\tkeys:['Location_Key'],\n\tpostSQLs:['SET IDENTITY_INSERT dw.Dm_Location OFF\\n\\nupdate Edl.edl_location\\nset active_flag=\\'N\\''],\n\tstaged: true,\n\tskipDuplicateMapInputs: true,\n\tskipDuplicateMapOutputs: true,\n\tsaveOrder: 2,\n\terrorHandlingOption: 'stopOnFirstError',\n\tmapColumn(\n\t\tLocation_Key,\n\t\tLocation_Id,\n\t\tLocation_Name,\n\t\tLocation_Country,\n\t\tLocation_City,\n\t\tLocation_State,\n\t\tLocation_Zipcode,\n\t\tDate_Last_Modified,\n\t\tDelete_Flg,\n\t\tLast_Updated_By,\n\t\tLast_Update_Timestamp\n\t)) ~> SinkLTLocations"
		}
	}
}