{
	"name": "DfStgToDmProduct",
	"properties": {
		"type": "MappingDataFlow",
		"typeProperties": {
			"sources": [
				{
					"linkedService": {
						"referenceName": "LsAzureDb",
						"type": "LinkedServiceReference"
					},
					"name": "srcStgItems"
				},
				{
					"linkedService": {
						"referenceName": "LsAzureDb",
						"type": "LinkedServiceReference"
					},
					"name": "srcTgtSalesRep"
				}
			],
			"sinks": [
				{
					"linkedService": {
						"referenceName": "LsAzureDb",
						"type": "LinkedServiceReference"
					},
					"name": "sinkInsert"
				},
				{
					"linkedService": {
						"referenceName": "LsAzureDb",
						"type": "LinkedServiceReference"
					},
					"name": "sinkUpdate"
				}
			],
			"transformations": [
				{
					"name": "SelectReqdSourceColumns"
				},
				{
					"name": "Renamingcolumns"
				},
				{
					"name": "LkUp"
				},
				{
					"name": "ConditionalSplit"
				},
				{
					"name": "DerivedColumnInsert"
				},
				{
					"name": "Select"
				},
				{
					"name": "AlterRow"
				},
				{
					"name": "DerivedColumnUpdate"
				},
				{
					"name": "SelectReqUpdate"
				}
			],
			"script": "source(output(\n\t\tItem_Id as integer,\n\t\tItem_Descr as string,\n\t\tBrand_Descr as string,\n\t\tArtwork_Descr as string,\n\t\tColor_Descr as string,\n\t\tPackage_Type_Descr as string,\n\t\tSpecial_Req_Descr as string,\n\t\tCase_Pack_Descr as decimal(19,2),\n\t\tFull_Name_Descr as string,\n\t\tDisplay_Name_Descr as string,\n\t\tAccount_Manager_Name as string,\n\t\tBrand_Name as string,\n\t\tBrand_Manager_Name as string,\n\t\tItem_Status_Descr as string,\n\t\tItem_Type_Descr as string,\n\t\tMaker_Name as string,\n\t\tProduct_Manager_Name as string,\n\t\tMaster_Carton_Req_Descr as string,\n\t\tTrade_Partner_Name as string,\n\t\tPart_Of_Assembly_Item as string,\n\t\tType_Name as string,\n\t\tTrade_Partner_Cd as string,\n\t\tVendor_Name as string,\n\t\tUPC_Nbr as string,\n\t\tOn_Hand_Quantity as decimal(19,2),\n\t\tSSCC14_Nbr as string,\n\t\tMaster_Carton_Item_Nbr as string,\n\t\tDelete_Flg as string,\n\t\tCreate_Date as timestamp,\n\t\tDate_Last_Modified as timestamp\n\t),\n\tallowSchemaDrift: true,\n\tvalidateSchema: false,\n\tformat: 'table',\n\tstore: 'synapseanalytics',\n\tschemaName: 'stage',\n\ttableName: 'Stg_product',\n\tisolationLevel: 'READ_UNCOMMITTED',\n\tstaged: true) ~> srcStgItems\nsource(output(\n\t\tItem_Key as integer,\n\t\tItem_Id as integer,\n\t\tItem_Descr as string,\n\t\tBrand_Descr as string,\n\t\tArtwork_Descr as string,\n\t\tColor_Descr as string,\n\t\tPackage_Type_Descr as string,\n\t\tSpecial_Req_Descr as string,\n\t\tCase_Pack_Descr as decimal(19,2),\n\t\tFull_Name_Descr as string,\n\t\tDisplay_Name_Descr as string,\n\t\tAccount_Manager_Name as string,\n\t\tBrand_Name as string,\n\t\tBrand_Manager_Name as string,\n\t\tItem_Status_Descr as string,\n\t\tItem_Type_Descr as string,\n\t\tMaker_Name as string,\n\t\tProduct_Manager_Name as string,\n\t\tMaster_Carton_Req_Descr as string,\n\t\tTrade_Partner_Name as string,\n\t\tPart_Of_Assembly_Item as string,\n\t\tType_Name as string,\n\t\tTrade_Partner_Cd as string,\n\t\tVendor_Name as string,\n\t\tUPC_Nbr as string,\n\t\tOn_Hand_Quantity as decimal(19,2),\n\t\tSSCC14_Nbr as string,\n\t\tMaster_Carton_Item_Nbr as string,\n\t\tCreate_Date as timestamp,\n\t\tDate_Last_Modified as timestamp,\n\t\tDelete_Flg as string,\n\t\tCreated_By as string,\n\t\tCreated_Timestamp as timestamp,\n\t\tLast_Updated_By as string,\n\t\tLast_Update_Timestamp as timestamp\n\t),\n\tallowSchemaDrift: true,\n\tvalidateSchema: false,\n\tformat: 'table',\n\tstore: 'synapseanalytics',\n\tschemaName: 'dw',\n\ttableName: 'Dm_Product',\n\tisolationLevel: 'READ_UNCOMMITTED',\n\tstaged: true) ~> srcTgtSalesRep\nsrcStgItems select(mapColumn(\n\t\tItem_Id,\n\t\tItem_Descr,\n\t\tBrand_Descr,\n\t\tArtwork_Descr,\n\t\tColor_Descr,\n\t\tPackage_Type_Descr,\n\t\tSpecial_Req_Descr,\n\t\tCase_Pack_Descr,\n\t\tFull_Name_Descr,\n\t\tDisplay_Name_Descr,\n\t\tAccount_Manager_Name,\n\t\tBrand_Name,\n\t\tBrand_Manager_Name,\n\t\tItem_Status_Descr,\n\t\tItem_Type_Descr,\n\t\tMaker_Name,\n\t\tProduct_Manager_Name,\n\t\tMaster_Carton_Req_Descr,\n\t\tTrade_Partner_Name,\n\t\tPart_Of_Assembly_Item,\n\t\tType_Name,\n\t\tTrade_Partner_Cd,\n\t\tVendor_Name,\n\t\tUPC_Nbr,\n\t\tOn_Hand_Quantity,\n\t\tSSCC14_Nbr,\n\t\tMaster_Carton_Item_Nbr,\n\t\tDelete_Flg,\n\t\tCreate_Date,\n\t\tDate_Last_Modified\n\t),\n\tskipDuplicateMapInputs: true,\n\tskipDuplicateMapOutputs: true) ~> SelectReqdSourceColumns\nsrcTgtSalesRep select(mapColumn(\n\t\tTGT_Item_Key = Item_Key,\n\t\tTGT_Item_Id = Item_Id,\n\t\tTGT_Item_Descr = Item_Descr,\n\t\tTGT_Brand_Descr = Brand_Descr,\n\t\tTGT_Artwork_Descr = Artwork_Descr,\n\t\tTGT_Color_Descr = Color_Descr,\n\t\tTGT_Package_Type_Descr = Package_Type_Descr,\n\t\tTGT_Special_Req_Descr = Special_Req_Descr,\n\t\tTGT_Case_Pack_Descr = Case_Pack_Descr,\n\t\tTGT_Full_Name_Descr = Full_Name_Descr,\n\t\tTGT_Display_Name_Descr = Display_Name_Descr,\n\t\tTGT_Account_Manager_Name = Account_Manager_Name,\n\t\tTGT_Brand_Name = Brand_Name,\n\t\tTGT_Brand_Manager_Name = Brand_Manager_Name,\n\t\tTGT_Item_Status_Descr = Item_Status_Descr,\n\t\tTGT_Item_Type_Descr = Item_Type_Descr,\n\t\tTGT_Maker_Name = Maker_Name,\n\t\tTGT_Product_Manager_Name = Product_Manager_Name,\n\t\tTGT_Master_Carton_Req_Descr = Master_Carton_Req_Descr,\n\t\tTGT_Trade_Partner_Name = Trade_Partner_Name,\n\t\tTGT_Part_Of_Assembly_Item = Part_Of_Assembly_Item,\n\t\tTGT_Type_Name = Type_Name,\n\t\tTGT_Trade_Partner_Cd = Trade_Partner_Cd,\n\t\tTGT_Vendor_Name = Vendor_Name,\n\t\tTGT_UPC_Nbr = UPC_Nbr,\n\t\tTGT_On_Hand_Quantity = On_Hand_Quantity,\n\t\tTGT_SSCC14_Nbr = SSCC14_Nbr,\n\t\tTGT_Master_Carton_Item_Nbr = Master_Carton_Item_Nbr,\n\t\tTGT_Create_Date = Create_Date,\n\t\tTGT_Date_Last_Modified = Date_Last_Modified,\n\t\tTGT_Delete_Flg = Delete_Flg,\n\t\tTGT_Created_By = Created_By,\n\t\tTGT_Created_Timestamp = Created_Timestamp,\n\t\tTGT_Last_Updated_By = Last_Updated_By,\n\t\tTGT_Last_Update_Timestamp = Last_Update_Timestamp\n\t),\n\tskipDuplicateMapInputs: true,\n\tskipDuplicateMapOutputs: true) ~> Renamingcolumns\nSelectReqdSourceColumns, Renamingcolumns lookup(Item_Id == TGT_Item_Id,\n\tmultiple: false,\n\tpickup: 'any',\n\tbroadcast: 'auto')~> LkUp\nLkUp split(isNull(TGT_Item_Key),\n\tnot (isNull(TGT_Item_Key))&&Item_Descr!=TGT_Item_Descr||Brand_Descr!=TGT_Brand_Descr||Artwork_Descr!=TGT_Artwork_Descr||Color_Descr!=TGT_Color_Descr||Package_Type_Descr!=TGT_Package_Type_Descr||Special_Req_Descr!=TGT_Special_Req_Descr||Case_Pack_Descr!=TGT_Case_Pack_Descr||Full_Name_Descr!=TGT_Full_Name_Descr||Display_Name_Descr!=TGT_Display_Name_Descr||Account_Manager_Name!=TGT_Account_Manager_Name||Brand_Name!=TGT_Brand_Descr||Brand_Manager_Name!=TGT_Brand_Manager_Name||Item_Status_Descr!=TGT_Item_Status_Descr||Item_Type_Descr!=TGT_Item_Type_Descr||Maker_Name!=TGT_Maker_Name||Product_Manager_Name!=TGT_Product_Manager_Name||Master_Carton_Req_Descr!=TGT_Master_Carton_Req_Descr||Type_Name!=TGT_Type_Name||Trade_Partner_Cd!=TGT_Trade_Partner_Cd||Vendor_Name!=TGT_Vendor_Name||UPC_Nbr!=TGT_UPC_Nbr||On_Hand_Quantity!=TGT_On_Hand_Quantity||SSCC14_Nbr!=TGT_SSCC14_Nbr||Master_Carton_Item_Nbr!=TGT_Master_Carton_Item_Nbr||Delete_Flg!=TGT_Delete_Flg||Part_Of_Assembly_Item!=TGT_Part_Of_Assembly_Item||Trade_Partner_Name!=TGT_Trade_Partner_Name||\r\nTGT_Create_Date!=Create_Date||\r\nTGT_Date_Last_Modified!=Date_Last_Modified,\n\tdisjoint: false) ~> ConditionalSplit@(insert, update)\nConditionalSplit@insert derive(Created_By = 'ETL',\n\t\tCreated_Timestamp = currentTimestamp(),\n\t\tLast_Updated_By = 'ETL',\n\t\tLast_Update_Timestamp = currentTimestamp()) ~> DerivedColumnInsert\nDerivedColumnInsert select(mapColumn(\n\t\tItem_Id,\n\t\tItem_Descr,\n\t\tBrand_Descr,\n\t\tArtwork_Descr,\n\t\tColor_Descr,\n\t\tPackage_Type_Descr,\n\t\tSpecial_Req_Descr,\n\t\tCase_Pack_Descr,\n\t\tFull_Name_Descr,\n\t\tDisplay_Name_Descr,\n\t\tAccount_Manager_Name,\n\t\tBrand_Name,\n\t\tBrand_Manager_Name,\n\t\tItem_Status_Descr,\n\t\tItem_Type_Descr,\n\t\tMaker_Name,\n\t\tProduct_Manager_Name,\n\t\tMaster_Carton_Req_Descr,\n\t\tTrade_Partner_Name,\n\t\tPart_Of_Assembly_Item,\n\t\tType_Name,\n\t\tTrade_Partner_Cd,\n\t\tVendor_Name,\n\t\tUPC_Nbr,\n\t\tOn_Hand_Quantity,\n\t\tSSCC14_Nbr,\n\t\tMaster_Carton_Item_Nbr,\n\t\tDelete_Flg,\n\t\tCreate_Date,\n\t\tDate_Last_Modified,\n\t\tCreated_By,\n\t\tCreated_Timestamp,\n\t\tLast_Updated_By,\n\t\tLast_Update_Timestamp\n\t),\n\tskipDuplicateMapInputs: true,\n\tskipDuplicateMapOutputs: true) ~> Select\nConditionalSplit@update alterRow(updateIf(true())) ~> AlterRow\nAlterRow derive(Last_Update_Timestamp = currentTimestamp(),\n\t\tLast_Updated_By = 'ETL') ~> DerivedColumnUpdate\nDerivedColumnUpdate select(mapColumn(\n\t\tItem_Key = TGT_Item_Key,\n\t\tItem_Id,\n\t\tItem_Descr,\n\t\tBrand_Descr,\n\t\tArtwork_Descr,\n\t\tColor_Descr,\n\t\tPackage_Type_Descr,\n\t\tSpecial_Req_Descr,\n\t\tCase_Pack_Descr,\n\t\tFull_Name_Descr,\n\t\tDisplay_Name_Descr,\n\t\tAccount_Manager_Name,\n\t\tBrand_Name,\n\t\tBrand_Manager_Name,\n\t\tItem_Status_Descr,\n\t\tItem_Type_Descr,\n\t\tMaker_Name,\n\t\tProduct_Manager_Name,\n\t\tMaster_Carton_Req_Descr,\n\t\tTrade_Partner_Name,\n\t\tPart_Of_Assembly_Item,\n\t\tType_Name,\n\t\tTrade_Partner_Cd,\n\t\tVendor_Name,\n\t\tUPC_Nbr,\n\t\tOn_Hand_Quantity,\n\t\tSSCC14_Nbr,\n\t\tMaster_Carton_Item_Nbr,\n\t\tDelete_Flg,\n\t\tCreate_Date,\n\t\tDate_Last_Modified,\n\t\tLast_Update_Timestamp,\n\t\tLast_Updated_By\n\t),\n\tskipDuplicateMapInputs: true,\n\tskipDuplicateMapOutputs: true) ~> SelectReqUpdate\nSelect sink(allowSchemaDrift: true,\n\tvalidateSchema: false,\n\tinput(\n\t\tItem_Key as integer,\n\t\tItem_Id as integer,\n\t\tItem_Descr as string,\n\t\tBrand_Descr as string,\n\t\tArtwork_Descr as string,\n\t\tColor_Descr as string,\n\t\tPackage_Type_Descr as string,\n\t\tSpecial_Req_Descr as string,\n\t\tCase_Pack_Descr as decimal(19,2),\n\t\tFull_Name_Descr as string,\n\t\tDisplay_Name_Descr as string,\n\t\tAccount_Manager_Name as string,\n\t\tBrand_Name as string,\n\t\tBrand_Manager_Name as string,\n\t\tItem_Status_Descr as string,\n\t\tItem_Type_Descr as string,\n\t\tMaker_Name as string,\n\t\tProduct_Manager_Name as string,\n\t\tMaster_Carton_Req_Descr as string,\n\t\tTrade_Partner_Name as string,\n\t\tPart_Of_Assembly_Item as string,\n\t\tType_Name as string,\n\t\tTrade_Partner_Cd as string,\n\t\tVendor_Name as string,\n\t\tUPC_Nbr as string,\n\t\tOn_Hand_Quantity as decimal(19,2),\n\t\tSSCC14_Nbr as string,\n\t\tMaster_Carton_Item_Nbr as string,\n\t\tCreate_Date as timestamp,\n\t\tDate_Last_Modified as timestamp,\n\t\tDelete_Flg as string,\n\t\tCreated_By as string,\n\t\tCreated_Timestamp as timestamp,\n\t\tLast_Updated_By as string,\n\t\tLast_Update_Timestamp as timestamp\n\t),\n\tformat: 'table',\n\tstore: 'synapseanalytics',\n\tschemaName: 'dw',\n\ttableName: 'Dm_Product',\n\tinsertable: true,\n\tupdateable: false,\n\tdeletable: false,\n\tupsertable: false,\n\tstaged: true,\n\tskipDuplicateMapInputs: true,\n\tskipDuplicateMapOutputs: true,\n\tsaveOrder: 1,\n\terrorHandlingOption: 'stopOnFirstError',\n\tmapColumn(\n\t\tItem_Id,\n\t\tItem_Descr,\n\t\tBrand_Descr,\n\t\tArtwork_Descr,\n\t\tColor_Descr,\n\t\tPackage_Type_Descr,\n\t\tSpecial_Req_Descr,\n\t\tCase_Pack_Descr,\n\t\tFull_Name_Descr,\n\t\tDisplay_Name_Descr,\n\t\tAccount_Manager_Name,\n\t\tBrand_Name,\n\t\tBrand_Manager_Name,\n\t\tItem_Status_Descr,\n\t\tItem_Type_Descr,\n\t\tMaker_Name,\n\t\tProduct_Manager_Name,\n\t\tMaster_Carton_Req_Descr,\n\t\tTrade_Partner_Name,\n\t\tPart_Of_Assembly_Item,\n\t\tType_Name,\n\t\tTrade_Partner_Cd,\n\t\tVendor_Name,\n\t\tUPC_Nbr,\n\t\tOn_Hand_Quantity,\n\t\tSSCC14_Nbr,\n\t\tMaster_Carton_Item_Nbr,\n\t\tCreate_Date,\n\t\tDate_Last_Modified,\n\t\tDelete_Flg,\n\t\tCreated_By,\n\t\tCreated_Timestamp,\n\t\tLast_Updated_By,\n\t\tLast_Update_Timestamp\n\t)) ~> sinkInsert\nSelectReqUpdate sink(allowSchemaDrift: true,\n\tvalidateSchema: false,\n\tinput(\n\t\tItem_Key as integer,\n\t\tItem_Id as integer,\n\t\tItem_Descr as string,\n\t\tBrand_Descr as string,\n\t\tArtwork_Descr as string,\n\t\tColor_Descr as string,\n\t\tPackage_Type_Descr as string,\n\t\tSpecial_Req_Descr as string,\n\t\tCase_Pack_Descr as decimal(19,2),\n\t\tFull_Name_Descr as string,\n\t\tDisplay_Name_Descr as string,\n\t\tAccount_Manager_Name as string,\n\t\tBrand_Name as string,\n\t\tBrand_Manager_Name as string,\n\t\tItem_Status_Descr as string,\n\t\tItem_Type_Descr as string,\n\t\tMaker_Name as string,\n\t\tProduct_Manager_Name as string,\n\t\tMaster_Carton_Req_Descr as string,\n\t\tTrade_Partner_Name as string,\n\t\tPart_Of_Assembly_Item as string,\n\t\tType_Name as string,\n\t\tTrade_Partner_Cd as string,\n\t\tVendor_Name as string,\n\t\tUPC_Nbr as string,\n\t\tOn_Hand_Quantity as decimal(19,2),\n\t\tSSCC14_Nbr as string,\n\t\tMaster_Carton_Item_Nbr as string,\n\t\tCreate_Date as timestamp,\n\t\tDate_Last_Modified as timestamp,\n\t\tDelete_Flg as string,\n\t\tCreated_By as string,\n\t\tCreated_Timestamp as timestamp,\n\t\tLast_Updated_By as string,\n\t\tLast_Update_Timestamp as timestamp\n\t),\n\tformat: 'table',\n\tstore: 'synapseanalytics',\n\tschemaName: 'dw',\n\ttableName: 'Dm_Product',\n\tpreSQLs:['SET IDENTITY_INSERT dw.Dm_Product ON'],\n\tinsertable: true,\n\tupdateable: true,\n\tdeletable: false,\n\tupsertable: false,\n\tkeys:['Item_Key'],\n\tpostSQLs:['SET IDENTITY_INSERT dw.Dm_Product OFF\\n\\nupdate Edl.Edl_Product set active_flag=\\'N\\' '],\n\tstaged: true,\n\tskipDuplicateMapInputs: true,\n\tskipDuplicateMapOutputs: true,\n\tsaveOrder: 2,\n\terrorHandlingOption: 'stopOnFirstError',\n\tmapColumn(\n\t\tItem_Key,\n\t\tItem_Id,\n\t\tItem_Descr,\n\t\tBrand_Descr,\n\t\tArtwork_Descr,\n\t\tColor_Descr,\n\t\tPackage_Type_Descr,\n\t\tSpecial_Req_Descr,\n\t\tCase_Pack_Descr,\n\t\tFull_Name_Descr,\n\t\tDisplay_Name_Descr,\n\t\tAccount_Manager_Name,\n\t\tBrand_Name,\n\t\tBrand_Manager_Name,\n\t\tItem_Status_Descr,\n\t\tItem_Type_Descr,\n\t\tMaker_Name,\n\t\tProduct_Manager_Name,\n\t\tMaster_Carton_Req_Descr,\n\t\tTrade_Partner_Name,\n\t\tPart_Of_Assembly_Item,\n\t\tType_Name,\n\t\tTrade_Partner_Cd,\n\t\tVendor_Name,\n\t\tUPC_Nbr,\n\t\tOn_Hand_Quantity,\n\t\tSSCC14_Nbr,\n\t\tMaster_Carton_Item_Nbr,\n\t\tCreate_Date,\n\t\tDate_Last_Modified,\n\t\tDelete_Flg,\n\t\tLast_Updated_By,\n\t\tLast_Update_Timestamp\n\t)) ~> sinkUpdate"
		}
	}
}