{
	"name": "DfStgToDmCustomers",
	"properties": {
		"type": "MappingDataFlow",
		"typeProperties": {
			"sources": [
				{
					"linkedService": {
						"referenceName": "LsAzureDb",
						"type": "LinkedServiceReference"
					},
					"name": "SrcStgCustomers"
				},
				{
					"linkedService": {
						"referenceName": "LsAzureDb",
						"type": "LinkedServiceReference"
					},
					"name": "TgtLTCustomers"
				}
			],
			"sinks": [
				{
					"linkedService": {
						"referenceName": "LsAzureDb",
						"type": "LinkedServiceReference"
					},
					"name": "SinkDLCustomerInsert"
				},
				{
					"linkedService": {
						"referenceName": "LsAzureDb",
						"type": "LinkedServiceReference"
					},
					"name": "SinkLTCustomers"
				}
			],
			"transformations": [
				{
					"name": "RenameLtCustomers"
				},
				{
					"name": "LkpTgtCustomers"
				},
				{
					"name": "ConditionalSplit"
				},
				{
					"name": "SelectReqdSourceColumns"
				},
				{
					"name": "DerAuditColumnInsert"
				},
				{
					"name": "SelectReqdInsert"
				},
				{
					"name": "AlterRow1"
				},
				{
					"name": "SelectReqdUpd"
				},
				{
					"name": "DerivedAuditColumnUpd"
				}
			],
			"script": "source(output(\n\t\tCustomer_ID as integer,\n\t\tCompany_Name as string,\n\t\tDelete_Flg as string,\n\t\tCreate_Date as timestamp,\n\t\tDate_Last_Modified as timestamp\n\t),\n\tallowSchemaDrift: true,\n\tvalidateSchema: false,\n\tformat: 'table',\n\tstore: 'synapseanalytics',\n\tschemaName: 'stage',\n\ttableName: 'Stg_Customer',\n\tisolationLevel: 'NONE',\n\tstaged: true) ~> SrcStgCustomers\nsource(output(\n\t\tCustomer_Key as integer,\n\t\tCustomer_Id as integer,\n\t\tCompany_Name as string,\n\t\tDelete_Flg as string,\n\t\tCreate_Date as timestamp,\n\t\tDate_Last_Modified as timestamp,\n\t\tCreated_By as string,\n\t\tCreated_Timestamp as timestamp,\n\t\tLast_Updated_By as string,\n\t\tLast_Update_Timestamp as timestamp\n\t),\n\tallowSchemaDrift: true,\n\tvalidateSchema: false,\n\tformat: 'table',\n\tstore: 'synapseanalytics',\n\tschemaName: 'dw',\n\ttableName: 'Dm_Customer',\n\tisolationLevel: 'NONE',\n\tstaged: true) ~> TgtLTCustomers\nTgtLTCustomers select(mapColumn(\n\t\tTgt_Customer_Key = Customer_Key,\n\t\tTgt_Customer_Id = Customer_Id,\n\t\tTgt_Company_Name = Company_Name,\n\t\tTgt_Delete_Flg = Delete_Flg,\n\t\tTgt_Create_Date = Create_Date,\n\t\tTgt_Date_Last_Modified = Date_Last_Modified,\n\t\tTgt_Created_By = Created_By,\n\t\tTgt_Created_Timestamp = Created_Timestamp,\n\t\tTgt_Last_Updated_By = Last_Updated_By,\n\t\tTgt_Last_Update_Timestamp = Last_Update_Timestamp\n\t),\n\tskipDuplicateMapInputs: true,\n\tskipDuplicateMapOutputs: true) ~> RenameLtCustomers\nSelectReqdSourceColumns, RenameLtCustomers lookup(Customer_ID == Tgt_Customer_Id,\n\tmultiple: false,\n\tpickup: 'any',\n\tbroadcast: 'auto')~> LkpTgtCustomers\nLkpTgtCustomers split(isNull(Tgt_Customer_Key),\n\tnot(isNull((Tgt_Customer_Key)))&&Company_Name!=Tgt_Company_Name||Create_Date!=Tgt_Create_Date||Date_Last_Modified!=Tgt_Date_Last_Modified,\n\tdisjoint: false) ~> ConditionalSplit@(Insert, Update)\nSrcStgCustomers select(mapColumn(\n\t\tCustomer_ID,\n\t\tCompany_Name,\n\t\tDelete_Flg,\n\t\tCreate_Date,\n\t\tDate_Last_Modified\n\t),\n\tskipDuplicateMapInputs: true,\n\tskipDuplicateMapOutputs: true) ~> SelectReqdSourceColumns\nConditionalSplit@Insert derive(Created_By = 'ETL',\n\t\tCreated_Timestamp = currentTimestamp(),\n\t\tLast_Updated_By = 'ETL',\n\t\tLast_Update_Timestamp = currentTimestamp()) ~> DerAuditColumnInsert\nDerAuditColumnInsert select(mapColumn(\n\t\tCustomer_ID,\n\t\tCompany_Name,\n\t\tDelete_Flg,\n\t\tCreate_Date,\n\t\tDate_Last_Modified,\n\t\tLast_Updated_By,\n\t\tLast_Update_Timestamp,\n\t\tCreated_By,\n\t\tCreated_Timestamp\n\t),\n\tskipDuplicateMapInputs: true,\n\tskipDuplicateMapOutputs: true) ~> SelectReqdInsert\nConditionalSplit@Update alterRow(updateIf(true())) ~> AlterRow1\nDerivedAuditColumnUpd select(mapColumn(\n\t\tCustomer_ID,\n\t\tCompany_Name,\n\t\tDelete_Flg,\n\t\tCreate_Date,\n\t\tDate_Last_Modified,\n\t\tCustomer_Key = Tgt_Customer_Key,\n\t\tLast_Updated_By,\n\t\tLast_Update_Timestamp\n\t),\n\tskipDuplicateMapInputs: true,\n\tskipDuplicateMapOutputs: true) ~> SelectReqdUpd\nAlterRow1 derive(Last_Updated_By = 'ETL',\n\t\tLast_Update_Timestamp = currentTimestamp()) ~> DerivedAuditColumnUpd\nSelectReqdInsert sink(allowSchemaDrift: true,\n\tvalidateSchema: false,\n\tinput(\n\t\tCustomer_Key as integer,\n\t\tCustomer_Id as integer,\n\t\tCompany_Name as string,\n\t\tDelete_Flg as string,\n\t\tCreate_Date as timestamp,\n\t\tDate_Last_Modified as timestamp,\n\t\tCreated_By as string,\n\t\tCreated_Timestamp as timestamp,\n\t\tLast_Updated_By as string,\n\t\tLast_Update_Timestamp as timestamp\n\t),\n\tformat: 'table',\n\tstore: 'synapseanalytics',\n\tschemaName: 'dw',\n\ttableName: 'Dm_Customer',\n\tinsertable: true,\n\tupdateable: false,\n\tdeletable: false,\n\tupsertable: false,\n\tstaged: true,\n\tskipDuplicateMapInputs: true,\n\tskipDuplicateMapOutputs: true,\n\tsaveOrder: 1,\n\terrorHandlingOption: 'stopOnFirstError',\n\tmapColumn(\n\t\tCustomer_Id = Customer_ID,\n\t\tCompany_Name,\n\t\tDelete_Flg,\n\t\tCreate_Date,\n\t\tDate_Last_Modified,\n\t\tCreated_By,\n\t\tCreated_Timestamp,\n\t\tLast_Updated_By,\n\t\tLast_Update_Timestamp\n\t)) ~> SinkDLCustomerInsert\nSelectReqdUpd sink(allowSchemaDrift: true,\n\tvalidateSchema: false,\n\tinput(\n\t\tCustomer_Key as integer,\n\t\tCustomer_Id as integer,\n\t\tCompany_Name as string,\n\t\tDelete_Flg as string,\n\t\tCreate_Date as timestamp,\n\t\tDate_Last_Modified as timestamp,\n\t\tCreated_By as string,\n\t\tCreated_Timestamp as timestamp,\n\t\tLast_Updated_By as string,\n\t\tLast_Update_Timestamp as timestamp\n\t),\n\tformat: 'table',\n\tstore: 'synapseanalytics',\n\tschemaName: 'dw',\n\ttableName: 'Dm_Customer',\n\tpreSQLs:['SET IDENTITY_INSERT dw.Dm_CUSTOMER ON'],\n\tinsertable: true,\n\tupdateable: true,\n\tdeletable: false,\n\tupsertable: false,\n\tkeys:['Customer_Key'],\n\tpostSQLs:['SET IDENTITY_INSERT dw.Dm_CUSTOMER OFF;\\n\\nupdate edl.edl_customer\\nset active_flag=\\'N\\' '],\n\tstaged: true,\n\tskipDuplicateMapInputs: true,\n\tskipDuplicateMapOutputs: true,\n\tsaveOrder: 2,\n\terrorHandlingOption: 'stopOnFirstError',\n\tmapColumn(\n\t\tCustomer_Key,\n\t\tCustomer_Id = Customer_ID,\n\t\tCompany_Name,\n\t\tDelete_Flg,\n\t\tCreate_Date,\n\t\tDate_Last_Modified,\n\t\tLast_Updated_By,\n\t\tLast_Update_Timestamp\n\t)) ~> SinkLTCustomers"
		}
	}
}