{
	"name": "DfStgToFtSalesEstimate",
	"properties": {
		"type": "MappingDataFlow",
		"typeProperties": {
			"sources": [
				{
					"linkedService": {
						"referenceName": "LsAzureDb",
						"type": "LinkedServiceReference"
					},
					"name": "SrcStgEstimate"
				},
				{
					"linkedService": {
						"referenceName": "LsAzureDb",
						"type": "LinkedServiceReference"
					},
					"name": "TgtFtEstimate"
				}
			],
			"sinks": [
				{
					"linkedService": {
						"referenceName": "LsAzureDb",
						"type": "LinkedServiceReference"
					},
					"name": "SinkFtEstimateInsert"
				},
				{
					"linkedService": {
						"referenceName": "LsAzureDb",
						"type": "LinkedServiceReference"
					},
					"name": "SinkFTEstimateUpdate"
				}
			],
			"transformations": [
				{
					"name": "RenameFTEstimate"
				},
				{
					"name": "LkpFtEstimate"
				},
				{
					"name": "ConditionalSplit"
				},
				{
					"name": "SelectReqdSourceColumns"
				},
				{
					"name": "DerAuditColumnInsert"
				},
				{
					"name": "SelectReqdInsert"
				},
				{
					"name": "AlterRow1"
				},
				{
					"name": "SelectReqdUpd"
				},
				{
					"name": "DerivedAuditColumnUpd"
				}
			],
			"script": "source(output(\n\t\tTransaction_Id as integer,\n\t\tTransaction_Line_Id as integer,\n\t\tMemo_Descr as string,\n\t\tSticker_Requirement_Descr as string,\n\t\tInner_Requirement_Descr as string,\n\t\tCustomer_Requirement_Descr as string,\n\t\tSales_Program_Descr as string,\n\t\tBuyer_Dept_descr as string,\n\t\tBuyer_Confirmed_On as timestamp,\n\t\tDept_Program_Descr as string,\n\t\tProgram_Descr as string,\n\t\tCancelled_Descr as string,\n\t\tSticker_Requirement_Purchase_Descr as string,\n\t\tConfidence_Factor_Descr as string,\n\t\tLevel_Descr as string,\n\t\tFinal_Destination_Container as string,\n\t\tPrice_Sticker_Descr as string,\n\t\tCustomer_key as integer,\n\t\tItem_key as integer,\n\t\tSales_Rep_key as integer,\n\t\tLocation_key as integer,\n\t\tDocument_Nbr as string,\n\t\tPrice_Sticker_Id as decimal(19,2),\n\t\tPo_Nbr as integer,\n\t\tRelease_Order_Nbr as string,\n\t\tCntnr_Nbr as string,\n\t\tEtd_Ship_Dt as string,\n\t\tShip_Outbound_Dt as string,\n\t\tCancel_Outbound_Dt as string,\n\t\tExpiration_Dt as timestamp,\n\t\tEta_Arrival_Date as string,\n\t\tMonth_Ship_Dt as string,\n\t\tEtd_Dt as timestamp,\n\t\tMonth_Etd_Dt as string,\n\t\tMs_Domestic_Ship_Date as timestamp,\n\t\tMs_Domestic_Cancel_Date as timestamp,\n\t\tItem_Qty as decimal(19,2),\n\t\tInner_Qty as string,\n\t\tRelease_Qty as decimal(19,2),\n\t\tQuantity_Received_In_Shipment as decimal(19,2),\n\t\tItem_Unit_Price as string,\n\t\tAmount as decimal(19,2),\n\t\tDelete_Flg as string,\n\t\tCreate_Date as timestamp,\n\t\tDate_Created as timestamp,\n\t\tDate_Last_Modified_Gmt as timestamp,\n\t\tCreated_By as string,\n\t\tCreated_Timestamp as timestamp,\n\t\tLast_Updated_By as string,\n\t\tLast_Update_Timestamp as timestamp,\n\t\tClosed_Script as string\n\t),\n\tallowSchemaDrift: true,\n\tvalidateSchema: false,\n\tformat: 'table',\n\tstore: 'synapseanalytics',\n\tschemaName: 'stage',\n\ttableName: 'Stg_Estimate',\n\tisolationLevel: 'NONE',\n\tstaged: true) ~> SrcStgEstimate\nsource(output(\n\t\tSales_Estimate_key as integer,\n\t\tTransaction_Id as integer,\n\t\tTransaction_Line_Id as integer,\n\t\tMemo_Descr as string,\n\t\tSticker_Requirement_Descr as string,\n\t\tInner_Requirement_Descr as string,\n\t\tCustomer_Requirement_Descr as string,\n\t\tSales_Program_Descr as string,\n\t\tBuyer_Dept_Descr as string,\n\t\tBuyer_Confirmed_On as timestamp,\n\t\tDept_Program_Descr as string,\n\t\tProgram_Descr as string,\n\t\tCancelled_Descr as string,\n\t\tSticker_Requirement_Purchase_Descr as string,\n\t\tConfidence_Factor_Descr as string,\n\t\tLevel_Descr as string,\n\t\tFinal_Destination_Container as string,\n\t\tPrice_Sticker_Descr as string,\n\t\tCustomer_key as integer,\n\t\tItem_key as integer,\n\t\tSales_Rep_key as integer,\n\t\tLocation_key as integer,\n\t\tDocument_Nbr as string,\n\t\tPrice_Sticker_Id as decimal(19,2),\n\t\tPo_Nbr as integer,\n\t\tRelease_Order_Nbr as string,\n\t\tCntnr_nbr as string,\n\t\tEtd_Ship_Dt as string,\n\t\tShip_Outbound_Dt as string,\n\t\tCancel_Outbound_Dt as string,\n\t\tExpiration_Dt as timestamp,\n\t\tEta_Arrival_Date as string,\n\t\tMonth_Ship_Dt as string,\n\t\tEtd_Dt as timestamp,\n\t\tMonth_Etd_Dt as string,\n\t\tMs_Domestic_Ship_Date as timestamp,\n\t\tMs_Domestic_Cancel_Date as timestamp,\n\t\tQuantity_Received_In_Shipment as decimal(19,2),\n\t\tItem_Qty as decimal(19,2),\n\t\tInner_Qty as string,\n\t\tRelease_Qty as decimal(19,2),\n\t\tItem_Unit_Price as string,\n\t\tAmount as decimal(19,2),\n\t\tDelete_Flg as string,\n\t\tCreate_Date as timestamp,\n\t\tDate_Created as timestamp,\n\t\tDate_Last_Modified_Gmt as timestamp,\n\t\tCreated_By as string,\n\t\tCreated_Timestamp as timestamp,\n\t\tLast_Updated_By as string,\n\t\tLast_Update_Timestamp as timestamp,\n\t\tClosed_Script as string\n\t),\n\tallowSchemaDrift: true,\n\tvalidateSchema: false,\n\tformat: 'table',\n\tstore: 'synapseanalytics',\n\tschemaName: 'dw',\n\ttableName: 'FT_ESTIMATE',\n\tisolationLevel: 'NONE',\n\tstaged: true) ~> TgtFtEstimate\nTgtFtEstimate select(mapColumn(\n\t\tTgt_Sales_Estimate_key = Sales_Estimate_key,\n\t\tTgt_Quantity_Received_In_Shipment = Quantity_Received_In_Shipment,\n\t\tTgt_Transaction_Id = Transaction_Id,\n\t\tTgt_Transaction_Line_Id = Transaction_Line_Id,\n\t\tTgt_Memo_Descr = Memo_Descr,\n\t\tTgt_Sticker_Requirement_Descr = Sticker_Requirement_Descr,\n\t\tTgt_Inner_Requirement_Descr = Inner_Requirement_Descr,\n\t\tTgt_Customer_Requirement_Descr = Customer_Requirement_Descr,\n\t\tTgt_Sales_Program_Descr = Sales_Program_Descr,\n\t\tTgt_Buyer_Dept_Descr = Buyer_Dept_Descr,\n\t\tTgt_Buyer_Confirmed_On = Buyer_Confirmed_On,\n\t\tTgt_Dept_Program_Descr = Dept_Program_Descr,\n\t\tTgt_Program_Descr = Program_Descr,\n\t\tTgt_Cancelled_Descr = Cancelled_Descr,\n\t\tTgt_Sticker_Requirement_Purchase_Descr = Sticker_Requirement_Purchase_Descr,\n\t\tTgt_Confidence_Factor_Descr = Confidence_Factor_Descr,\n\t\tTgt_Level_Descr = Level_Descr,\n\t\tTgt_Final_Destination_Container = Final_Destination_Container,\n\t\tTgt_Price_Sticker_Descr = Price_Sticker_Descr,\n\t\tTgt_Customer_key = Customer_key,\n\t\tTgt_Item_key = Item_key,\n\t\tTgt_Sales_Rep_key = Sales_Rep_key,\n\t\tTgt_Location_key = Location_key,\n\t\tTgt_Document_Nbr = Document_Nbr,\n\t\tTgt_Price_Sticker_Id = Price_Sticker_Id,\n\t\tTgt_Po_Nbr = Po_Nbr,\n\t\tTgt_Release_Order_Nbr = Release_Order_Nbr,\n\t\tTgt_Cntnr_nbr = Cntnr_nbr,\n\t\tTgt_Etd_Ship_Dt = Etd_Ship_Dt,\n\t\tTgt_Ship_Outbound_Dt = Ship_Outbound_Dt,\n\t\tTgt_Cancel_Outbound_Dt = Cancel_Outbound_Dt,\n\t\tTgt_Expiration_Dt = Expiration_Dt,\n\t\tTgt_Eta_Arrival_Date = Eta_Arrival_Date,\n\t\tTgt_Month_Ship_Dt = Month_Ship_Dt,\n\t\tTgt_Etd_Dt = Etd_Dt,\n\t\tTgt_Month_Etd_Dt = Month_Etd_Dt,\n\t\tTgt_Ms_Domestic_Ship_Date = Ms_Domestic_Ship_Date,\n\t\tTgt_Ms_Domestic_Cancel_Date = Ms_Domestic_Cancel_Date,\n\t\tTgt_Item_Qty = Item_Qty,\n\t\tTgt_Inner_Qty = Inner_Qty,\n\t\tTgt_Release_Qty = Release_Qty,\n\t\tTgt_Item_Unit_Price = Item_Unit_Price,\n\t\tTgt_Amount = Amount,\n\t\tTgt_Delete_Flg = Delete_Flg,\n\t\tTgt_Create_Date = Create_Date,\n\t\tTgt_Date_Created = Date_Created,\n\t\tTgt_Date_Last_Modified_Gmt = Date_Last_Modified_Gmt,\n\t\tTgt_Closed_Script = Closed_Script\n\t),\n\tskipDuplicateMapInputs: true,\n\tskipDuplicateMapOutputs: true) ~> RenameFTEstimate\nSelectReqdSourceColumns, RenameFTEstimate lookup(Transaction_Id == Tgt_Transaction_Id\n\t&& Transaction_Line_Id == Tgt_Transaction_Line_Id,\n\tmultiple: false,\n\tpickup: 'any',\n\tbroadcast: 'auto')~> LkpFtEstimate\nLkpFtEstimate split(isNull(Tgt_Sales_Estimate_key),\n\tnot(isNull(Tgt_Sales_Estimate_key))&&Memo_Descr!=Tgt_Memo_Descr||Sticker_Requirement_Descr!=Tgt_Sticker_Requirement_Descr||Inner_Requirement_Descr!=Tgt_Inner_Requirement_Descr\r\n||Customer_Requirement_Descr!=Tgt_Customer_Requirement_Descr||Sales_Program_Descr!=Tgt_Sales_Program_Descr||Buyer_Dept_descr!=Tgt_Buyer_Dept_Descr||Buyer_Confirmed_On!=Tgt_Buyer_Confirmed_On||\r\nDept_Program_Descr!=Tgt_Dept_Program_Descr||Program_Descr!=Tgt_Program_Descr||Cancelled_Descr!=Tgt_Cancelled_Descr||Sticker_Requirement_Purchase_Descr!=Tgt_Sticker_Requirement_Purchase_Descr||Confidence_Factor_Descr!=Tgt_Confidence_Factor_Descr\r\n||Level_Descr!=Tgt_Level_Descr||Document_Nbr!=Tgt_Document_Nbr||Price_Sticker_Id!=Tgt_Price_Sticker_Id||Po_Nbr!=Tgt_Po_Nbr||Release_Order_Nbr!=Tgt_Release_Order_Nbr||\r\nItem_Qty!=Tgt_Item_Qty||Cntnr_Nbr!=Tgt_Cntnr_nbr||Etd_Ship_Dt!=Tgt_Etd_Ship_Dt||Ship_Outbound_Dt!=Tgt_Ship_Outbound_Dt||Cancel_Outbound_Dt!=Tgt_Cancel_Outbound_Dt||Expiration_Dt!=Tgt_Expiration_Dt\r\n||Eta_Arrival_Date!=Tgt_Eta_Arrival_Date||Inner_Qty!=Tgt_Inner_Qty||Release_Qty!=Tgt_Release_Qty||Item_Unit_Price!=Tgt_Item_Unit_Price\r\n||Amount!=Tgt_Amount||Create_Date!=Tgt_Create_Date||Date_Last_Modified_Gmt!=Tgt_Date_Last_Modified_Gmt||Quantity_Received_In_Shipment!=Tgt_Quantity_Received_In_Shipment||Closed_Script!=Tgt_Closed_Script,\n\tdisjoint: false) ~> ConditionalSplit@(Insert, Update)\nSrcStgEstimate select(mapColumn(\n\t\tTransaction_Id,\n\t\tQuantity_Received_In_Shipment,\n\t\tTransaction_Line_Id,\n\t\tMemo_Descr,\n\t\tSticker_Requirement_Descr,\n\t\tInner_Requirement_Descr,\n\t\tCustomer_Requirement_Descr,\n\t\tSales_Program_Descr,\n\t\tBuyer_Dept_descr,\n\t\tBuyer_Confirmed_On,\n\t\tDept_Program_Descr,\n\t\tProgram_Descr,\n\t\tCancelled_Descr,\n\t\tSticker_Requirement_Purchase_Descr,\n\t\tConfidence_Factor_Descr,\n\t\tLevel_Descr,\n\t\tFinal_Destination_Container,\n\t\tPrice_Sticker_Descr,\n\t\tCustomer_key,\n\t\tItem_key,\n\t\tSales_Rep_key,\n\t\tLocation_key,\n\t\tDocument_Nbr,\n\t\tPrice_Sticker_Id,\n\t\tPo_Nbr,\n\t\tRelease_Order_Nbr,\n\t\tCntnr_Nbr,\n\t\tEtd_Ship_Dt,\n\t\tShip_Outbound_Dt,\n\t\tCancel_Outbound_Dt,\n\t\tExpiration_Dt,\n\t\tEta_Arrival_Date,\n\t\tMonth_Ship_Dt,\n\t\tEtd_Dt,\n\t\tMonth_Etd_Dt,\n\t\tMs_Domestic_Ship_Date,\n\t\tMs_Domestic_Cancel_Date,\n\t\tItem_Qty,\n\t\tInner_Qty,\n\t\tRelease_Qty,\n\t\tItem_Unit_Price,\n\t\tAmount,\n\t\tDelete_Flg,\n\t\tCreate_Date,\n\t\tDate_Created,\n\t\tDate_Last_Modified_Gmt,\n\t\tClosed_Script\n\t),\n\tskipDuplicateMapInputs: true,\n\tskipDuplicateMapOutputs: true) ~> SelectReqdSourceColumns\nConditionalSplit@Insert derive(Created_By = 'ETL',\n\t\tCreated_Timestamp = currentTimestamp(),\n\t\tLast_Updated_By = 'ETL',\n\t\tLast_Update_Timestamp = currentTimestamp()) ~> DerAuditColumnInsert\nDerAuditColumnInsert select(mapColumn(\n\t\tTransaction_Id,\n\t\tQuantity_Received_In_Shipment,\n\t\tTransaction_Line_Id,\n\t\tMemo_Descr,\n\t\tSticker_Requirement_Descr,\n\t\tInner_Requirement_Descr,\n\t\tCustomer_Requirement_Descr,\n\t\tSales_Program_Descr,\n\t\tBuyer_Dept_descr,\n\t\tBuyer_Confirmed_On,\n\t\tDept_Program_Descr,\n\t\tProgram_Descr,\n\t\tCancelled_Descr,\n\t\tSticker_Requirement_Purchase_Descr,\n\t\tConfidence_Factor_Descr,\n\t\tLevel_Descr,\n\t\tFinal_Destination_Container,\n\t\tPrice_Sticker_Descr,\n\t\tCustomer_key,\n\t\tItem_key,\n\t\tSales_Rep_key,\n\t\tLocation_key,\n\t\tDocument_Nbr,\n\t\tPrice_Sticker_Id,\n\t\tPo_Nbr,\n\t\tRelease_Order_Nbr,\n\t\tCntnr_Nbr,\n\t\tEtd_Ship_Dt,\n\t\tShip_Outbound_Dt,\n\t\tCancel_Outbound_Dt,\n\t\tExpiration_Dt,\n\t\tEta_Arrival_Date,\n\t\tMonth_Ship_Dt,\n\t\tEtd_Dt,\n\t\tMonth_Etd_Dt,\n\t\tMs_Domestic_Ship_Date,\n\t\tMs_Domestic_Cancel_Date,\n\t\tItem_Qty,\n\t\tInner_Qty,\n\t\tRelease_Qty,\n\t\tItem_Unit_Price,\n\t\tAmount,\n\t\tDelete_Flg,\n\t\tCreate_Date,\n\t\tDate_Created,\n\t\tDate_Last_Modified_Gmt,\n\t\tCreated_By,\n\t\tCreated_Timestamp,\n\t\tLast_Updated_By,\n\t\tLast_Update_Timestamp,\n\t\tClosed_Script\n\t),\n\tskipDuplicateMapInputs: true,\n\tskipDuplicateMapOutputs: true) ~> SelectReqdInsert\nConditionalSplit@Update alterRow(updateIf(true())) ~> AlterRow1\nDerivedAuditColumnUpd select(mapColumn(\n\t\tTransaction_Id,\n\t\tQuantity_Received_In_Shipment,\n\t\tSales_Estimate_key = Tgt_Sales_Estimate_key,\n\t\tTransaction_Line_Id,\n\t\tMemo_Descr,\n\t\tSticker_Requirement_Descr,\n\t\tInner_Requirement_Descr,\n\t\tCustomer_Requirement_Descr,\n\t\tSales_Program_Descr,\n\t\tBuyer_Dept_descr,\n\t\tBuyer_Confirmed_On,\n\t\tDept_Program_Descr,\n\t\tProgram_Descr,\n\t\tCancelled_Descr,\n\t\tSticker_Requirement_Purchase_Descr,\n\t\tConfidence_Factor_Descr,\n\t\tLevel_Descr,\n\t\tFinal_Destination_Container,\n\t\tPrice_Sticker_Descr,\n\t\tCustomer_key,\n\t\tItem_key,\n\t\tSales_Rep_key,\n\t\tLocation_key,\n\t\tDocument_Nbr,\n\t\tPrice_Sticker_Id,\n\t\tPo_Nbr,\n\t\tRelease_Order_Nbr,\n\t\tCntnr_Nbr,\n\t\tEtd_Ship_Dt,\n\t\tShip_Outbound_Dt,\n\t\tCancel_Outbound_Dt,\n\t\tExpiration_Dt,\n\t\tEta_Arrival_Date,\n\t\tMonth_Ship_Dt,\n\t\tEtd_Dt,\n\t\tMonth_Etd_Dt,\n\t\tMs_Domestic_Ship_Date,\n\t\tMs_Domestic_Cancel_Date,\n\t\tItem_Qty,\n\t\tInner_Qty,\n\t\tRelease_Qty,\n\t\tItem_Unit_Price,\n\t\tAmount,\n\t\tDelete_Flg,\n\t\tCreate_Date,\n\t\tDate_Created,\n\t\tDate_Last_Modified_Gmt,\n\t\tLast_Updated_By,\n\t\tLast_Update_Timestamp,\n\t\tClosed_Script\n\t),\n\tskipDuplicateMapInputs: true,\n\tskipDuplicateMapOutputs: true) ~> SelectReqdUpd\nAlterRow1 derive(Last_Updated_By = 'ETL',\n\t\tLast_Update_Timestamp = currentTimestamp()) ~> DerivedAuditColumnUpd\nSelectReqdInsert sink(allowSchemaDrift: true,\n\tvalidateSchema: false,\n\tinput(\n\t\tSales_Estimate_key as integer,\n\t\tTransaction_Id as integer,\n\t\tTransaction_Line_Id as integer,\n\t\tMemo_Descr as string,\n\t\tSticker_Requirement_Descr as string,\n\t\tInner_Requirement_Descr as string,\n\t\tCustomer_Requirement_Descr as string,\n\t\tSales_Program_Descr as string,\n\t\tBuyer_Dept_Descr as string,\n\t\tBuyer_Confirmed_On as timestamp,\n\t\tDept_Program_Descr as string,\n\t\tProgram_Descr as string,\n\t\tCancelled_Descr as string,\n\t\tSticker_Requirement_Purchase_Descr as string,\n\t\tConfidence_Factor_Descr as string,\n\t\tLevel_Descr as string,\n\t\tFinal_Destination_Container as string,\n\t\tPrice_Sticker_Descr as string,\n\t\tCustomer_key as integer,\n\t\tItem_key as integer,\n\t\tSales_Rep_key as integer,\n\t\tLocation_key as integer,\n\t\tDocument_Nbr as string,\n\t\tPrice_Sticker_Id as decimal(19,2),\n\t\tPo_Nbr as integer,\n\t\tRelease_Order_Nbr as string,\n\t\tCntnr_nbr as string,\n\t\tEtd_Ship_Dt as string,\n\t\tShip_Outbound_Dt as string,\n\t\tCancel_Outbound_Dt as string,\n\t\tExpiration_Dt as timestamp,\n\t\tEta_Arrival_Date as string,\n\t\tMonth_Ship_Dt as string,\n\t\tEtd_Dt as timestamp,\n\t\tMonth_Etd_Dt as string,\n\t\tMs_Domestic_Ship_Date as timestamp,\n\t\tMs_Domestic_Cancel_Date as timestamp,\n\t\tQuantity_Received_In_Shipment as decimal(19,2),\n\t\tItem_Qty as decimal(19,2),\n\t\tInner_Qty as string,\n\t\tRelease_Qty as decimal(19,2),\n\t\tItem_Unit_Price as string,\n\t\tAmount as decimal(19,2),\n\t\tDelete_Flg as string,\n\t\tCreate_Date as timestamp,\n\t\tDate_Created as timestamp,\n\t\tDate_Last_Modified_Gmt as timestamp,\n\t\tCreated_By as string,\n\t\tCreated_Timestamp as timestamp,\n\t\tLast_Updated_By as string,\n\t\tLast_Update_Timestamp as timestamp,\n\t\tClosed_Script as string\n\t),\n\tformat: 'table',\n\tstore: 'synapseanalytics',\n\tschemaName: 'dw',\n\ttableName: 'FT_ESTIMATE',\n\tinsertable: true,\n\tupdateable: false,\n\tdeletable: false,\n\tupsertable: false,\n\tstaged: true,\n\tskipDuplicateMapInputs: true,\n\tskipDuplicateMapOutputs: true,\n\tsaveOrder: 1,\n\terrorHandlingOption: 'stopOnFirstError',\n\tmapColumn(\n\t\tTransaction_Id,\n\t\tTransaction_Line_Id,\n\t\tMemo_Descr,\n\t\tSticker_Requirement_Descr,\n\t\tInner_Requirement_Descr,\n\t\tCustomer_Requirement_Descr,\n\t\tSales_Program_Descr,\n\t\tBuyer_Dept_Descr = Buyer_Dept_descr,\n\t\tBuyer_Confirmed_On,\n\t\tDept_Program_Descr,\n\t\tProgram_Descr,\n\t\tCancelled_Descr,\n\t\tSticker_Requirement_Purchase_Descr,\n\t\tConfidence_Factor_Descr,\n\t\tLevel_Descr,\n\t\tFinal_Destination_Container,\n\t\tPrice_Sticker_Descr,\n\t\tCustomer_key,\n\t\tItem_key,\n\t\tSales_Rep_key,\n\t\tLocation_key,\n\t\tDocument_Nbr,\n\t\tPrice_Sticker_Id,\n\t\tPo_Nbr,\n\t\tRelease_Order_Nbr,\n\t\tCntnr_nbr = Cntnr_Nbr,\n\t\tEtd_Ship_Dt,\n\t\tShip_Outbound_Dt,\n\t\tCancel_Outbound_Dt,\n\t\tExpiration_Dt,\n\t\tEta_Arrival_Date,\n\t\tMonth_Ship_Dt,\n\t\tEtd_Dt,\n\t\tMonth_Etd_Dt,\n\t\tMs_Domestic_Ship_Date,\n\t\tMs_Domestic_Cancel_Date,\n\t\tItem_Qty,\n\t\tInner_Qty,\n\t\tRelease_Qty,\n\t\tItem_Unit_Price,\n\t\tAmount,\n\t\tDelete_Flg,\n\t\tCreate_Date,\n\t\tDate_Created,\n\t\tDate_Last_Modified_Gmt,\n\t\tCreated_By,\n\t\tCreated_Timestamp,\n\t\tLast_Updated_By,\n\t\tLast_Update_Timestamp,\n\t\tQuantity_Received_In_Shipment,\n\t\tClosed_Script\n\t)) ~> SinkFtEstimateInsert\nSelectReqdUpd sink(allowSchemaDrift: true,\n\tvalidateSchema: false,\n\tinput(\n\t\tSales_Estimate_key as integer,\n\t\tTransaction_Id as integer,\n\t\tTransaction_Line_Id as integer,\n\t\tMemo_Descr as string,\n\t\tSticker_Requirement_Descr as string,\n\t\tInner_Requirement_Descr as string,\n\t\tCustomer_Requirement_Descr as string,\n\t\tSales_Program_Descr as string,\n\t\tBuyer_Dept_Descr as string,\n\t\tBuyer_Confirmed_On as timestamp,\n\t\tDept_Program_Descr as string,\n\t\tProgram_Descr as string,\n\t\tCancelled_Descr as string,\n\t\tSticker_Requirement_Purchase_Descr as string,\n\t\tConfidence_Factor_Descr as string,\n\t\tLevel_Descr as string,\n\t\tFinal_Destination_Container as string,\n\t\tPrice_Sticker_Descr as string,\n\t\tCustomer_key as integer,\n\t\tItem_key as integer,\n\t\tSales_Rep_key as integer,\n\t\tLocation_key as integer,\n\t\tDocument_Nbr as string,\n\t\tPrice_Sticker_Id as decimal(19,2),\n\t\tPo_Nbr as integer,\n\t\tRelease_Order_Nbr as string,\n\t\tCntnr_nbr as string,\n\t\tEtd_Ship_Dt as string,\n\t\tShip_Outbound_Dt as string,\n\t\tCancel_Outbound_Dt as string,\n\t\tExpiration_Dt as timestamp,\n\t\tEta_Arrival_Date as string,\n\t\tMonth_Ship_Dt as string,\n\t\tEtd_Dt as timestamp,\n\t\tMonth_Etd_Dt as string,\n\t\tMs_Domestic_Ship_Date as timestamp,\n\t\tMs_Domestic_Cancel_Date as timestamp,\n\t\tQuantity_Received_In_Shipment as decimal(19,2),\n\t\tItem_Qty as decimal(19,2),\n\t\tInner_Qty as string,\n\t\tRelease_Qty as decimal(19,2),\n\t\tItem_Unit_Price as string,\n\t\tAmount as decimal(19,2),\n\t\tDelete_Flg as string,\n\t\tCreate_Date as timestamp,\n\t\tDate_Created as timestamp,\n\t\tDate_Last_Modified_Gmt as timestamp,\n\t\tCreated_By as string,\n\t\tCreated_Timestamp as timestamp,\n\t\tLast_Updated_By as string,\n\t\tLast_Update_Timestamp as timestamp,\n\t\tClosed_Script as string\n\t),\n\tformat: 'table',\n\tstore: 'synapseanalytics',\n\tschemaName: 'dw',\n\ttableName: 'FT_ESTIMATE',\n\tpreSQLs:['SET IDENTITY_INSERT dw.FT_ESTIMATE ON'],\n\tinsertable: true,\n\tupdateable: true,\n\tdeletable: false,\n\tupsertable: false,\n\tkeys:['Sales_Estimate_key'],\n\tpostSQLs:['SET IDENTITY_INSERT dw.FT_ESTIMATE OFF;\\n\\n\\n\\n'],\n\tstaged: true,\n\tskipDuplicateMapOutputs: true,\n\tsaveOrder: 2,\n\terrorHandlingOption: 'stopOnFirstError',\n\tmapColumn(\n\t\tSales_Estimate_key,\n\t\tTransaction_Id,\n\t\tTransaction_Line_Id,\n\t\tMemo_Descr,\n\t\tSticker_Requirement_Descr,\n\t\tInner_Requirement_Descr,\n\t\tCustomer_Requirement_Descr,\n\t\tSales_Program_Descr,\n\t\tBuyer_Dept_Descr = Buyer_Dept_descr,\n\t\tBuyer_Confirmed_On,\n\t\tDept_Program_Descr,\n\t\tProgram_Descr,\n\t\tCancelled_Descr,\n\t\tSticker_Requirement_Purchase_Descr,\n\t\tConfidence_Factor_Descr,\n\t\tLevel_Descr,\n\t\tFinal_Destination_Container,\n\t\tPrice_Sticker_Descr,\n\t\tCustomer_key,\n\t\tItem_key,\n\t\tSales_Rep_key,\n\t\tLocation_key,\n\t\tDocument_Nbr,\n\t\tPrice_Sticker_Id,\n\t\tPo_Nbr,\n\t\tRelease_Order_Nbr,\n\t\tCntnr_nbr = Cntnr_Nbr,\n\t\tEtd_Ship_Dt,\n\t\tShip_Outbound_Dt,\n\t\tCancel_Outbound_Dt,\n\t\tExpiration_Dt,\n\t\tEta_Arrival_Date,\n\t\tMonth_Ship_Dt,\n\t\tEtd_Dt,\n\t\tMonth_Etd_Dt,\n\t\tMs_Domestic_Ship_Date,\n\t\tMs_Domestic_Cancel_Date,\n\t\tItem_Qty,\n\t\tInner_Qty,\n\t\tRelease_Qty,\n\t\tItem_Unit_Price,\n\t\tAmount,\n\t\tDelete_Flg,\n\t\tCreate_Date,\n\t\tDate_Created,\n\t\tDate_Last_Modified_Gmt,\n\t\tLast_Updated_By,\n\t\tLast_Update_Timestamp,\n\t\tQuantity_Received_In_Shipment,\n\t\tClosed_Script\n\t)) ~> SinkFTEstimateUpdate"
		}
	}
}