{
	"name": "Purchaseorder_release_order_nbr",
	"properties": {
		"type": "MappingDataFlow",
		"typeProperties": {
			"sources": [
				{
					"linkedService": {
						"referenceName": "LsAzureDb",
						"type": "LinkedServiceReference"
					},
					"name": "SrcEdlEstimate"
				},
				{
					"linkedService": {
						"referenceName": "LsAzureDb",
						"type": "LinkedServiceReference"
					},
					"name": "SrcDmLocation"
				},
				{
					"linkedService": {
						"referenceName": "LsAzureDb",
						"type": "LinkedServiceReference"
					},
					"name": "SrcDmProduct"
				},
				{
					"linkedService": {
						"referenceName": "LsAzureDb",
						"type": "LinkedServiceReference"
					},
					"name": "SrcDmCustomer"
				},
				{
					"linkedService": {
						"referenceName": "LsAzureDb",
						"type": "LinkedServiceReference"
					},
					"name": "SrcDmSalesReps"
				}
			],
			"sinks": [
				{
					"linkedService": {
						"referenceName": "LsAzureDb",
						"type": "LinkedServiceReference"
					},
					"name": "sinkStgPurchaseorder"
				}
			],
			"transformations": [
				{
					"name": "DerReqdColumns"
				},
				{
					"name": "SelectReqdLocation"
				},
				{
					"name": "JoinLocations"
				},
				{
					"name": "DerMonthETd"
				},
				{
					"name": "JoinCustomers"
				},
				{
					"name": "JoinItems"
				},
				{
					"name": "JoinSalesRep"
				},
				{
					"name": "SelectReqdColumns"
				},
				{
					"name": "SelectReqd"
				},
				{
					"name": "SelectReqdProduct"
				},
				{
					"name": "SelectCustomers"
				},
				{
					"name": "SelectSalesReps"
				},
				{
					"name": "DerivedId"
				},
				{
					"name": "SelectReqdSrc"
				}
			],
			"script": "source(output(\n\t\tPurchase_Purchase_Order_key as integer,\n\t\tPurchase_Transaction_Id as integer,\n\t\tPurchase_Transaction_Line_Id as integer,\n\t\tEstimate_Estimate_Key as integer,\n\t\tEstimate_Transaction_Id as integer,\n\t\tEstimate_Transaction_Line_Id as integer,\n\t\tEstimate_Memo as string,\n\t\tEstimate_Sticker_Requirements as string,\n\t\tEstimate_Inner_Requirements as string,\n\t\tEstimate_Customer_Requirements as string,\n\t\tEstimate_Sales_Program as string,\n\t\tEstimate_Buyer_Dept as string,\n\t\tEstimate_Buyer_Confirmed_On as timestamp,\n\t\tEstimate_Dept_Program as string,\n\t\tEstimate_Program_0 as string,\n\t\tEstimate_Cancelled as string,\n\t\tEstimate_Confidence_Factor_Id as integer,\n\t\tEstimate_Company_Id as integer,\n\t\tEstimate_Item_Id as integer,\n\t\tEstimate_Location_Id as integer,\n\t\tEstimate_Sales_Rep_Id as integer,\n\t\tEstimate_TranId as string,\n\t\tEstimate_Price_Sticker_Id as integer,\n\t\tEstimate_Po as string,\n\t\tEstimate_Release_Order_Number as string,\n\t\tEstimate_Cntnr_ as string,\n\t\tEstimate_Etd_Ship_Date as string,\n\t\tEstimate_Ship_Date_Outbound as string,\n\t\tEstimate_Cancel_Date_Outbound as string,\n\t\tEstimate_Expiration_Date as timestamp,\n\t\tEstimate_Item_Count as integer,\n\t\tEstimate_Inner_Qty as string,\n\t\tEstimate_Release_Quantity as string,\n\t\tEstimate_Quantity_Received_In_Shipment as decimal(19,2),\n\t\tEstimate_Item_Unit_Price as string,\n\t\tEstimate_Amount as decimal(19,2),\n\t\tEstimate_Eta_Arrival_Date as string,\n\t\tEstimate_Delete_Flag as string,\n\t\tEstimate_Active_Flag as string,\n\t\tEstimate_Create_Date as timestamp,\n\t\tEstimate_Date_Created as timestamp,\n\t\tEstimate_Date_Last_Modified_Gmt as timestamp,\n\t\tEstimate_Created_By as string,\n\t\tEstimate_Created_Timestamp as timestamp,\n\t\tEstimate_Last_Updated_By as string,\n\t\tEstimate_Last_Update_Timestamp as timestamp,\n\t\tEstimate_Closed_Script as string\n\t),\n\tallowSchemaDrift: true,\n\tvalidateSchema: false,\n\tformat: 'query',\n\tstore: 'synapseanalytics',\n\tquery: ' select\\n a.Purchase_Order_key As Purchase_Purchase_Order_key\\n,a.Transaction_Id As Purchase_Transaction_Id\\n,a.Transaction_Line_Id As Purchase_Transaction_Line_Id\\n\\n,b.Estimate_Key As Estimate_Estimate_Key\\n,b.Transaction_Id As Estimate_Transaction_Id\\n,b.Transaction_Line_Id As Estimate_Transaction_Line_Id\\n,b.Memo As Estimate_Memo\\n,b.Sticker_Requirements As Estimate_Sticker_Requirements\\n,b.Inner_Requirements As Estimate_Inner_Requirements\\n,b.Customer_Requirements As Estimate_Customer_Requirements\\n,b.Sales_Program As Estimate_Sales_Program\\n,b.Buyer_Dept As Estimate_Buyer_Dept\\n,b.Buyer_Confirmed_On As Estimate_Buyer_Confirmed_On\\n,b.Dept_Program As Estimate_Dept_Program\\n,b.Program_0 As Estimate_Program_0\\n,b.Cancelled As Estimate_Cancelled\\n,b.Confidence_Factor_Id As Estimate_Confidence_Factor_Id\\n,b.Company_Id As Estimate_Company_Id\\n,b.Item_Id As Estimate_Item_Id\\n,b.Location_Id As Estimate_Location_Id\\n,b.Sales_Rep_Id As Estimate_Sales_Rep_Id\\n,b.TranId As Estimate_TranId\\n,b.Price_Sticker_Id As Estimate_Price_Sticker_Id\\n,b.Po As Estimate_Po\\n,b.Release_Order_Number As Estimate_Release_Order_Number\\n,b.Cntnr_ As Estimate_Cntnr_\\n,b.Etd_Ship_Date As Estimate_Etd_Ship_Date\\n,b.Ship_Date_Outbound As Estimate_Ship_Date_Outbound\\n,b.Cancel_Date_Outbound As Estimate_Cancel_Date_Outbound\\n,b.Expiration_Date As Estimate_Expiration_Date\\n,b.Item_Count As Estimate_Item_Count\\n,b.Inner_Qty As Estimate_Inner_Qty\\n,b.Release_Quantity As Estimate_Release_Quantity\\n,b.Quantity_Received_In_Shipment As Estimate_Quantity_Received_In_Shipment\\n,b.Item_Unit_Price As Estimate_Item_Unit_Price\\n,b.Amount As Estimate_Amount\\n,b.Eta_Arrival_Date As Estimate_Eta_Arrival_Date\\n,b.Delete_Flag As Estimate_Delete_Flag\\n,b.Active_Flag As Estimate_Active_Flag\\n,b.Create_Date As Estimate_Create_Date\\n,b.Date_Created As Estimate_Date_Created\\n,b.Date_Last_Modified_Gmt As Estimate_Date_Last_Modified_Gmt\\n,b.Created_By As Estimate_Created_By\\n,b.Created_Timestamp As Estimate_Created_Timestamp\\n,b.Last_Updated_By As Estimate_Last_Updated_By\\n,b.Last_Update_Timestamp As Estimate_Last_Update_Timestamp\\n,b.Closed_Script As Estimate_Closed_Script\\n\\nfrom [dw].[Ft_Purchaseorder] a,[edl].[Edl_Estimate] b\\n\twhere a.transaction_id=b.transaction_id\\n\tand a.transaction_line_id=b.transaction_line_id\\nand isnull(a.release_order_nbr,\\'UNKNOWN\\') != isnull(b.release_order_number,\\'UNKNOWN\\') ',\n\tisolationLevel: 'READ_UNCOMMITTED',\n\tstaged: true) ~> SrcEdlEstimate\nsource(output(\n\t\tLocation_Key as integer,\n\t\tLocation_Id as integer,\n\t\tLocation_Name as string,\n\t\tLocation_Country as string,\n\t\tLocation_City as string,\n\t\tLocation_State as string,\n\t\tLocation_Zipcode as string,\n\t\tDate_Last_Modified as timestamp,\n\t\tDelete_Flg as string,\n\t\tCreated_By as string,\n\t\tCreated_Timestamp as timestamp,\n\t\tLast_Updated_By as string,\n\t\tLast_Update_Timestamp as timestamp\n\t),\n\tallowSchemaDrift: true,\n\tvalidateSchema: false,\n\tformat: 'table',\n\tstore: 'synapseanalytics',\n\tschemaName: 'dw',\n\ttableName: 'Dm_Location',\n\tisolationLevel: 'READ_UNCOMMITTED',\n\tstaged: true) ~> SrcDmLocation\nsource(output(\n\t\tItem_Key as integer,\n\t\tItem_Id as integer,\n\t\tItem_Descr as string,\n\t\tBrand_Descr as string,\n\t\tArtwork_Descr as string,\n\t\tColor_Descr as string,\n\t\tPackage_Type_Descr as string,\n\t\tSpecial_Req_Descr as string,\n\t\tCase_Pack_Descr as decimal(19,2),\n\t\tFull_Name_Descr as string,\n\t\tDisplay_Name_Descr as string,\n\t\tAccount_Manager_Name as string,\n\t\tBrand_Name as string,\n\t\tBrand_Manager_Name as string,\n\t\tItem_Status_Descr as string,\n\t\tItem_Type_Descr as string,\n\t\tMaker_Name as string,\n\t\tProduct_Manager_Name as string,\n\t\tMaster_Carton_Req_Descr as string,\n\t\tTrade_Partner_Name as string,\n\t\tPart_Of_Assembly_Item as string,\n\t\tType_Name as string,\n\t\tTrade_Partner_Cd as string,\n\t\tVendor_Name as string,\n\t\tUPC_Nbr as string,\n\t\tOn_Hand_Quantity as decimal(19,2),\n\t\tSSCC14_Nbr as string,\n\t\tMaster_Carton_Item_Nbr as string,\n\t\tCreate_Date as timestamp,\n\t\tDate_Last_Modified as timestamp,\n\t\tDelete_Flg as string,\n\t\tCreated_By as string,\n\t\tCreated_Timestamp as timestamp,\n\t\tLast_Updated_By as string,\n\t\tLast_Update_Timestamp as timestamp\n\t),\n\tallowSchemaDrift: true,\n\tvalidateSchema: false,\n\tformat: 'table',\n\tstore: 'synapseanalytics',\n\tschemaName: 'dw',\n\ttableName: 'Dm_product',\n\tisolationLevel: 'READ_UNCOMMITTED',\n\tstaged: true) ~> SrcDmProduct\nsource(output(\n\t\tCustomer_Key as integer,\n\t\tCustomer_Id as integer,\n\t\tCompany_Name as string,\n\t\tDelete_Flg as string,\n\t\tCreate_Date as timestamp,\n\t\tDate_Last_Modified as timestamp,\n\t\tCreated_By as string,\n\t\tCreated_Timestamp as timestamp,\n\t\tLast_Updated_By as string,\n\t\tLast_Update_Timestamp as timestamp\n\t),\n\tallowSchemaDrift: true,\n\tvalidateSchema: false,\n\tformat: 'table',\n\tstore: 'synapseanalytics',\n\tschemaName: 'dw',\n\ttableName: 'dm_customer',\n\tisolationLevel: 'READ_UNCOMMITTED',\n\tstaged: true) ~> SrcDmCustomer\nsource(output(\n\t\tSales_Rep_key as integer,\n\t\tSales_Rep_Id as integer,\n\t\tSales_Rep_Name as string,\n\t\tSales_Rep_Address as string,\n\t\tSales_Rep_City as string,\n\t\tSales_Rep_Country as string,\n\t\tSales_Rep_Email as string,\n\t\tSales_Rep_Loginaccess as string,\n\t\tSales_Rep_Phone as string,\n\t\tCreate_Date as timestamp,\n\t\tDate_Last_Modified as timestamp,\n\t\tDelete_Flg as string,\n\t\tCreated_By as string,\n\t\tCreated_Timestamp as timestamp,\n\t\tLast_Updated_By as string,\n\t\tLast_Update_Timestamp as timestamp\n\t),\n\tallowSchemaDrift: true,\n\tvalidateSchema: false,\n\tformat: 'table',\n\tstore: 'synapseanalytics',\n\tschemaName: 'dw',\n\ttableName: 'Dm_Salesrep',\n\tisolationLevel: 'READ_UNCOMMITTED',\n\tstaged: true) ~> SrcDmSalesReps\nSelectReqdColumns derive(ETD_dt = iif(\r\n    like(Location_Name,'%DotCom Distribution - Edison NJ%'), subDays(toDate(Ship_Date_Outbound,'MM/dd/yy', 'en-US'),66),\r\n    iif(like(Location_Name,'%Berkley%'), subDays(toDate(Ship_Date_Outbound,'MM/dd/yy', 'en-US'),59),\r\n    iif(like(Location_Name,'%POE China%'), subDays(toDate(Ship_Date_Outbound,'MM/dd/yy', 'en-US'),14),\r\n    iif(like(Location_Name,'%POE OAK%'), subDays(toDate(Ship_Date_Outbound,'MM/dd/yy', 'en-US'),59),\r\n    iif(like(Location_Name,'%POE Vietnam%'), subDays(toDate(Ship_Date_Outbound,'MM/dd/yy', 'en-US'),14)\r\n    ,subDays(toDate(Ship_Date_Outbound,'MM/dd/yy', 'en-US'),45)\r\n\r\n))))),\n\t\tItem_Count = abs(Item_Count),\n\t\tAmount = abs(Amount),\n\t\tEtd_Ship_Date = toString(toDate(Etd_Ship_Date,'MM/dd/yy')),\n\t\tMonth_Ship_dt = toString(year(toDate(Ship_Date_Outbound ,'MM/dd/yyyy', 'en-US')))+'-'+toString(month(toDate(Ship_Date_Outbound,'MM/dd/yyyy', 'en-US'))),\n\t\tMS_Domestic_Ship_Date = iif(\r\n    like(Location_Name,'%POE China%'), addDays(toDate(Etd_Ship_Date,'MM/dd/yy', 'en-US'),0),\r\n    iif(like(Location_Name,'%POE China 1%'), addDays(toDate(Etd_Ship_Date,'MM/dd/yy', 'en-US'),0),\r\n\tiif(like(Location_Name,'%POE Guanzhou%'), addDays(toDate(Etd_Ship_Date,'MM/dd/yy', 'en-US'),0),\r\n\tiif(like(Location_Name,'%POE Ningbo%'), addDays(toDate(Etd_Ship_Date,'MM/dd/yy', 'en-US'),0),\r\n\tiif(like(Location_Name,'%POE Shantou%'), addDays(toDate(Etd_Ship_Date,'MM/dd/yy', 'en-US'),0),\r\n\tiif(like(Location_Name,'%POE Shenzhen%'), addDays(toDate(Etd_Ship_Date,'MM/dd/yy', 'en-US'),0),\r\n\tiif(like(Location_Name,'%POE Toronto%'), addDays(toDate(Etd_Ship_Date,'MM/dd/yy', 'en-US'),0),\r\n\tiif(like(Location_Name,'%POE Vietnam%'), addDays(toDate(Etd_Ship_Date,'MM/dd/yy', 'en-US'),0),\r\n\tiif(like(Location_Name,'%POE Xiamen%'), addDays(toDate(Etd_Ship_Date,'MM/dd/yy', 'en-US'),0),\r\n\tiif(like(Location_Name,'%Sinotrans - Shenzhen%'), addDays(toDate(Etd_Ship_Date,'MM/dd/yy', 'en-US'),0),\r\n\t\r\n\tiif(like(Location_Name,'%POE LA/LB%'), addDays(toDate(Etd_Ship_Date,'MM/dd/yy', 'en-US'),30),\r\n\t\r\n\tiif(like(Location_Name,'%POE - Chicago%'), addDays(toDate(Etd_Ship_Date,'MM/dd/yy', 'en-US'),40),\r\n\tiif(like(Location_Name,'%POE Charleston%'), addDays(toDate(Etd_Ship_Date,'MM/dd/yy', 'en-US'),40),\r\n\tiif(like(Location_Name,'%POE NY/NJ%'), addDays(toDate(Etd_Ship_Date,'MM/dd/yy', 'en-US'),40),\r\n\tiif(like(Location_Name,'%POE OAK%'), addDays(toDate(Etd_Ship_Date,'MM/dd/yy', 'en-US'),40),\r\n\tiif(like(Location_Name,'%POE SAV%'), addDays(toDate(Etd_Ship_Date,'MM/dd/yy', 'en-US'),40),\r\n\t\r\n\tiif(like(Location_Name,'%Berkley%'), addDays(toDate(Etd_Ship_Date,'MM/dd/yy', 'en-US'),55),\r\n\tiif(like(Location_Name,'%California Multimodal, LLC%'), addDays(toDate(Etd_Ship_Date,'MM/dd/yy', 'en-US'),55),\r\n\tiif(like(Location_Name,'%DotCom Distribution - Edison NJ%'), addDays(toDate(Etd_Ship_Date,'MM/dd/yy', 'en-US'),55),\r\n\tiif(like(Location_Name,'%eCommerce%'), addDays(toDate(Etd_Ship_Date,'MM/dd/yy', 'en-US'),55),\r\n\tiif(like(Location_Name,'%eCommerce - Available%'), addDays(toDate(Etd_Ship_Date,'MM/dd/yy', 'en-US'),55),\r\n\tiif(like(Location_Name,'%eCommerce - Motivational%'), addDays(toDate(Etd_Ship_Date,'MM/dd/yy', 'en-US'),55),\r\n\tiif(like(Location_Name,'%Fitzmark%'), addDays(toDate(Etd_Ship_Date,'MM/dd/yy', 'en-US'),55),\r\n\tiif(like(Location_Name,'%Flex Logistics, Inc.%'), addDays(toDate(Etd_Ship_Date,'MM/dd/yy', 'en-US'),55),\r\n\tiif(like(Location_Name,'%Foothill Ranch%'), addDays(toDate(Etd_Ship_Date,'MM/dd/yy', 'en-US'),55),\r\n\tiif(like(Location_Name,'%Hanover%'), addDays(toDate(Etd_Ship_Date,'MM/dd/yy', 'en-US'),55),\r\n\tiif(like(Location_Name,'%Irvine%'), addDays(toDate(Etd_Ship_Date,'MM/dd/yy', 'en-US'),55),\r\n\tiif(like(Location_Name,'%Mainfreight Inc.%'), addDays(toDate(Etd_Ship_Date,'MM/dd/yy', 'en-US'),55),\r\n\tiif(like(Location_Name,'%Motivational%'), addDays(toDate(Etd_Ship_Date,'MM/dd/yy', 'en-US'),55),\r\n\tiif(like(Location_Name,'%Motivational Fern%'), addDays(toDate(Etd_Ship_Date,'MM/dd/yy', 'en-US'),55),\r\n\tiif(like(Location_Name,'%Motivational Mountain%'), addDays(toDate(Etd_Ship_Date,'MM/dd/yy', 'en-US'),55),\r\n\tiif(like(Location_Name,'%OC Arc%'), addDays(toDate(Etd_Ship_Date,'MM/dd/yy', 'en-US'),55),\r\n\tiif(like(Location_Name,'%Pacer Distribution Services, In%'), addDays(toDate(Etd_Ship_Date,'MM/dd/yy', 'en-US'),55),\r\n\tiif(like(Location_Name,'%Pacific%'), addDays(toDate(Etd_Ship_Date,'MM/dd/yy', 'en-US'),55),\r\n\tiif(like(Location_Name,'%Savannah GA%'), addDays(toDate(Etd_Ship_Date,'MM/dd/yy', 'en-US'),55),\r\n\tiif(like(Location_Name,'%St. George Logistics%'), addDays(toDate(Etd_Ship_Date,'MM/dd/yy', 'en-US'),55),\r\n\tiif(like(Location_Name,'%St. George Logistics Fontana%'), addDays(toDate(Etd_Ship_Date,'MM/dd/yy', 'en-US'),55),\r\n\tiif(like(Location_Name,'%States Logistics Services%'), addDays(toDate(Etd_Ship_Date,'MM/dd/yy', 'en-US'),55),\r\n\tiif(like(Location_Name,'%TriPAQ - Ontario CA%'), addDays(toDate(Etd_Ship_Date,'MM/dd/yy', 'en-US'),55),\r\n\tiif(like(Location_Name,'%Universal Wilkes Co. Inc.%'), addDays(toDate(Etd_Ship_Date,'MM/dd/yy', 'en-US'),55),\r\n\tiif(like(Location_Name,'%Universal Wilkes Inc. Chino%'), addDays(toDate(Etd_Ship_Date,'MM/dd/yy', 'en-US'),55),\r\n\tiif(like(Location_Name,'%World Pack%'), addDays(toDate(Etd_Ship_Date,'MM/dd/yy', 'en-US'),55),\r\n\tiif(like(Location_Name,'%World Pack Irwindale%'), addDays(toDate(Etd_Ship_Date,'MM/dd/yy', 'en-US'),55),\r\n\tiif(like(Location_Name,'%GADC%'), addDays(toDate(Etd_Ship_Date,'MM/dd/yy', 'en-US'),55)\r\n    ,toDate('')\r\n\r\n)))))))))))))))))))))))))))))))))))))))))))),\n\t\tMS_Domestic_Cancel_Date = iif(\r\n    like(Location_Name,'%POE China%'), addDays(toDate(Etd_Ship_Date,'MM/dd/yy', 'en-US'),0),\r\n    iif(like(Location_Name,'%POE China 1%'), addDays(toDate(Etd_Ship_Date,'MM/dd/yy', 'en-US'),0),\r\n\tiif(like(Location_Name,'%POE Guanzhou%'), addDays(toDate(Etd_Ship_Date,'MM/dd/yy', 'en-US'),0),\r\n\tiif(like(Location_Name,'%POE Ningbo%'), addDays(toDate(Etd_Ship_Date,'MM/dd/yy', 'en-US'),0),\r\n\tiif(like(Location_Name,'%POE Shantou%'), addDays(toDate(Etd_Ship_Date,'MM/dd/yy', 'en-US'),0),\r\n\tiif(like(Location_Name,'%POE Shenzhen%'), addDays(toDate(Etd_Ship_Date,'MM/dd/yy', 'en-US'),0),\r\n\tiif(like(Location_Name,'%POE Toronto%'), addDays(toDate(Etd_Ship_Date,'MM/dd/yy', 'en-US'),0),\r\n\tiif(like(Location_Name,'%POE Vietnam%'), addDays(toDate(Etd_Ship_Date,'MM/dd/yy', 'en-US'),0),\r\n\tiif(like(Location_Name,'%POE Xiamen%'), addDays(toDate(Etd_Ship_Date,'MM/dd/yy', 'en-US'),0),\r\n\tiif(like(Location_Name,'%Sinotrans - Shenzhen%'), addDays(toDate(Etd_Ship_Date,'MM/dd/yy', 'en-US'),0),\r\n\t\r\n\tiif(like(Location_Name,'%POE LA/LB%'), addDays(toDate(Etd_Ship_Date,'MM/dd/yy', 'en-US'),45),\r\n\t\r\n\tiif(like(Location_Name,'%POE - Chicago%'), addDays(toDate(Etd_Ship_Date,'MM/dd/yy', 'en-US'),55),\r\n\tiif(like(Location_Name,'%POE Charleston%'), addDays(toDate(Etd_Ship_Date,'MM/dd/yy', 'en-US'),55),\r\n\tiif(like(Location_Name,'%POE NY/NJ%'), addDays(toDate(Etd_Ship_Date,'MM/dd/yy', 'en-US'),55),\r\n\tiif(like(Location_Name,'%POE OAK%'), addDays(toDate(Etd_Ship_Date,'MM/dd/yy', 'en-US'),55),\r\n\tiif(like(Location_Name,'%POE SAV%'), addDays(toDate(Etd_Ship_Date,'MM/dd/yy', 'en-US'),55),\r\n\t\r\n\tiif(like(Location_Name,'%Berkley%'), addDays(toDate(Etd_Ship_Date,'MM/dd/yy', 'en-US'),60),\r\n\tiif(like(Location_Name,'%California Multimodal, LLC%'), addDays(toDate(Etd_Ship_Date,'MM/dd/yy', 'en-US'),60),\r\n\tiif(like(Location_Name,'%DotCom Distribution - Edison NJ%'), addDays(toDate(Etd_Ship_Date,'MM/dd/yy', 'en-US'),60),\r\n\tiif(like(Location_Name,'%eCommerce%'), addDays(toDate(Etd_Ship_Date,'MM/dd/yy', 'en-US'),60),\r\n\tiif(like(Location_Name,'%eCommerce - Available%'), addDays(toDate(Etd_Ship_Date,'MM/dd/yy', 'en-US'),60),\r\n\tiif(like(Location_Name,'%eCommerce - Motivational%'), addDays(toDate(Etd_Ship_Date,'MM/dd/yy', 'en-US'),60),\r\n\tiif(like(Location_Name,'%Fitzmark%'), addDays(toDate(Etd_Ship_Date,'MM/dd/yy', 'en-US'),60),\r\n\tiif(like(Location_Name,'%Flex Logistics, Inc.%'), addDays(toDate(Etd_Ship_Date,'MM/dd/yy', 'en-US'),60),\r\n\tiif(like(Location_Name,'%Foothill Ranch%'), addDays(toDate(Etd_Ship_Date,'MM/dd/yy', 'en-US'),60),\r\n\tiif(like(Location_Name,'%Hanover%'), addDays(toDate(Etd_Ship_Date,'MM/dd/yy', 'en-US'),60),\r\n\tiif(like(Location_Name,'%Irvine%'), addDays(toDate(Etd_Ship_Date,'MM/dd/yy', 'en-US'),60),\r\n\tiif(like(Location_Name,'%Mainfreight Inc.%'), addDays(toDate(Etd_Ship_Date,'MM/dd/yy', 'en-US'),60),\r\n\tiif(like(Location_Name,'%Motivational%'), addDays(toDate(Etd_Ship_Date,'MM/dd/yy', 'en-US'),60),\r\n\tiif(like(Location_Name,'%Motivational Fern%'), addDays(toDate(Etd_Ship_Date,'MM/dd/yy', 'en-US'),60),\r\n\tiif(like(Location_Name,'%Motivational Mountain%'), addDays(toDate(Etd_Ship_Date,'MM/dd/yy', 'en-US'),60),\r\n\tiif(like(Location_Name,'%OC Arc%'), addDays(toDate(Etd_Ship_Date,'MM/dd/yy', 'en-US'),60),\r\n\tiif(like(Location_Name,'%Pacer Distribution Services, In%'), addDays(toDate(Etd_Ship_Date,'MM/dd/yy', 'en-US'),60),\r\n\tiif(like(Location_Name,'%Pacific%'), addDays(toDate(Etd_Ship_Date,'MM/dd/yy', 'en-US'),60),\r\n\tiif(like(Location_Name,'%Savannah GA%'), addDays(toDate(Etd_Ship_Date,'MM/dd/yy', 'en-US'),60),\r\n\tiif(like(Location_Name,'%St. George Logistics%'), addDays(toDate(Etd_Ship_Date,'MM/dd/yy', 'en-US'),60),\r\n\tiif(like(Location_Name,'%St. George Logistics Fontana%'), addDays(toDate(Etd_Ship_Date,'MM/dd/yy', 'en-US'),60),\r\n\tiif(like(Location_Name,'%States Logistics Services%'), addDays(toDate(Etd_Ship_Date,'MM/dd/yy', 'en-US'),60),\r\n\tiif(like(Location_Name,'%TriPAQ - Ontario CA%'), addDays(toDate(Etd_Ship_Date,'MM/dd/yy', 'en-US'),60),\r\n\tiif(like(Location_Name,'%Universal Wilkes Co. Inc.%'), addDays(toDate(Etd_Ship_Date,'MM/dd/yy', 'en-US'),60),\r\n\tiif(like(Location_Name,'%Universal Wilkes Inc. Chino%'), addDays(toDate(Etd_Ship_Date,'MM/dd/yy', 'en-US'),60),\r\n\tiif(like(Location_Name,'%World Pack%'), addDays(toDate(Etd_Ship_Date,'MM/dd/yy', 'en-US'),60),\r\n\tiif(like(Location_Name,'%World Pack Irwindale%'), addDays(toDate(Etd_Ship_Date,'MM/dd/yy', 'en-US'),60),\r\n\tiif(like(Location_Name,'%GADC%'), addDays(toDate(Etd_Ship_Date,'MM/dd/yy', 'en-US'),60)\r\n    ,toDate('')\r\n\r\n)))))))))))))))))))))))))))))))))))))))))))),\n\t\tSticker_Requirement_Purchase_descr = iif(\r\n    isNull(Sticker_Requirements), 'No Stickers', iif(isNull(Inner_Requirements),concat(Sticker_Requirements,'-',Customer_Requirements),\r\n    iif(isNull(Customer_Requirements),concat(Sticker_Requirements,'-',Inner_Requirements),concat(Sticker_Requirements,'-',Inner_Requirements,'-',Customer_Requirements)))),\n\t\tConfidence_Factor_descr = iif(toString(Confidence_Factor_Id)=='1','25%',\r\niif(toString(Confidence_Factor_Id)=='2','50%',\r\niif(toString(Confidence_Factor_Id)=='3','75%',\r\niif(toString(Confidence_Factor_Id)=='4','90%',\r\niif(toString(Confidence_Factor_Id)=='5','Dropped',\r\niif(toString(Confidence_Factor_Id)=='6','Actual',\r\niif(toString(Confidence_Factor_Id)=='7','90%-Pre',\r\niif(toString(Confidence_Factor_Id)=='8','90%-Releases',toString(Confidence_Factor_Id)\r\n))))))))) ~> DerReqdColumns\nSrcDmLocation select(mapColumn(\n\t\tLocation_key = Location_Key,\n\t\tLocation_Id,\n\t\tLocation_Name,\n\t\tLocation_City\n\t),\n\tskipDuplicateMapInputs: true,\n\tskipDuplicateMapOutputs: true) ~> SelectReqdLocation\nDerivedId, SelectReqdLocation join(Der_Location_Id == Location_Id,\n\tjoinType:'left',\n\tmatchType:'exact',\n\tignoreSpaces: false,\n\tbroadcast: 'auto')~> JoinLocations\nDerReqdColumns derive(Month_ETD_dt = toString(year(ETD_dt))+'-'+toString(month(ETD_dt)),\n\t\tItem_Unit_Price = replace(Item_Unit_Price,'%',''),\n\t\tPo = toInteger(Po),\n\t\tRelease_quantity = toDecimal(Release_Quantity),\n\t\tLevel_Descr = iif(Confidence_Factor_descr=='75%','Pending Confirmation',iif(Confidence_Factor_descr=='90%','Pending Approval',\r\niif(Confidence_Factor_descr=='Actual','Confirmed',iif(Confidence_Factor_descr=='90%-Pre','Confirmed',\r\niif(Confidence_Factor_descr=='90%-Releases','Confirmed',''\r\n\r\n))\r\n))),\n\t\tPrice_Sticker_Desc = iif(like(Sticker_Requirements,'%$%'),substring(Sticker_Requirements,instr(Sticker_Requirements,'$'), \r\ninstr(Sticker_Requirements, ' ')),'No Sticker'),\n\t\tFinal_Destination_Container = Location_City+'-'+Location_Name,\n\t\tPrice_Sticker_Id = toDecimal(Price_Sticker_Id),\n\t\tcreated_By = 'ETL',\n\t\tcreated_Timestamp = currentTimestamp(),\n\t\tLast_Updated_By = 'ETL',\n\t\tLast_Update_Timestamp = currentTimestamp(),\n\t\tDer_Closed_Script = 'T') ~> DerMonthETd\nJoinLocations, SelectCustomers join(Der_Customer_Id == Customer_Id,\n\tjoinType:'left',\n\tmatchType:'exact',\n\tignoreSpaces: false,\n\tbroadcast: 'auto')~> JoinCustomers\nJoinCustomers, SelectReqdProduct join(Der_Item_Id == Item_Id,\n\tjoinType:'left',\n\tmatchType:'exact',\n\tignoreSpaces: false,\n\tbroadcast: 'auto')~> JoinItems\nJoinItems, SelectSalesReps join(Der_Sales_Rep_Id == Sales_Rep_Id,\n\tjoinType:'left',\n\tmatchType:'exact',\n\tignoreSpaces: false,\n\tbroadcast: 'auto')~> JoinSalesRep\nJoinSalesRep select(mapColumn(\n\t\tEstimate_Key = Estimate_Estimate_Key,\n\t\tTransaction_Id = Estimate_Transaction_Id,\n\t\tTransaction_Line_Id = Estimate_Transaction_Line_Id,\n\t\tMemo = Estimate_Memo,\n\t\tSticker_Requirements = Estimate_Sticker_Requirements,\n\t\tInner_Requirements = Estimate_Inner_Requirements,\n\t\tCustomer_Requirements = Estimate_Customer_Requirements,\n\t\tSales_Program = Estimate_Sales_Program,\n\t\tBuyer_Dept = Estimate_Buyer_Dept,\n\t\tBuyer_Confirmed_On = Estimate_Buyer_Confirmed_On,\n\t\tDept_Program = Estimate_Dept_Program,\n\t\tProgram_0 = Estimate_Program_0,\n\t\tCancelled = Estimate_Cancelled,\n\t\tConfidence_Factor_Id = Estimate_Confidence_Factor_Id,\n\t\tCompany_Id = Estimate_Company_Id,\n\t\tItem_Id = Estimate_Item_Id,\n\t\tLocation_Id = Estimate_Location_Id,\n\t\tSales_Rep_Id = Estimate_Sales_Rep_Id,\n\t\tTranId = Estimate_TranId,\n\t\tPrice_Sticker_Id = Estimate_Price_Sticker_Id,\n\t\tPo = Estimate_Po,\n\t\tRelease_Order_Number = Estimate_Release_Order_Number,\n\t\tCntnr_ = Estimate_Cntnr_,\n\t\tEtd_Ship_Date = Estimate_Etd_Ship_Date,\n\t\tShip_Date_Outbound = Estimate_Ship_Date_Outbound,\n\t\tCancel_Date_Outbound = Estimate_Cancel_Date_Outbound,\n\t\tExpiration_Date = Estimate_Expiration_Date,\n\t\tItem_Count = Estimate_Item_Count,\n\t\tInner_Qty = Estimate_Inner_Qty,\n\t\tRelease_Quantity = Estimate_Release_Quantity,\n\t\tQuantity_Received_In_Shipment = Estimate_Quantity_Received_In_Shipment,\n\t\tItem_Unit_Price = Estimate_Item_Unit_Price,\n\t\tAmount = Estimate_Amount,\n\t\tEta_Arrival_Date = Estimate_Eta_Arrival_Date,\n\t\tDelete_Flag = Estimate_Delete_Flag,\n\t\tActive_Flag = Estimate_Active_Flag,\n\t\tCreate_Date = Estimate_Create_Date,\n\t\tDate_Created = Estimate_Date_Created,\n\t\tDate_Last_Modified_Gmt = Estimate_Date_Last_Modified_Gmt,\n\t\tCreated_By = Estimate_Created_By,\n\t\tCreated_Timestamp = Estimate_Created_Timestamp,\n\t\tLast_Updated_By = Estimate_Last_Updated_By,\n\t\tLast_Update_Timestamp = Estimate_Last_Update_Timestamp,\n\t\tClosed_Script = Estimate_Closed_Script,\n\t\tLocation_Id = Der_Location_Id,\n\t\ttem_Id = Der_Item_Id,\n\t\tCustomer_Id = Der_Customer_Id,\n\t\tSales_Rep_Id = Der_Sales_Rep_Id,\n\t\tLocation_key,\n\t\tLocation_Name,\n\t\tCustomer_Key,\n\t\tItem_Key,\n\t\tSales_Rep_key,\n\t\tLocation_City\n\t),\n\tskipDuplicateMapInputs: true,\n\tskipDuplicateMapOutputs: true) ~> SelectReqdColumns\nDerMonthETd select(mapColumn(\n\t\tTransaction_Id,\n\t\tTransaction_Line_Id,\n\t\tMemo_Descr = Memo,\n\t\tSticker_Requirements_Descr = Sticker_Requirements,\n\t\tInner_Requirements_Descr = Inner_Requirements,\n\t\tCustomer_Requirements_Descr = Customer_Requirements,\n\t\tSales_Program_Descr = Sales_Program,\n\t\tBuyer_Dept_Descr = Buyer_Dept,\n\t\tBuyer_Confirmed_On,\n\t\tDept_Program_Descr = Dept_Program,\n\t\tProgram_Descr = Program_0,\n\t\tCancelled_Descr = Cancelled,\n\t\tCompany_Id,\n\t\tItem_Id,\n\t\tLocation_Id,\n\t\tSales_Rep_Id,\n\t\tDocumnet_Nbr = TranId,\n\t\tPrice_Sticker_Id,\n\t\tPo_Nbr = Po,\n\t\tRelease_Order_Number,\n\t\tCntnr_Nbr = Cntnr_,\n\t\tEtd_Ship_Date,\n\t\tShip_Date_Outbound,\n\t\tCancel_Date_Outbound,\n\t\tExpiration_Date,\n\t\tItem_Count,\n\t\tInner_Qty,\n\t\tQuantity_Received_In_Shipment,\n\t\tItem_Unit_Price,\n\t\tAmount,\n\t\tEta_Arrival_Date,\n\t\tDelete_Flag,\n\t\tActive_Flag,\n\t\tCreate_Date,\n\t\tDate_Created,\n\t\tDate_Last_Modified_Gmt,\n\t\tClosed_Script = Der_Closed_Script,\n\t\ttem_Id,\n\t\tCustomer_Id,\n\t\tLocation_key,\n\t\tLocation_Name,\n\t\tCustomer_Key,\n\t\tItem_Key,\n\t\tSales_Rep_key,\n\t\tETD_dt,\n\t\tMonth_Ship_dt,\n\t\tMS_Domestic_Ship_Date,\n\t\tMS_Domestic_Cancel_Date,\n\t\tSticker_Requirement_Purchase_descr,\n\t\tConfidence_Factor_descr,\n\t\tMonth_ETD_dt,\n\t\tRelease_quantity = DerMonthETd@Release_quantity,\n\t\tLevel_Descr,\n\t\tPrice_Sticker_Desc,\n\t\tFinal_Destination_Container,\n\t\tcreated_By = DerMonthETd@created_By,\n\t\tcreated_Timestamp = DerMonthETd@created_Timestamp,\n\t\tLast_Updated_By,\n\t\tLast_Update_Timestamp\n\t),\n\tskipDuplicateMapInputs: true,\n\tskipDuplicateMapOutputs: true) ~> SelectReqd\nSrcDmProduct select(mapColumn(\n\t\tItem_Key,\n\t\tItem_Id\n\t),\n\tskipDuplicateMapInputs: true,\n\tskipDuplicateMapOutputs: true) ~> SelectReqdProduct\nSrcDmCustomer select(mapColumn(\n\t\tCustomer_Key,\n\t\tCustomer_Id\n\t),\n\tskipDuplicateMapInputs: true,\n\tskipDuplicateMapOutputs: true) ~> SelectCustomers\nSrcDmSalesReps select(mapColumn(\n\t\tSales_Rep_key,\n\t\tSales_Rep_Id\n\t),\n\tskipDuplicateMapInputs: true,\n\tskipDuplicateMapOutputs: true) ~> SelectSalesReps\nSelectReqdSrc derive(Der_Location_Id = iifNull(Estimate_Location_Id, -1, Estimate_Location_Id),\n\t\tDer_Item_Id = iifNull(Estimate_Item_Id, -1, Estimate_Item_Id),\n\t\tDer_Customer_Id = iifNull(Estimate_Company_Id, -1, Estimate_Company_Id),\n\t\tDer_Sales_Rep_Id = iifNull(Estimate_Sales_Rep_Id, -1, Estimate_Sales_Rep_Id)) ~> DerivedId\nSrcEdlEstimate select(mapColumn(\n\t\tEstimate_Estimate_Key,\n\t\tEstimate_Transaction_Id,\n\t\tEstimate_Transaction_Line_Id,\n\t\tEstimate_Memo,\n\t\tEstimate_Sticker_Requirements,\n\t\tEstimate_Inner_Requirements,\n\t\tEstimate_Customer_Requirements,\n\t\tEstimate_Sales_Program,\n\t\tEstimate_Buyer_Dept,\n\t\tEstimate_Buyer_Confirmed_On,\n\t\tEstimate_Dept_Program,\n\t\tEstimate_Program_0,\n\t\tEstimate_Cancelled,\n\t\tEstimate_Confidence_Factor_Id,\n\t\tEstimate_Company_Id,\n\t\tEstimate_Item_Id,\n\t\tEstimate_Location_Id,\n\t\tEstimate_Sales_Rep_Id,\n\t\tEstimate_TranId,\n\t\tEstimate_Price_Sticker_Id,\n\t\tEstimate_Po,\n\t\tEstimate_Release_Order_Number,\n\t\tEstimate_Cntnr_,\n\t\tEstimate_Etd_Ship_Date,\n\t\tEstimate_Ship_Date_Outbound,\n\t\tEstimate_Cancel_Date_Outbound,\n\t\tEstimate_Expiration_Date,\n\t\tEstimate_Item_Count,\n\t\tEstimate_Inner_Qty,\n\t\tEstimate_Release_Quantity,\n\t\tEstimate_Quantity_Received_In_Shipment,\n\t\tEstimate_Item_Unit_Price,\n\t\tEstimate_Amount,\n\t\tEstimate_Eta_Arrival_Date,\n\t\tEstimate_Delete_Flag,\n\t\tEstimate_Active_Flag,\n\t\tEstimate_Create_Date,\n\t\tEstimate_Date_Created,\n\t\tEstimate_Date_Last_Modified_Gmt,\n\t\tEstimate_Created_By,\n\t\tEstimate_Created_Timestamp,\n\t\tEstimate_Last_Updated_By,\n\t\tEstimate_Last_Update_Timestamp,\n\t\tEstimate_Closed_Script\n\t),\n\tskipDuplicateMapInputs: true,\n\tskipDuplicateMapOutputs: true) ~> SelectReqdSrc\nSelectReqd sink(allowSchemaDrift: true,\n\tvalidateSchema: false,\n\tinput(\n\t\tTransaction_Id as integer,\n\t\tTransaction_Line_Id as integer,\n\t\tMemo_Descr as string,\n\t\tSticker_Requirement_Descr as string,\n\t\tInner_Requirement_Descr as string,\n\t\tCustomer_Requirement_Descr as string,\n\t\tSales_Program_Descr as string,\n\t\tBuyer_Dept_descr as string,\n\t\tBuyer_Confirmed_On as timestamp,\n\t\tDept_Program_Descr as string,\n\t\tProgram_Descr as string,\n\t\tCancelled_Descr as string,\n\t\tSticker_Requirement_Purchase_Descr as string,\n\t\tConfidence_Factor_Descr as string,\n\t\tLevel_Descr as string,\n\t\tFinal_Destination_Container as string,\n\t\tPrice_Sticker_Descr as string,\n\t\tCustomer_key as integer,\n\t\tItem_key as integer,\n\t\tSales_Rep_key as integer,\n\t\tLocation_key as integer,\n\t\tDocument_Nbr as string,\n\t\tPrice_Sticker_Id as decimal(19,2),\n\t\tPo_Nbr as integer,\n\t\tRelease_Order_Nbr as string,\n\t\tCntnr_Nbr as string,\n\t\tEtd_Ship_Dt as string,\n\t\tShip_Outbound_Dt as string,\n\t\tCancel_Outbound_Dt as string,\n\t\tExpiration_Dt as timestamp,\n\t\tEta_Arrival_Date as string,\n\t\tMonth_Ship_Dt as string,\n\t\tEtd_Dt as timestamp,\n\t\tMonth_Etd_Dt as string,\n\t\tMs_Domestic_Ship_Date as timestamp,\n\t\tMs_Domestic_Cancel_Date as timestamp,\n\t\tItem_Qty as decimal(19,2),\n\t\tInner_Qty as string,\n\t\tRelease_Qty as decimal(19,2),\n\t\tItem_Unit_Price as string,\n\t\tAmount as decimal(19,2),\n\t\tDelete_Flg as string,\n\t\tCreate_Date as timestamp,\n\t\tDate_Created as timestamp,\n\t\tDate_Last_Modified_Gmt as timestamp,\n\t\tCreated_By as string,\n\t\tCreated_Timestamp as timestamp,\n\t\tLast_Updated_By as string,\n\t\tLast_Update_Timestamp as timestamp,\n\t\tQuantity_Received_In_Shipment as decimal(19,2),\n\t\tClosed_Script as string\n\t),\n\tformat: 'table',\n\tstore: 'synapseanalytics',\n\tschemaName: 'stage',\n\ttableName: 'Stg_PurchaseOrder',\n\tinsertable: true,\n\tupdateable: false,\n\tdeletable: false,\n\tupsertable: false,\n\tstaged: true,\n\tskipDuplicateMapInputs: true,\n\tskipDuplicateMapOutputs: true,\n\terrorHandlingOption: 'stopOnFirstError',\n\tmapColumn(\n\t\tTransaction_Id,\n\t\tTransaction_Line_Id,\n\t\tMemo_Descr,\n\t\tSticker_Requirement_Descr = Sticker_Requirements_Descr,\n\t\tInner_Requirement_Descr = Inner_Requirements_Descr,\n\t\tCustomer_Requirement_Descr = Customer_Requirements_Descr,\n\t\tSales_Program_Descr,\n\t\tBuyer_Dept_descr = Buyer_Dept_Descr,\n\t\tBuyer_Confirmed_On,\n\t\tDept_Program_Descr,\n\t\tProgram_Descr,\n\t\tCancelled_Descr,\n\t\tSticker_Requirement_Purchase_Descr = Sticker_Requirement_Purchase_descr,\n\t\tConfidence_Factor_Descr = Confidence_Factor_descr,\n\t\tLevel_Descr,\n\t\tFinal_Destination_Container,\n\t\tPrice_Sticker_Descr = Price_Sticker_Desc,\n\t\tCustomer_key = Customer_Key,\n\t\tItem_key = Item_Key,\n\t\tSales_Rep_key,\n\t\tLocation_key,\n\t\tDocument_Nbr = Documnet_Nbr,\n\t\tPrice_Sticker_Id,\n\t\tPo_Nbr,\n\t\tRelease_Order_Nbr = Release_Order_Number,\n\t\tCntnr_Nbr,\n\t\tEtd_Ship_Dt = Etd_Ship_Date,\n\t\tShip_Outbound_Dt = Ship_Date_Outbound,\n\t\tCancel_Outbound_Dt = Cancel_Date_Outbound,\n\t\tExpiration_Dt = Expiration_Date,\n\t\tEta_Arrival_Date,\n\t\tMonth_Ship_Dt = Month_Ship_dt,\n\t\tEtd_Dt = ETD_dt,\n\t\tMonth_Etd_Dt = Month_ETD_dt,\n\t\tMs_Domestic_Ship_Date = MS_Domestic_Ship_Date,\n\t\tMs_Domestic_Cancel_Date = MS_Domestic_Cancel_Date,\n\t\tItem_Qty = Item_Count,\n\t\tInner_Qty,\n\t\tRelease_Qty = Release_quantity,\n\t\tItem_Unit_Price,\n\t\tAmount,\n\t\tDelete_Flg = Delete_Flag,\n\t\tCreate_Date,\n\t\tDate_Created,\n\t\tDate_Last_Modified_Gmt,\n\t\tCreated_By = created_By,\n\t\tCreated_Timestamp = created_Timestamp,\n\t\tLast_Updated_By,\n\t\tLast_Update_Timestamp,\n\t\tQuantity_Received_In_Shipment,\n\t\tClosed_Script\n\t)) ~> sinkStgPurchaseorder"
		}
	}
}