{
	"name": "GADC_Load",
	"properties": {
		"annotations": [],
		"runtimeState": "Started",
		"pipelines": [
			{
				"pipelineReference": {
					"referenceName": "PlNetSuite_v2_Prod",
					"type": "PipelineReference"
				}
			}
		],
		"type": "ScheduleTrigger",
		"typeProperties": {
			"recurrence": {
				"frequency": "Day",
				"interval": 1,
				"startTime": "2023-03-28T04:17:00",
				"timeZone": "Pacific Standard Time",
				"schedule": {
					"minutes": [
						0,
						15,
						30,
						45
					],
					"hours": [
						1,
						2,
						3,
						4,
						5,
						6,
						7,
						8,
						9,
						10,
						12,
						13,
						14,
						15,
						16,
						17,
						18,
						19,
						20,
						21,
						22,
						23,
						11
					]
				}
			}
		}
	}
}